"sggcd","year","type","class1","class2","unit","value"
"11010",2010,"population","fertility","total","births",0.837
"11010",2015,"population","fertility","total","births",0.813
"11010",2020,"population","fertility","total","births",0.522
"11020",2010,"population","fertility","total","births",1.055
"11020",2015,"population","fertility","total","births",0.946
"11020",2020,"population","fertility","total","births",0.688
"11030",2010,"population","fertility","total","births",1.017
"11030",2015,"population","fertility","total","births",1.005
"11030",2020,"population","fertility","total","births",0.634
"11040",2010,"population","fertility","total","births",1.029
"11040",2015,"population","fertility","total","births",1.095
"11040",2020,"population","fertility","total","births",0.783
"11050",2010,"population","fertility","total","births",0.935
"11050",2015,"population","fertility","total","births",0.903
"11050",2020,"population","fertility","total","births",0.527
"11060",2010,"population","fertility","total","births",0.941
"11060",2015,"population","fertility","total","births",0.96
"11060",2020,"population","fertility","total","births",0.699
"11070",2010,"population","fertility","total","births",1.01
"11070",2015,"population","fertility","total","births",1.051
"11070",2020,"population","fertility","total","births",0.66
"11080",2010,"population","fertility","total","births",1.048
"11080",2015,"population","fertility","total","births",0.991
"11080",2020,"population","fertility","total","births",0.676
"11090",2010,"population","fertility","total","births",0.996
"11090",2015,"population","fertility","total","births",0.922
"11090",2020,"population","fertility","total","births",0.55
"11100",2010,"population","fertility","total","births",1.104
"11100",2015,"population","fertility","total","births",1.01
"11100",2020,"population","fertility","total","births",0.601
"11110",2010,"population","fertility","total","births",1.1
"11110",2015,"population","fertility","total","births",1.096
"11110",2020,"population","fertility","total","births",0.695
"11120",2010,"population","fertility","total","births",1.02
"11120",2015,"population","fertility","total","births",1.003
"11120",2020,"population","fertility","total","births",0.623
"11130",2010,"population","fertility","total","births",0.971
"11130",2015,"population","fertility","total","births",0.913
"11130",2020,"population","fertility","total","births",0.685
"11140",2010,"population","fertility","total","births",0.955
"11140",2015,"population","fertility","total","births",0.986
"11140",2020,"population","fertility","total","births",0.594
"11150",2010,"population","fertility","total","births",0.974
"11150",2015,"population","fertility","total","births",1.034
"11150",2020,"population","fertility","total","births",0.644
"11160",2010,"population","fertility","total","births",1.085
"11160",2015,"population","fertility","total","births",1.129
"11160",2020,"population","fertility","total","births",0.675
"11170",2010,"population","fertility","total","births",1.197
"11170",2015,"population","fertility","total","births",1.169
"11170",2020,"population","fertility","total","births",0.737
"11180",2010,"population","fertility","total","births",1.011
"11180",2015,"population","fertility","total","births",1.086
"11180",2020,"population","fertility","total","births",0.668
"11190",2010,"population","fertility","total","births",1.128
"11190",2015,"population","fertility","total","births",1.085
"11190",2020,"population","fertility","total","births",0.705
"11200",2010,"population","fertility","total","births",0.989
"11200",2015,"population","fertility","total","births",1.012
"11200",2020,"population","fertility","total","births",0.655
"11210",2010,"population","fertility","total","births",0.881
"11210",2015,"population","fertility","total","births",0.833
"11210",2020,"population","fertility","total","births",0.474
"11220",2010,"population","fertility","total","births",1.068
"11220",2015,"population","fertility","total","births",1.012
"11220",2020,"population","fertility","total","births",0.656
"11230",2010,"population","fertility","total","births",0.862
"11230",2015,"population","fertility","total","births",0.857
"11230",2020,"population","fertility","total","births",0.537
"11240",2010,"population","fertility","total","births",1.058
"11240",2015,"population","fertility","total","births",1.008
"11240",2020,"population","fertility","total","births",0.665
"11250",2010,"population","fertility","total","births",1.096
"11250",2015,"population","fertility","total","births",1.036
"11250",2020,"population","fertility","total","births",0.748
"21010",2010,"population","fertility","total","births",1.039
"21010",2015,"population","fertility","total","births",0.925
"21010",2020,"population","fertility","total","births",0.445
"21020",2010,"population","fertility","total","births",0.78
"21020",2015,"population","fertility","total","births",0.899
"21020",2020,"population","fertility","total","births",0.661
"21030",2010,"population","fertility","total","births",0.935
"21030",2015,"population","fertility","total","births",0.929
"21030",2020,"population","fertility","total","births",0.728
"21040",2010,"population","fertility","total","births",0.922
"21040",2015,"population","fertility","total","births",0.899
"21040",2020,"population","fertility","total","births",0.577
"21050",2010,"population","fertility","total","births",1.034
"21050",2015,"population","fertility","total","births",1.079
"21050",2020,"population","fertility","total","births",0.621
"21060",2010,"population","fertility","total","births",0.976
"21060",2015,"population","fertility","total","births",1.026
"21060",2020,"population","fertility","total","births",0.801
"21070",2010,"population","fertility","total","births",1.067
"21070",2015,"population","fertility","total","births",1.049
"21070",2020,"population","fertility","total","births",0.675
"21080",2010,"population","fertility","total","births",1.08
"21080",2015,"population","fertility","total","births",1.209
"21080",2020,"population","fertility","total","births",0.771
"21090",2010,"population","fertility","total","births",1.053
"21090",2015,"population","fertility","total","births",1.081
"21090",2020,"population","fertility","total","births",0.736
"21100",2010,"population","fertility","total","births",1.133
"21100",2015,"population","fertility","total","births",1.199
"21100",2020,"population","fertility","total","births",0.758
"21110",2010,"population","fertility","total","births",0.928
"21110",2015,"population","fertility","total","births",1.009
"21110",2020,"population","fertility","total","births",0.625
"21120",2010,"population","fertility","total","births",1.483
"21120",2015,"population","fertility","total","births",1.982
"21120",2020,"population","fertility","total","births",1.259
"21130",2010,"population","fertility","total","births",1.004
"21130",2015,"population","fertility","total","births",1.075
"21130",2020,"population","fertility","total","births",0.793
"21140",2010,"population","fertility","total","births",0.912
"21140",2015,"population","fertility","total","births",1.045
"21140",2020,"population","fertility","total","births",0.656
"21150",2010,"population","fertility","total","births",1.129
"21150",2015,"population","fertility","total","births",1.241
"21150",2020,"population","fertility","total","births",0.679
"21310",2010,"population","fertility","total","births",1.533
"21310",2015,"population","fertility","total","births",1.771
"21310",2020,"population","fertility","total","births",1.086
"22010",2010,"population","fertility","total","births",0.872
"22010",2015,"population","fertility","total","births",1.157
"22010",2020,"population","fertility","total","births",0.788
"22020",2010,"population","fertility","total","births",1.185
"22020",2015,"population","fertility","total","births",1.322
"22020",2020,"population","fertility","total","births",0.82
"22030",2010,"population","fertility","total","births",0.828
"22030",2015,"population","fertility","total","births",0.985
"22030",2020,"population","fertility","total","births",0.497
"22040",2010,"population","fertility","total","births",0.822
"22040",2015,"population","fertility","total","births",0.934
"22040",2020,"population","fertility","total","births",0.567
"22050",2010,"population","fertility","total","births",1.228
"22050",2015,"population","fertility","total","births",1.349
"22050",2020,"population","fertility","total","births",0.875
"22060",2010,"population","fertility","total","births",0.944
"22060",2015,"population","fertility","total","births",1.013
"22060",2020,"population","fertility","total","births",0.628
"22070",2010,"population","fertility","total","births",1.193
"22070",2015,"population","fertility","total","births",1.26
"22070",2020,"population","fertility","total","births",0.743
"22310",2010,"population","fertility","total","births",1.535
"22310",2015,"population","fertility","total","births",1.535
"22310",2020,"population","fertility","total","births",1.321
"23010",2010,"population","fertility","total","births",1.3
"23010",2015,"population","fertility","total","births",1.299
"23010",2020,"population","fertility","total","births",0.816
"23020",2010,"population","fertility","total","births",1.253
"23020",2015,"population","fertility","total","births",1.325
"23020",2020,"population","fertility","total","births",0.697
"23030",2010,"population","fertility","total","births",1.146
"23030",2015,"population","fertility","total","births",1.127
"23030",2020,"population","fertility","total","births",NA
"23040",2010,"population","fertility","total","births",1.207
"23040",2015,"population","fertility","total","births",1.215
"23040",2020,"population","fertility","total","births",0.946
"23050",2010,"population","fertility","total","births",1.211
"23050",2015,"population","fertility","total","births",1.24
"23050",2020,"population","fertility","total","births",0.808
"23060",2010,"population","fertility","total","births",1.168
"23060",2015,"population","fertility","total","births",1.177
"23060",2020,"population","fertility","total","births",0.713
"23070",2010,"population","fertility","total","births",1.244
"23070",2015,"population","fertility","total","births",1.126
"23070",2020,"population","fertility","total","births",0.669
"23080",2010,"population","fertility","total","births",1.329
"23080",2015,"population","fertility","total","births",1.35
"23080",2020,"population","fertility","total","births",0.95
"23310",2010,"population","fertility","total","births",1.177
"23310",2015,"population","fertility","total","births",1.081
"23310",2020,"population","fertility","total","births",1.312
"23320",2010,"population","fertility","total","births",1.569
"23320",2015,"population","fertility","total","births",1.339
"23320",2020,"population","fertility","total","births",1.125
"24010",2010,"population","fertility","total","births",0.874
"24010",2015,"population","fertility","total","births",1.072
"24010",2020,"population","fertility","total","births",0.802
"24020",2010,"population","fertility","total","births",1.12
"24020",2015,"population","fertility","total","births",1.03
"24020",2020,"population","fertility","total","births",0.712
"24030",2010,"population","fertility","total","births",1.084
"24030",2015,"population","fertility","total","births",1.089
"24030",2020,"population","fertility","total","births",0.753
"24040",2010,"population","fertility","total","births",1.176
"24040",2015,"population","fertility","total","births",1.235
"24040",2020,"population","fertility","total","births",0.827
"24050",2010,"population","fertility","total","births",1.594
"24050",2015,"population","fertility","total","births",1.427
"24050",2020,"population","fertility","total","births",0.9
"25010",2010,"population","fertility","total","births",1.205
"25010",2015,"population","fertility","total","births",1.258
"25010",2020,"population","fertility","total","births",0.787
"25020",2010,"population","fertility","total","births",1.126
"25020",2015,"population","fertility","total","births",1.165
"25020",2020,"population","fertility","total","births",0.697
"25030",2010,"population","fertility","total","births",1.129
"25030",2015,"population","fertility","total","births",1.223
"25030",2020,"population","fertility","total","births",0.785
"25040",2010,"population","fertility","total","births",1.383
"25040",2015,"population","fertility","total","births",1.463
"25040",2020,"population","fertility","total","births",0.906
"25050",2010,"population","fertility","total","births",1.254
"25050",2015,"population","fertility","total","births",1.216
"25050",2020,"population","fertility","total","births",0.752
"26010",2010,"population","fertility","total","births",1.151
"26010",2015,"population","fertility","total","births",1.327
"26010",2020,"population","fertility","total","births",0.77
"26020",2010,"population","fertility","total","births",1.229
"26020",2015,"population","fertility","total","births",1.356
"26020",2020,"population","fertility","total","births",0.876
"26030",2010,"population","fertility","total","births",1.441
"26030",2015,"population","fertility","total","births",1.622
"26030",2020,"population","fertility","total","births",0.882
"26040",2010,"population","fertility","total","births",1.672
"26040",2015,"population","fertility","total","births",1.695
"26040",2020,"population","fertility","total","births",1.254
"26310",2010,"population","fertility","total","births",1.548
"26310",2015,"population","fertility","total","births",1.579
"26310",2020,"population","fertility","total","births",1.157
"29010",2010,"population","fertility","total","births",NA
"29010",2015,"population","fertility","total","births",1.893
"29010",2020,"population","fertility","total","births",1.277
"31010",2010,"population","fertility","total","births",1.226
"31010",2015,"population","fertility","total","births",1.292
"31010",2020,"population","fertility","total","births",0.796
"31011",2010,"population","fertility","total","births",1.217
"31011",2015,"population","fertility","total","births",1.247
"31011",2020,"population","fertility","total","births",0.714
"31012",2010,"population","fertility","total","births",1.185
"31012",2015,"population","fertility","total","births",1.291
"31012",2020,"population","fertility","total","births",0.837
"31013",2010,"population","fertility","total","births",1.087
"31013",2015,"population","fertility","total","births",1.039
"31013",2020,"population","fertility","total","births",0.617
"31014",2010,"population","fertility","total","births",1.397
"31014",2015,"population","fertility","total","births",1.465
"31014",2020,"population","fertility","total","births",0.871
"31020",2010,"population","fertility","total","births",1.17
"31020",2015,"population","fertility","total","births",1.159
"31020",2020,"population","fertility","total","births",0.767
"31021",2010,"population","fertility","total","births",1.143
"31021",2015,"population","fertility","total","births",1.116
"31021",2020,"population","fertility","total","births",0.793
"31022",2010,"population","fertility","total","births",1.1
"31022",2015,"population","fertility","total","births",1.096
"31022",2020,"population","fertility","total","births",0.758
"31023",2010,"population","fertility","total","births",1.225
"31023",2015,"population","fertility","total","births",1.208
"31023",2020,"population","fertility","total","births",0.756
"31030",2010,"population","fertility","total","births",1.18
"31030",2015,"population","fertility","total","births",1.104
"31030",2020,"population","fertility","total","births",0.795
"31040",2010,"population","fertility","total","births",1.186
"31040",2015,"population","fertility","total","births",1.177
"31040",2020,"population","fertility","total","births",0.87
"31041",2010,"population","fertility","total","births",1.127
"31041",2015,"population","fertility","total","births",1.089
"31041",2020,"population","fertility","total","births",0.862
"31042",2010,"population","fertility","total","births",1.232
"31042",2015,"population","fertility","total","births",1.238
"31042",2020,"population","fertility","total","births",0.876
"31050",2010,"population","fertility","total","births",1.172
"31050",2015,"population","fertility","total","births",1.072
"31050",2020,"population","fertility","total","births",0.745
"31051",2010,"population","fertility","total","births",1.172
"31051",2015,"population","fertility","total","births",1.107
"31051",2020,"population","fertility","total","births",NA
"31052",2010,"population","fertility","total","births",1.176
"31052",2015,"population","fertility","total","births",1.041
"31052",2020,"population","fertility","total","births",NA
"31053",2010,"population","fertility","total","births",1.171
"31053",2015,"population","fertility","total","births",1.01
"31053",2020,"population","fertility","total","births",NA
"31060",2010,"population","fertility","total","births",1.336
"31060",2015,"population","fertility","total","births",1.235
"31060",2020,"population","fertility","total","births",0.823
"31070",2010,"population","fertility","total","births",1.447
"31070",2015,"population","fertility","total","births",1.469
"31070",2020,"population","fertility","total","births",1.061
"31080",2010,"population","fertility","total","births",1.45
"31080",2015,"population","fertility","total","births",1.292
"31080",2020,"population","fertility","total","births",0.809
"31090",2010,"population","fertility","total","births",1.251
"31090",2015,"population","fertility","total","births",1.219
"31090",2020,"population","fertility","total","births",0.869
"31091",2010,"population","fertility","total","births",1.24
"31091",2015,"population","fertility","total","births",1.268
"31091",2020,"population","fertility","total","births",0.804
"31092",2010,"population","fertility","total","births",1.263
"31092",2015,"population","fertility","total","births",1.159
"31092",2020,"population","fertility","total","births",0.939
"31100",2010,"population","fertility","total","births",1.165
"31100",2015,"population","fertility","total","births",1.161
"31100",2020,"population","fertility","total","births",0.788
"31101",2010,"population","fertility","total","births",1.275
"31101",2015,"population","fertility","total","births",1.239
"31101",2020,"population","fertility","total","births",0.879
"31102",2010,"population","fertility","total","births",NA
"31102",2015,"population","fertility","total","births",NA
"31102",2020,"population","fertility","total","births",NA
"31103",2010,"population","fertility","total","births",1.027
"31103",2015,"population","fertility","total","births",1.041
"31103",2020,"population","fertility","total","births",0.663
"31104",2010,"population","fertility","total","births",1.149
"31104",2015,"population","fertility","total","births",1.175
"31104",2020,"population","fertility","total","births",0.766
"31110",2010,"population","fertility","total","births",1.148
"31110",2015,"population","fertility","total","births",1.099
"31110",2020,"population","fertility","total","births",0.993
"31120",2010,"population","fertility","total","births",1.232
"31120",2015,"population","fertility","total","births",1.159
"31120",2020,"population","fertility","total","births",0.784
"31130",2010,"population","fertility","total","births",1.349
"31130",2015,"population","fertility","total","births",1.255
"31130",2020,"population","fertility","total","births",0.868
"31140",2010,"population","fertility","total","births",1.589
"31140",2015,"population","fertility","total","births",1.458
"31140",2020,"population","fertility","total","births",0.919
"31150",2010,"population","fertility","total","births",1.478
"31150",2015,"population","fertility","total","births",1.306
"31150",2020,"population","fertility","total","births",0.979
"31160",2010,"population","fertility","total","births",1.451
"31160",2015,"population","fertility","total","births",1.422
"31160",2020,"population","fertility","total","births",0.912
"31170",2010,"population","fertility","total","births",1.312
"31170",2015,"population","fertility","total","births",1.209
"31170",2020,"population","fertility","total","births",0.886
"31180",2010,"population","fertility","total","births",1.199
"31180",2015,"population","fertility","total","births",1.076
"31180",2020,"population","fertility","total","births",0.887
"31190",2010,"population","fertility","total","births",1.331
"31190",2015,"population","fertility","total","births",1.316
"31190",2020,"population","fertility","total","births",0.907
"31191",2010,"population","fertility","total","births",1.36
"31191",2015,"population","fertility","total","births",1.316
"31191",2020,"population","fertility","total","births",0.925
"31192",2010,"population","fertility","total","births",1.404
"31192",2015,"population","fertility","total","births",1.376
"31192",2020,"population","fertility","total","births",0.904
"31193",2010,"population","fertility","total","births",1.188
"31193",2015,"population","fertility","total","births",1.233
"31193",2020,"population","fertility","total","births",0.892
"31200",2010,"population","fertility","total","births",1.532
"31200",2015,"population","fertility","total","births",1.443
"31200",2020,"population","fertility","total","births",0.917
"31210",2010,"population","fertility","total","births",1.483
"31210",2015,"population","fertility","total","births",1.47
"31210",2020,"population","fertility","total","births",0.921
"31220",2010,"population","fertility","total","births",1.436
"31220",2015,"population","fertility","total","births",1.335
"31220",2020,"population","fertility","total","births",0.842
"31230",2010,"population","fertility","total","births",1.324
"31230",2015,"population","fertility","total","births",1.461
"31230",2020,"population","fertility","total","births",0.976
"31240",2010,"population","fertility","total","births",1.83
"31240",2015,"population","fertility","total","births",1.555
"31240",2020,"population","fertility","total","births",1.088
"31250",2010,"population","fertility","total","births",1.345
"31250",2015,"population","fertility","total","births",1.45
"31250",2020,"population","fertility","total","births",0.959
"31260",2010,"population","fertility","total","births",1.442
"31260",2015,"population","fertility","total","births",1.318
"31260",2020,"population","fertility","total","births",0.987
"31270",2010,"population","fertility","total","births",1.307
"31270",2015,"population","fertility","total","births",1.354
"31270",2020,"population","fertility","total","births",0.868
"31280",2010,"population","fertility","total","births",NA
"31280",2015,"population","fertility","total","births",1.336
"31280",2020,"population","fertility","total","births",1.053
"31310",2010,"population","fertility","total","births",NA
"31310",2015,"population","fertility","total","births",NA
"31310",2020,"population","fertility","total","births",NA
"31320",2010,"population","fertility","total","births",1.307
"31320",2015,"population","fertility","total","births",NA
"31320",2020,"population","fertility","total","births",NA
"31330",2010,"population","fertility","total","births",NA
"31330",2015,"population","fertility","total","births",NA
"31330",2020,"population","fertility","total","births",NA
"31340",2010,"population","fertility","total","births",NA
"31340",2015,"population","fertility","total","births",NA
"31340",2020,"population","fertility","total","births",NA
"31350",2010,"population","fertility","total","births",1.521
"31350",2015,"population","fertility","total","births",1.729
"31350",2020,"population","fertility","total","births",1.281
"31360",2010,"population","fertility","total","births",NA
"31360",2015,"population","fertility","total","births",NA
"31360",2020,"population","fertility","total","births",NA
"31370",2010,"population","fertility","total","births",1.32
"31370",2015,"population","fertility","total","births",1.27
"31370",2020,"population","fertility","total","births",1.025
"31380",2010,"population","fertility","total","births",1.223
"31380",2015,"population","fertility","total","births",1.18
"31380",2020,"population","fertility","total","births",0.967
"32010",2010,"population","fertility","total","births",1.233
"32010",2015,"population","fertility","total","births",1.202
"32010",2020,"population","fertility","total","births",0.975
"32020",2010,"population","fertility","total","births",1.327
"32020",2015,"population","fertility","total","births",1.255
"32020",2020,"population","fertility","total","births",0.978
"32030",2010,"population","fertility","total","births",1.173
"32030",2015,"population","fertility","total","births",1.234
"32030",2020,"population","fertility","total","births",0.945
"32040",2010,"population","fertility","total","births",1.282
"32040",2015,"population","fertility","total","births",1.34
"32040",2020,"population","fertility","total","births",1.055
"32050",2010,"population","fertility","total","births",1.475
"32050",2015,"population","fertility","total","births",1.276
"32050",2020,"population","fertility","total","births",1.001
"32060",2010,"population","fertility","total","births",1.337
"32060",2015,"population","fertility","total","births",1.486
"32060",2020,"population","fertility","total","births",1.063
"32070",2010,"population","fertility","total","births",1.236
"32070",2015,"population","fertility","total","births",1.307
"32070",2020,"population","fertility","total","births",1.361
"32310",2010,"population","fertility","total","births",1.35
"32310",2015,"population","fertility","total","births",1.479
"32310",2020,"population","fertility","total","births",1.102
"32320",2010,"population","fertility","total","births",1.315
"32320",2015,"population","fertility","total","births",1.214
"32320",2020,"population","fertility","total","births",0.992
"32330",2010,"population","fertility","total","births",1.274
"32330",2015,"population","fertility","total","births",1.092
"32330",2020,"population","fertility","total","births",1.009
"32340",2010,"population","fertility","total","births",1.245
"32340",2015,"population","fertility","total","births",1.12
"32340",2020,"population","fertility","total","births",0.757
"32350",2010,"population","fertility","total","births",1.185
"32350",2015,"population","fertility","total","births",1.097
"32350",2020,"population","fertility","total","births",1.027
"32360",2010,"population","fertility","total","births",1.722
"32360",2015,"population","fertility","total","births",1.724
"32360",2020,"population","fertility","total","births",1.656
"32370",2010,"population","fertility","total","births",1.754
"32370",2015,"population","fertility","total","births",1.926
"32370",2020,"population","fertility","total","births",1.235
"32380",2010,"population","fertility","total","births",1.641
"32380",2015,"population","fertility","total","births",1.748
"32380",2020,"population","fertility","total","births",1.428
"32390",2010,"population","fertility","total","births",2.004
"32390",2015,"population","fertility","total","births",2.161
"32390",2020,"population","fertility","total","births",1.439
"32400",2010,"population","fertility","total","births",1.197
"32400",2015,"population","fertility","total","births",1.264
"32400",2020,"population","fertility","total","births",1.02
"32410",2010,"population","fertility","total","births",1.312
"32410",2015,"population","fertility","total","births",1.224
"32410",2020,"population","fertility","total","births",0.924
"33010",2010,"population","fertility","total","births",1.34
"33010",2015,"population","fertility","total","births",NA
"33010",2020,"population","fertility","total","births",NA
"33011",2010,"population","fertility","total","births",1.258
"33011",2015,"population","fertility","total","births",NA
"33011",2020,"population","fertility","total","births",NA
"33012",2010,"population","fertility","total","births",1.384
"33012",2015,"population","fertility","total","births",NA
"33012",2020,"population","fertility","total","births",NA
"33020",2010,"population","fertility","total","births",1.346
"33020",2015,"population","fertility","total","births",1.26
"33020",2020,"population","fertility","total","births",1.019
"33030",2010,"population","fertility","total","births",1.343
"33030",2015,"population","fertility","total","births",1.301
"33030",2020,"population","fertility","total","births",1.014
"33040",2010,"population","fertility","total","births",NA
"33040",2015,"population","fertility","total","births",1.444
"33040",2020,"population","fertility","total","births",0.959
"33041",2010,"population","fertility","total","births",NA
"33041",2015,"population","fertility","total","births",1.328
"33041",2020,"population","fertility","total","births",0.976
"33042",2010,"population","fertility","total","births",NA
"33042",2015,"population","fertility","total","births",1.366
"33042",2020,"population","fertility","total","births",0.795
"33043",2010,"population","fertility","total","births",NA
"33043",2015,"population","fertility","total","births",1.416
"33043",2020,"population","fertility","total","births",0.968
"33044",2010,"population","fertility","total","births",NA
"33044",2015,"population","fertility","total","births",1.667
"33044",2020,"population","fertility","total","births",1.075
"33310",2010,"population","fertility","total","births",1.657
"33310",2015,"population","fertility","total","births",NA
"33310",2020,"population","fertility","total","births",NA
"33320",2010,"population","fertility","total","births",1.281
"33320",2015,"population","fertility","total","births",1.536
"33320",2020,"population","fertility","total","births",1.184
"33330",2010,"population","fertility","total","births",1.248
"33330",2015,"population","fertility","total","births",1.254
"33330",2020,"population","fertility","total","births",1
"33340",2010,"population","fertility","total","births",1.45
"33340",2015,"population","fertility","total","births",1.21
"33340",2020,"population","fertility","total","births",1.364
"33350",2010,"population","fertility","total","births",1.639
"33350",2015,"population","fertility","total","births",1.62
"33350",2020,"population","fertility","total","births",1.174
"33360",2010,"population","fertility","total","births",1.242
"33360",2015,"population","fertility","total","births",0.98
"33360",2020,"population","fertility","total","births",0.672
"33370",2010,"population","fertility","total","births",1.562
"33370",2015,"population","fertility","total","births",1.517
"33370",2020,"population","fertility","total","births",0.911
"33380",2010,"population","fertility","total","births",1.225
"33380",2015,"population","fertility","total","births",1.226
"33380",2020,"population","fertility","total","births",0.781
"33390",2010,"population","fertility","total","births",1.773
"33390",2015,"population","fertility","total","births",1.832
"33390",2020,"population","fertility","total","births",1.005
"34010",2010,"population","fertility","total","births",1.391
"34010",2015,"population","fertility","total","births",1.38
"34010",2020,"population","fertility","total","births",0.98
"34011",2010,"population","fertility","total","births",1.35
"34011",2015,"population","fertility","total","births",1.32
"34011",2020,"population","fertility","total","births",0.878
"34012",2010,"population","fertility","total","births",1.422
"34012",2015,"population","fertility","total","births",1.417
"34012",2020,"population","fertility","total","births",1.025
"34020",2010,"population","fertility","total","births",1.259
"34020",2015,"population","fertility","total","births",1.147
"34020",2020,"population","fertility","total","births",1.024
"34030",2010,"population","fertility","total","births",1.387
"34030",2015,"population","fertility","total","births",1.303
"34030",2020,"population","fertility","total","births",0.987
"34040",2010,"population","fertility","total","births",1.733
"34040",2015,"population","fertility","total","births",1.692
"34040",2020,"population","fertility","total","births",0.99
"34050",2010,"population","fertility","total","births",1.66
"34050",2015,"population","fertility","total","births",1.752
"34050",2020,"population","fertility","total","births",1.255
"34060",2010,"population","fertility","total","births",1.356
"34060",2015,"population","fertility","total","births",1.384
"34060",2020,"population","fertility","total","births",0.984
"34070",2010,"population","fertility","total","births",1.412
"34070",2015,"population","fertility","total","births",1.305
"34070",2020,"population","fertility","total","births",0.91
"34080",2010,"population","fertility","total","births",NA
"34080",2015,"population","fertility","total","births",1.949
"34080",2020,"population","fertility","total","births",1.254
"34310",2010,"population","fertility","total","births",1.83
"34310",2015,"population","fertility","total","births",1.29
"34310",2020,"population","fertility","total","births",1.07
"34320",2010,"population","fertility","total","births",1.681
"34320",2015,"population","fertility","total","births",NA
"34320",2020,"population","fertility","total","births",NA
"34330",2010,"population","fertility","total","births",1.338
"34330",2015,"population","fertility","total","births",1.311
"34330",2020,"population","fertility","total","births",0.809
"34340",2010,"population","fertility","total","births",1.368
"34340",2015,"population","fertility","total","births",1.213
"34340",2020,"population","fertility","total","births",1.123
"34350",2010,"population","fertility","total","births",1.537
"34350",2015,"population","fertility","total","births",1.497
"34350",2020,"population","fertility","total","births",0.978
"34360",2010,"population","fertility","total","births",1.326
"34360",2015,"population","fertility","total","births",1.354
"34360",2020,"population","fertility","total","births",1.204
"34370",2010,"population","fertility","total","births",1.28
"34370",2015,"population","fertility","total","births",1.16
"34370",2020,"population","fertility","total","births",0.921
"34380",2010,"population","fertility","total","births",1.309
"34380",2015,"population","fertility","total","births",1.321
"34380",2020,"population","fertility","total","births",1.002
"34390",2010,"population","fertility","total","births",1.486
"34390",2015,"population","fertility","total","births",NA
"34390",2020,"population","fertility","total","births",NA
"35010",2010,"population","fertility","total","births",1.23
"35010",2015,"population","fertility","total","births",1.255
"35010",2020,"population","fertility","total","births",0.811
"35011",2010,"population","fertility","total","births",1.153
"35011",2015,"population","fertility","total","births",1.197
"35011",2020,"population","fertility","total","births",0.722
"35012",2010,"population","fertility","total","births",1.321
"35012",2015,"population","fertility","total","births",1.327
"35012",2020,"population","fertility","total","births",0.902
"35020",2010,"population","fertility","total","births",1.416
"35020",2015,"population","fertility","total","births",1.495
"35020",2020,"population","fertility","total","births",0.954
"35030",2010,"population","fertility","total","births",1.337
"35030",2015,"population","fertility","total","births",1.341
"35030",2020,"population","fertility","total","births",0.851
"35040",2010,"population","fertility","total","births",1.386
"35040",2015,"population","fertility","total","births",1.338
"35040",2020,"population","fertility","total","births",0.866
"35050",2010,"population","fertility","total","births",1.48
"35050",2015,"population","fertility","total","births",1.383
"35050",2020,"population","fertility","total","births",1.215
"35060",2010,"population","fertility","total","births",1.474
"35060",2015,"population","fertility","total","births",1.268
"35060",2020,"population","fertility","total","births",0.969
"35310",2010,"population","fertility","total","births",1.866
"35310",2015,"population","fertility","total","births",1.697
"35310",2020,"population","fertility","total","births",0.923
"35320",2010,"population","fertility","total","births",2.41
"35320",2015,"population","fertility","total","births",1.821
"35320",2020,"population","fertility","total","births",1.637
"35330",2010,"population","fertility","total","births",1.537
"35330",2015,"population","fertility","total","births",1.46
"35330",2020,"population","fertility","total","births",1.111
"35340",2010,"population","fertility","total","births",1.78
"35340",2015,"population","fertility","total","births",1.388
"35340",2020,"population","fertility","total","births",1.279
"35350",2010,"population","fertility","total","births",1.877
"35350",2015,"population","fertility","total","births",1.634
"35350",2020,"population","fertility","total","births",1.749
"35360",2010,"population","fertility","total","births",1.62
"35360",2015,"population","fertility","total","births",1.475
"35360",2020,"population","fertility","total","births",1.66
"35370",2010,"population","fertility","total","births",1.376
"35370",2015,"population","fertility","total","births",1.278
"35370",2020,"population","fertility","total","births",1.145
"35380",2010,"population","fertility","total","births",1.34
"35380",2015,"population","fertility","total","births",1.178
"35380",2020,"population","fertility","total","births",0.953
"36010",2010,"population","fertility","total","births",1.445
"36010",2015,"population","fertility","total","births",1.304
"36010",2020,"population","fertility","total","births",0.801
"36020",2010,"population","fertility","total","births",1.379
"36020",2015,"population","fertility","total","births",1.55
"36020",2020,"population","fertility","total","births",1.067
"36030",2010,"population","fertility","total","births",1.25
"36030",2015,"population","fertility","total","births",1.34
"36030",2020,"population","fertility","total","births",1.041
"36040",2010,"population","fertility","total","births",1.276
"36040",2015,"population","fertility","total","births",1.639
"36040",2020,"population","fertility","total","births",1.109
"36060",2010,"population","fertility","total","births",1.886
"36060",2015,"population","fertility","total","births",1.835
"36060",2020,"population","fertility","total","births",1.232
"36310",2010,"population","fertility","total","births",1.588
"36310",2015,"population","fertility","total","births",1.599
"36310",2020,"population","fertility","total","births",1.332
"36320",2010,"population","fertility","total","births",1.455
"36320",2015,"population","fertility","total","births",1.437
"36320",2020,"population","fertility","total","births",0.811
"36330",2010,"population","fertility","total","births",1.456
"36330",2015,"population","fertility","total","births",1.57
"36330",2020,"population","fertility","total","births",1.047
"36350",2010,"population","fertility","total","births",1.449
"36350",2015,"population","fertility","total","births",1.091
"36350",2020,"population","fertility","total","births",1.459
"36360",2010,"population","fertility","total","births",2.003
"36360",2015,"population","fertility","total","births",1.7
"36360",2020,"population","fertility","total","births",1.057
"36370",2010,"population","fertility","total","births",1.469
"36370",2015,"population","fertility","total","births",1.219
"36370",2020,"population","fertility","total","births",1.091
"36380",2010,"population","fertility","total","births",1.348
"36380",2015,"population","fertility","total","births",1.204
"36380",2020,"population","fertility","total","births",1.774
"36390",2010,"population","fertility","total","births",2.339
"36390",2015,"population","fertility","total","births",1.755
"36390",2020,"population","fertility","total","births",1.063
"36400",2010,"population","fertility","total","births",1.66
"36400",2015,"population","fertility","total","births",2.464
"36400",2020,"population","fertility","total","births",1.668
"36410",2010,"population","fertility","total","births",2.172
"36410",2015,"population","fertility","total","births",2.107
"36410",2020,"population","fertility","total","births",1.375
"36420",2010,"population","fertility","total","births",1.798
"36420",2015,"population","fertility","total","births",1.444
"36420",2020,"population","fertility","total","births",1.012
"36430",2010,"population","fertility","total","births",1.653
"36430",2015,"population","fertility","total","births",1.63
"36430",2020,"population","fertility","total","births",1.345
"36440",2010,"population","fertility","total","births",1.717
"36440",2015,"population","fertility","total","births",1.652
"36440",2020,"population","fertility","total","births",2.455
"36450",2010,"population","fertility","total","births",1.753
"36450",2015,"population","fertility","total","births",2.101
"36450",2020,"population","fertility","total","births",1.509
"36460",2010,"population","fertility","total","births",1.861
"36460",2015,"population","fertility","total","births",1.767
"36460",2020,"population","fertility","total","births",1.439
"36470",2010,"population","fertility","total","births",1.722
"36470",2015,"population","fertility","total","births",1.697
"36470",2020,"population","fertility","total","births",1.073
"36480",2010,"population","fertility","total","births",1.598
"36480",2015,"population","fertility","total","births",1.539
"36480",2020,"population","fertility","total","births",1.338
"37010",2010,"population","fertility","total","births",1.33
"37010",2015,"population","fertility","total","births",1.475
"37010",2020,"population","fertility","total","births",0.956
"37011",2010,"population","fertility","total","births",1.355
"37011",2015,"population","fertility","total","births",1.529
"37011",2020,"population","fertility","total","births",0.92
"37012",2010,"population","fertility","total","births",1.305
"37012",2015,"population","fertility","total","births",1.426
"37012",2020,"population","fertility","total","births",0.984
"37020",2010,"population","fertility","total","births",1.264
"37020",2015,"population","fertility","total","births",1.294
"37020",2020,"population","fertility","total","births",0.971
"37030",2010,"population","fertility","total","births",1.398
"37030",2015,"population","fertility","total","births",1.419
"37030",2020,"population","fertility","total","births",1.254
"37040",2010,"population","fertility","total","births",1.528
"37040",2015,"population","fertility","total","births",1.619
"37040",2020,"population","fertility","total","births",1.017
"37050",2010,"population","fertility","total","births",1.335
"37050",2015,"population","fertility","total","births",1.44
"37050",2020,"population","fertility","total","births",0.944
"37060",2010,"population","fertility","total","births",1.332
"37060",2015,"population","fertility","total","births",1.357
"37060",2020,"population","fertility","total","births",0.966
"37070",2010,"population","fertility","total","births",1.468
"37070",2015,"population","fertility","total","births",1.554
"37070",2020,"population","fertility","total","births",1.358
"37080",2010,"population","fertility","total","births",1.41
"37080",2015,"population","fertility","total","births",1.391
"37080",2020,"population","fertility","total","births",1.066
"37090",2010,"population","fertility","total","births",1.411
"37090",2015,"population","fertility","total","births",1.571
"37090",2020,"population","fertility","total","births",1.291
"37100",2010,"population","fertility","total","births",1.342
"37100",2015,"population","fertility","total","births",1.457
"37100",2020,"population","fertility","total","births",0.888
"37310",2010,"population","fertility","total","births",1.201
"37310",2015,"population","fertility","total","births",1.239
"37310",2020,"population","fertility","total","births",1.014
"37320",2010,"population","fertility","total","births",1.45
"37320",2015,"population","fertility","total","births",1.505
"37320",2020,"population","fertility","total","births",1.598
"37330",2010,"population","fertility","total","births",1.169
"37330",2015,"population","fertility","total","births",1.548
"37330",2020,"population","fertility","total","births",1.184
"37340",2010,"population","fertility","total","births",1.197
"37340",2015,"population","fertility","total","births",1.517
"37340",2020,"population","fertility","total","births",1.078
"37350",2010,"population","fertility","total","births",1.431
"37350",2015,"population","fertility","total","births",1.542
"37350",2020,"population","fertility","total","births",1.36
"37360",2010,"population","fertility","total","births",0.999
"37360",2015,"population","fertility","total","births",1.081
"37360",2020,"population","fertility","total","births",0.903
"37370",2010,"population","fertility","total","births",1.364
"37370",2015,"population","fertility","total","births",1.71
"37370",2020,"population","fertility","total","births",0.977
"37380",2010,"population","fertility","total","births",1.26
"37380",2015,"population","fertility","total","births",1.674
"37380",2020,"population","fertility","total","births",1.264
"37390",2010,"population","fertility","total","births",1.828
"37390",2015,"population","fertility","total","births",1.583
"37390",2020,"population","fertility","total","births",0.741
"37400",2010,"population","fertility","total","births",1.307
"37400",2015,"population","fertility","total","births",1.544
"37400",2020,"population","fertility","total","births",1.38
"37410",2010,"population","fertility","total","births",1.932
"37410",2015,"population","fertility","total","births",1.623
"37410",2020,"population","fertility","total","births",1.302
"37420",2010,"population","fertility","total","births",1.313
"37420",2015,"population","fertility","total","births",1.647
"37420",2020,"population","fertility","total","births",1.118
"37430",2010,"population","fertility","total","births",0.796
"37430",2015,"population","fertility","total","births",1.164
"37430",2020,"population","fertility","total","births",0.86
"38010",2010,"population","fertility","total","births",NA
"38010",2015,"population","fertility","total","births",NA
"38010",2020,"population","fertility","total","births",NA
"38020",2010,"population","fertility","total","births",NA
"38020",2015,"population","fertility","total","births",NA
"38020",2020,"population","fertility","total","births",NA
"38021",2010,"population","fertility","total","births",NA
"38021",2015,"population","fertility","total","births",NA
"38021",2020,"population","fertility","total","births",NA
"38022",2010,"population","fertility","total","births",NA
"38022",2015,"population","fertility","total","births",NA
"38022",2020,"population","fertility","total","births",NA
"38030",2010,"population","fertility","total","births",1.267
"38030",2015,"population","fertility","total","births",1.29
"38030",2020,"population","fertility","total","births",0.942
"38040",2010,"population","fertility","total","births",NA
"38040",2015,"population","fertility","total","births",NA
"38040",2020,"population","fertility","total","births",NA
"38050",2010,"population","fertility","total","births",1.655
"38050",2015,"population","fertility","total","births",1.484
"38050",2020,"population","fertility","total","births",0.776
"38060",2010,"population","fertility","total","births",1.532
"38060",2015,"population","fertility","total","births",1.518
"38060",2020,"population","fertility","total","births",1.068
"38070",2010,"population","fertility","total","births",1.471
"38070",2015,"population","fertility","total","births",1.495
"38070",2020,"population","fertility","total","births",0.952
"38080",2010,"population","fertility","total","births",1.15
"38080",2015,"population","fertility","total","births",1.268
"38080",2020,"population","fertility","total","births",0.941
"38090",2010,"population","fertility","total","births",1.883
"38090",2015,"population","fertility","total","births",1.911
"38090",2020,"population","fertility","total","births",1.015
"38100",2010,"population","fertility","total","births",1.371
"38100",2015,"population","fertility","total","births",1.504
"38100",2020,"population","fertility","total","births",1.066
"38110",2010,"population","fertility","total","births",1.323
"38110",2015,"population","fertility","total","births",1.345
"38110",2020,"population","fertility","total","births",0.895
"38111",2010,"population","fertility","total","births",1.23
"38111",2015,"population","fertility","total","births",1.375
"38111",2020,"population","fertility","total","births",0.963
"38112",2010,"population","fertility","total","births",1.427
"38112",2015,"population","fertility","total","births",1.327
"38112",2020,"population","fertility","total","births",0.815
"38113",2010,"population","fertility","total","births",1.121
"38113",2015,"population","fertility","total","births",1.241
"38113",2020,"population","fertility","total","births",0.793
"38114",2010,"population","fertility","total","births",1.171
"38114",2015,"population","fertility","total","births",1.208
"38114",2020,"population","fertility","total","births",0.795
"38115",2010,"population","fertility","total","births",1.706
"38115",2015,"population","fertility","total","births",1.608
"38115",2020,"population","fertility","total","births",1.094
"38310",2010,"population","fertility","total","births",1.626
"38310",2015,"population","fertility","total","births",1.317
"38310",2020,"population","fertility","total","births",1.044
"38320",2010,"population","fertility","total","births",1.518
"38320",2015,"population","fertility","total","births",1.45
"38320",2020,"population","fertility","total","births",0.806
"38330",2010,"population","fertility","total","births",1.242
"38330",2015,"population","fertility","total","births",1.42
"38330",2020,"population","fertility","total","births",1.11
"38340",2010,"population","fertility","total","births",1.61
"38340",2015,"population","fertility","total","births",1.307
"38340",2020,"population","fertility","total","births",0.825
"38350",2010,"population","fertility","total","births",1.203
"38350",2015,"population","fertility","total","births",1.238
"38350",2020,"population","fertility","total","births",0.897
"38360",2010,"population","fertility","total","births",1.366
"38360",2015,"population","fertility","total","births",1.341
"38360",2020,"population","fertility","total","births",1.049
"38370",2010,"population","fertility","total","births",1.504
"38370",2015,"population","fertility","total","births",1.888
"38370",2020,"population","fertility","total","births",0.852
"38380",2010,"population","fertility","total","births",1.53
"38380",2015,"population","fertility","total","births",1.404
"38380",2020,"population","fertility","total","births",0.861
"38390",2010,"population","fertility","total","births",1.308
"38390",2015,"population","fertility","total","births",1.234
"38390",2020,"population","fertility","total","births",1.046
"38400",2010,"population","fertility","total","births",1.162
"38400",2015,"population","fertility","total","births",0.98
"38400",2020,"population","fertility","total","births",0.927
"39010",2010,"population","fertility","total","births",1.445
"39010",2015,"population","fertility","total","births",1.494
"39010",2020,"population","fertility","total","births",1.035
"39020",2010,"population","fertility","total","births",1.519
"39020",2015,"population","fertility","total","births",1.417
"39020",2020,"population","fertility","total","births",0.977
"39310",2010,"population","fertility","total","births",NA
"39310",2015,"population","fertility","total","births",NA
"39310",2020,"population","fertility","total","births",NA
"39320",2010,"population","fertility","total","births",NA
"39320",2015,"population","fertility","total","births",NA
"39320",2020,"population","fertility","total","births",NA
"23090",2020,"population","fertility","total","births",0.798
"11010",2010,"population","fertility","15-19 (simulated)","births per 1000",1
"11010",2015,"population","fertility","15-19 (simulated)","births per 1000",0.5
"11010",2020,"population","fertility","15-19 (simulated)","births per 1000",0
"11020",2010,"population","fertility","15-19 (simulated)","births per 1000",2.3
"11020",2015,"population","fertility","15-19 (simulated)","births per 1000",1.1
"11020",2020,"population","fertility","15-19 (simulated)","births per 1000",0.5
"11030",2010,"population","fertility","15-19 (simulated)","births per 1000",0.8
"11030",2015,"population","fertility","15-19 (simulated)","births per 1000",0.6
"11030",2020,"population","fertility","15-19 (simulated)","births per 1000",0
"11040",2010,"population","fertility","15-19 (simulated)","births per 1000",0.8
"11040",2015,"population","fertility","15-19 (simulated)","births per 1000",0.5
"11040",2020,"population","fertility","15-19 (simulated)","births per 1000",0
"11050",2010,"population","fertility","15-19 (simulated)","births per 1000",1.4
"11050",2015,"population","fertility","15-19 (simulated)","births per 1000",0.6
"11050",2020,"population","fertility","15-19 (simulated)","births per 1000",0.6
"11060",2010,"population","fertility","15-19 (simulated)","births per 1000",1
"11060",2015,"population","fertility","15-19 (simulated)","births per 1000",0.6
"11060",2020,"population","fertility","15-19 (simulated)","births per 1000",0.6
"11070",2010,"population","fertility","15-19 (simulated)","births per 1000",1.4
"11070",2015,"population","fertility","15-19 (simulated)","births per 1000",1.1
"11070",2020,"population","fertility","15-19 (simulated)","births per 1000",0.5
"11080",2010,"population","fertility","15-19 (simulated)","births per 1000",1.3
"11080",2015,"population","fertility","15-19 (simulated)","births per 1000",1.2
"11080",2020,"population","fertility","15-19 (simulated)","births per 1000",0.4
"11090",2010,"population","fertility","15-19 (simulated)","births per 1000",1.2
"11090",2015,"population","fertility","15-19 (simulated)","births per 1000",1.2
"11090",2020,"population","fertility","15-19 (simulated)","births per 1000",0.7
"11100",2010,"population","fertility","15-19 (simulated)","births per 1000",1.1
"11100",2015,"population","fertility","15-19 (simulated)","births per 1000",1.1
"11100",2020,"population","fertility","15-19 (simulated)","births per 1000",0.3
"11110",2010,"population","fertility","15-19 (simulated)","births per 1000",0.8
"11110",2015,"population","fertility","15-19 (simulated)","births per 1000",0.6
"11110",2020,"population","fertility","15-19 (simulated)","births per 1000",0.1
"11120",2010,"population","fertility","15-19 (simulated)","births per 1000",1.2
"11120",2015,"population","fertility","15-19 (simulated)","births per 1000",1.1
"11120",2020,"population","fertility","15-19 (simulated)","births per 1000",0.3
"11130",2010,"population","fertility","15-19 (simulated)","births per 1000",1.6
"11130",2015,"population","fertility","15-19 (simulated)","births per 1000",1.1
"11130",2020,"population","fertility","15-19 (simulated)","births per 1000",1.7
"11140",2010,"population","fertility","15-19 (simulated)","births per 1000",1.1
"11140",2015,"population","fertility","15-19 (simulated)","births per 1000",3.1
"11140",2020,"population","fertility","15-19 (simulated)","births per 1000",0.3
"11150",2010,"population","fertility","15-19 (simulated)","births per 1000",0.5
"11150",2015,"population","fertility","15-19 (simulated)","births per 1000",0.5
"11150",2020,"population","fertility","15-19 (simulated)","births per 1000",0.1
"11160",2010,"population","fertility","15-19 (simulated)","births per 1000",1.2
"11160",2015,"population","fertility","15-19 (simulated)","births per 1000",0.8
"11160",2020,"population","fertility","15-19 (simulated)","births per 1000",0.2
"11170",2010,"population","fertility","15-19 (simulated)","births per 1000",2.1
"11170",2015,"population","fertility","15-19 (simulated)","births per 1000",1.3
"11170",2020,"population","fertility","15-19 (simulated)","births per 1000",0.4
"11180",2010,"population","fertility","15-19 (simulated)","births per 1000",2.1
"11180",2015,"population","fertility","15-19 (simulated)","births per 1000",2.5
"11180",2020,"population","fertility","15-19 (simulated)","births per 1000",0.7
"11190",2010,"population","fertility","15-19 (simulated)","births per 1000",1.5
"11190",2015,"population","fertility","15-19 (simulated)","births per 1000",0.3
"11190",2020,"population","fertility","15-19 (simulated)","births per 1000",0.6
"11200",2010,"population","fertility","15-19 (simulated)","births per 1000",0.8
"11200",2015,"population","fertility","15-19 (simulated)","births per 1000",0.6
"11200",2020,"population","fertility","15-19 (simulated)","births per 1000",0.1
"11210",2010,"population","fertility","15-19 (simulated)","births per 1000",1.9
"11210",2015,"population","fertility","15-19 (simulated)","births per 1000",1.4
"11210",2020,"population","fertility","15-19 (simulated)","births per 1000",0.4
"11220",2010,"population","fertility","15-19 (simulated)","births per 1000",0.4
"11220",2015,"population","fertility","15-19 (simulated)","births per 1000",0.1
"11220",2020,"population","fertility","15-19 (simulated)","births per 1000",0.1
"11230",2010,"population","fertility","15-19 (simulated)","births per 1000",0.6
"11230",2015,"population","fertility","15-19 (simulated)","births per 1000",2
"11230",2020,"population","fertility","15-19 (simulated)","births per 1000",0.4
"11240",2010,"population","fertility","15-19 (simulated)","births per 1000",0.8
"11240",2015,"population","fertility","15-19 (simulated)","births per 1000",0.6
"11240",2020,"population","fertility","15-19 (simulated)","births per 1000",0.3
"11250",2010,"population","fertility","15-19 (simulated)","births per 1000",1.3
"11250",2015,"population","fertility","15-19 (simulated)","births per 1000",0.9
"11250",2020,"population","fertility","15-19 (simulated)","births per 1000",0.3
"21010",2010,"population","fertility","15-19 (simulated)","births per 1000",2.5
"21010",2015,"population","fertility","15-19 (simulated)","births per 1000",0
"21010",2020,"population","fertility","15-19 (simulated)","births per 1000",1.6
"21020",2010,"population","fertility","15-19 (simulated)","births per 1000",1.7
"21020",2015,"population","fertility","15-19 (simulated)","births per 1000",3.7
"21020",2020,"population","fertility","15-19 (simulated)","births per 1000",1
"21030",2010,"population","fertility","15-19 (simulated)","births per 1000",3.8
"21030",2015,"population","fertility","15-19 (simulated)","births per 1000",2.4
"21030",2020,"population","fertility","15-19 (simulated)","births per 1000",0.7
"21040",2010,"population","fertility","15-19 (simulated)","births per 1000",1.2
"21040",2015,"population","fertility","15-19 (simulated)","births per 1000",0.6
"21040",2020,"population","fertility","15-19 (simulated)","births per 1000",0.5
"21050",2010,"population","fertility","15-19 (simulated)","births per 1000",1.6
"21050",2015,"population","fertility","15-19 (simulated)","births per 1000",1.1
"21050",2020,"population","fertility","15-19 (simulated)","births per 1000",0.9
"21060",2010,"population","fertility","15-19 (simulated)","births per 1000",1.4
"21060",2015,"population","fertility","15-19 (simulated)","births per 1000",0.9
"21060",2020,"population","fertility","15-19 (simulated)","births per 1000",0.5
"21070",2010,"population","fertility","15-19 (simulated)","births per 1000",1.7
"21070",2015,"population","fertility","15-19 (simulated)","births per 1000",2.2
"21070",2020,"population","fertility","15-19 (simulated)","births per 1000",1
"21080",2010,"population","fertility","15-19 (simulated)","births per 1000",1.5
"21080",2015,"population","fertility","15-19 (simulated)","births per 1000",1.3
"21080",2020,"population","fertility","15-19 (simulated)","births per 1000",0.8
"21090",2010,"population","fertility","15-19 (simulated)","births per 1000",1.1
"21090",2015,"population","fertility","15-19 (simulated)","births per 1000",0.8
"21090",2020,"population","fertility","15-19 (simulated)","births per 1000",0.9
"21100",2010,"population","fertility","15-19 (simulated)","births per 1000",1.9
"21100",2015,"population","fertility","15-19 (simulated)","births per 1000",1.4
"21100",2020,"population","fertility","15-19 (simulated)","births per 1000",0.4
"21110",2010,"population","fertility","15-19 (simulated)","births per 1000",1
"21110",2015,"population","fertility","15-19 (simulated)","births per 1000",1.1
"21110",2020,"population","fertility","15-19 (simulated)","births per 1000",0.2
"21120",2010,"population","fertility","15-19 (simulated)","births per 1000",2.6
"21120",2015,"population","fertility","15-19 (simulated)","births per 1000",1.2
"21120",2020,"population","fertility","15-19 (simulated)","births per 1000",0.9
"21130",2010,"population","fertility","15-19 (simulated)","births per 1000",1.3
"21130",2015,"population","fertility","15-19 (simulated)","births per 1000",0.9
"21130",2020,"population","fertility","15-19 (simulated)","births per 1000",0.2
"21140",2010,"population","fertility","15-19 (simulated)","births per 1000",1.4
"21140",2015,"population","fertility","15-19 (simulated)","births per 1000",1.6
"21140",2020,"population","fertility","15-19 (simulated)","births per 1000",0.6
"21150",2010,"population","fertility","15-19 (simulated)","births per 1000",2.1
"21150",2015,"population","fertility","15-19 (simulated)","births per 1000",2.9
"21150",2020,"population","fertility","15-19 (simulated)","births per 1000",0.7
"21310",2010,"population","fertility","15-19 (simulated)","births per 1000",3.6
"21310",2015,"population","fertility","15-19 (simulated)","births per 1000",2.2
"21310",2020,"population","fertility","15-19 (simulated)","births per 1000",0.5
"22010",2010,"population","fertility","15-19 (simulated)","births per 1000",0.5
"22010",2015,"population","fertility","15-19 (simulated)","births per 1000",2.2
"22010",2020,"population","fertility","15-19 (simulated)","births per 1000",1.4
"22020",2010,"population","fertility","15-19 (simulated)","births per 1000",2.4
"22020",2015,"population","fertility","15-19 (simulated)","births per 1000",1.8
"22020",2020,"population","fertility","15-19 (simulated)","births per 1000",0.4
"22030",2010,"population","fertility","15-19 (simulated)","births per 1000",1.9
"22030",2015,"population","fertility","15-19 (simulated)","births per 1000",1.4
"22030",2020,"population","fertility","15-19 (simulated)","births per 1000",1.3
"22040",2010,"population","fertility","15-19 (simulated)","births per 1000",1.5
"22040",2015,"population","fertility","15-19 (simulated)","births per 1000",1.8
"22040",2020,"population","fertility","15-19 (simulated)","births per 1000",0.8
"22050",2010,"population","fertility","15-19 (simulated)","births per 1000",1.1
"22050",2015,"population","fertility","15-19 (simulated)","births per 1000",0.7
"22050",2020,"population","fertility","15-19 (simulated)","births per 1000",0.6
"22060",2010,"population","fertility","15-19 (simulated)","births per 1000",0.5
"22060",2015,"population","fertility","15-19 (simulated)","births per 1000",0.6
"22060",2020,"population","fertility","15-19 (simulated)","births per 1000",0.3
"22070",2010,"population","fertility","15-19 (simulated)","births per 1000",1.4
"22070",2015,"population","fertility","15-19 (simulated)","births per 1000",0.8
"22070",2020,"population","fertility","15-19 (simulated)","births per 1000",0.9
"22310",2010,"population","fertility","15-19 (simulated)","births per 1000",2.4
"22310",2015,"population","fertility","15-19 (simulated)","births per 1000",1.8
"22310",2020,"population","fertility","15-19 (simulated)","births per 1000",0.6
"23010",2010,"population","fertility","15-19 (simulated)","births per 1000",3.4
"23010",2015,"population","fertility","15-19 (simulated)","births per 1000",1.8
"23010",2020,"population","fertility","15-19 (simulated)","births per 1000",0.7
"23020",2010,"population","fertility","15-19 (simulated)","births per 1000",0.9
"23020",2015,"population","fertility","15-19 (simulated)","births per 1000",0.5
"23020",2020,"population","fertility","15-19 (simulated)","births per 1000",2.3
"23030",2010,"population","fertility","15-19 (simulated)","births per 1000",2.8
"23030",2015,"population","fertility","15-19 (simulated)","births per 1000",4.2
"23030",2020,"population","fertility","15-19 (simulated)","births per 1000",NA
"23040",2010,"population","fertility","15-19 (simulated)","births per 1000",1.7
"23040",2015,"population","fertility","15-19 (simulated)","births per 1000",1.4
"23040",2020,"population","fertility","15-19 (simulated)","births per 1000",0.2
"23050",2010,"population","fertility","15-19 (simulated)","births per 1000",2
"23050",2015,"population","fertility","15-19 (simulated)","births per 1000",2.1
"23050",2020,"population","fertility","15-19 (simulated)","births per 1000",0.9
"23060",2010,"population","fertility","15-19 (simulated)","births per 1000",1.7
"23060",2015,"population","fertility","15-19 (simulated)","births per 1000",1.2
"23060",2020,"population","fertility","15-19 (simulated)","births per 1000",0.8
"23070",2010,"population","fertility","15-19 (simulated)","births per 1000",1.9
"23070",2015,"population","fertility","15-19 (simulated)","births per 1000",0.9
"23070",2020,"population","fertility","15-19 (simulated)","births per 1000",0.3
"23080",2010,"population","fertility","15-19 (simulated)","births per 1000",1.9
"23080",2015,"population","fertility","15-19 (simulated)","births per 1000",0.8
"23080",2020,"population","fertility","15-19 (simulated)","births per 1000",1
"23310",2010,"population","fertility","15-19 (simulated)","births per 1000",1.8
"23310",2015,"population","fertility","15-19 (simulated)","births per 1000",0.7
"23310",2020,"population","fertility","15-19 (simulated)","births per 1000",0
"23320",2010,"population","fertility","15-19 (simulated)","births per 1000",0
"23320",2015,"population","fertility","15-19 (simulated)","births per 1000",0
"23320",2020,"population","fertility","15-19 (simulated)","births per 1000",0
"24010",2010,"population","fertility","15-19 (simulated)","births per 1000",2.1
"24010",2015,"population","fertility","15-19 (simulated)","births per 1000",0.7
"24010",2020,"population","fertility","15-19 (simulated)","births per 1000",0.5
"24020",2010,"population","fertility","15-19 (simulated)","births per 1000",1.5
"24020",2015,"population","fertility","15-19 (simulated)","births per 1000",1.2
"24020",2020,"population","fertility","15-19 (simulated)","births per 1000",0.8
"24030",2010,"population","fertility","15-19 (simulated)","births per 1000",1.1
"24030",2015,"population","fertility","15-19 (simulated)","births per 1000",1.7
"24030",2020,"population","fertility","15-19 (simulated)","births per 1000",0.8
"24040",2010,"population","fertility","15-19 (simulated)","births per 1000",2.1
"24040",2015,"population","fertility","15-19 (simulated)","births per 1000",0.9
"24040",2020,"population","fertility","15-19 (simulated)","births per 1000",0.5
"24050",2010,"population","fertility","15-19 (simulated)","births per 1000",2.2
"24050",2015,"population","fertility","15-19 (simulated)","births per 1000",2
"24050",2020,"population","fertility","15-19 (simulated)","births per 1000",0.5
"25010",2010,"population","fertility","15-19 (simulated)","births per 1000",1.5
"25010",2015,"population","fertility","15-19 (simulated)","births per 1000",2.6
"25010",2020,"population","fertility","15-19 (simulated)","births per 1000",1.3
"25020",2010,"population","fertility","15-19 (simulated)","births per 1000",1.6
"25020",2015,"population","fertility","15-19 (simulated)","births per 1000",1.5
"25020",2020,"population","fertility","15-19 (simulated)","births per 1000",0.8
"25030",2010,"population","fertility","15-19 (simulated)","births per 1000",0.9
"25030",2015,"population","fertility","15-19 (simulated)","births per 1000",1.8
"25030",2020,"population","fertility","15-19 (simulated)","births per 1000",0.8
"25040",2010,"population","fertility","15-19 (simulated)","births per 1000",1.3
"25040",2015,"population","fertility","15-19 (simulated)","births per 1000",0.8
"25040",2020,"population","fertility","15-19 (simulated)","births per 1000",0.2
"25050",2010,"population","fertility","15-19 (simulated)","births per 1000",2.4
"25050",2015,"population","fertility","15-19 (simulated)","births per 1000",2.9
"25050",2020,"population","fertility","15-19 (simulated)","births per 1000",1.7
"26010",2010,"population","fertility","15-19 (simulated)","births per 1000",1.5
"26010",2015,"population","fertility","15-19 (simulated)","births per 1000",1.2
"26010",2020,"population","fertility","15-19 (simulated)","births per 1000",0.4
"26020",2010,"population","fertility","15-19 (simulated)","births per 1000",0.7
"26020",2015,"population","fertility","15-19 (simulated)","births per 1000",1.5
"26020",2020,"population","fertility","15-19 (simulated)","births per 1000",0.3
"26030",2010,"population","fertility","15-19 (simulated)","births per 1000",1.9
"26030",2015,"population","fertility","15-19 (simulated)","births per 1000",2.2
"26030",2020,"population","fertility","15-19 (simulated)","births per 1000",0.8
"26040",2010,"population","fertility","15-19 (simulated)","births per 1000",2.4
"26040",2015,"population","fertility","15-19 (simulated)","births per 1000",0.6
"26040",2020,"population","fertility","15-19 (simulated)","births per 1000",0.2
"26310",2010,"population","fertility","15-19 (simulated)","births per 1000",3.2
"26310",2015,"population","fertility","15-19 (simulated)","births per 1000",2.5
"26310",2020,"population","fertility","15-19 (simulated)","births per 1000",1.1
"29010",2010,"population","fertility","15-19 (simulated)","births per 1000",NA
"29010",2015,"population","fertility","15-19 (simulated)","births per 1000",1.3
"29010",2020,"population","fertility","15-19 (simulated)","births per 1000",0.2
"31010",2010,"population","fertility","15-19 (simulated)","births per 1000",1.4
"31010",2015,"population","fertility","15-19 (simulated)","births per 1000",1
"31010",2020,"population","fertility","15-19 (simulated)","births per 1000",0.3
"31011",2010,"population","fertility","15-19 (simulated)","births per 1000",1.2
"31011",2015,"population","fertility","15-19 (simulated)","births per 1000",0.8
"31011",2020,"population","fertility","15-19 (simulated)","births per 1000",0.3
"31012",2010,"population","fertility","15-19 (simulated)","births per 1000",1.8
"31012",2015,"population","fertility","15-19 (simulated)","births per 1000",1
"31012",2020,"population","fertility","15-19 (simulated)","births per 1000",0.4
"31013",2010,"population","fertility","15-19 (simulated)","births per 1000",2.3
"31013",2015,"population","fertility","15-19 (simulated)","births per 1000",1.7
"31013",2020,"population","fertility","15-19 (simulated)","births per 1000",0.5
"31014",2010,"population","fertility","15-19 (simulated)","births per 1000",0.6
"31014",2015,"population","fertility","15-19 (simulated)","births per 1000",0.7
"31014",2020,"population","fertility","15-19 (simulated)","births per 1000",0.1
"31020",2010,"population","fertility","15-19 (simulated)","births per 1000",1.1
"31020",2015,"population","fertility","15-19 (simulated)","births per 1000",0.7
"31020",2020,"population","fertility","15-19 (simulated)","births per 1000",0.3
"31021",2010,"population","fertility","15-19 (simulated)","births per 1000",2.2
"31021",2015,"population","fertility","15-19 (simulated)","births per 1000",1.6
"31021",2020,"population","fertility","15-19 (simulated)","births per 1000",0.9
"31022",2010,"population","fertility","15-19 (simulated)","births per 1000",1.6
"31022",2015,"population","fertility","15-19 (simulated)","births per 1000",0.8
"31022",2020,"population","fertility","15-19 (simulated)","births per 1000",0.7
"31023",2010,"population","fertility","15-19 (simulated)","births per 1000",0.4
"31023",2015,"population","fertility","15-19 (simulated)","births per 1000",0.3
"31023",2020,"population","fertility","15-19 (simulated)","births per 1000",0
"31030",2010,"population","fertility","15-19 (simulated)","births per 1000",1.6
"31030",2015,"population","fertility","15-19 (simulated)","births per 1000",0.9
"31030",2020,"population","fertility","15-19 (simulated)","births per 1000",0.7
"31040",2010,"population","fertility","15-19 (simulated)","births per 1000",1
"31040",2015,"population","fertility","15-19 (simulated)","births per 1000",0.6
"31040",2020,"population","fertility","15-19 (simulated)","births per 1000",0.3
"31041",2010,"population","fertility","15-19 (simulated)","births per 1000",1.7
"31041",2015,"population","fertility","15-19 (simulated)","births per 1000",0.3
"31041",2020,"population","fertility","15-19 (simulated)","births per 1000",0.2
"31042",2010,"population","fertility","15-19 (simulated)","births per 1000",0.6
"31042",2015,"population","fertility","15-19 (simulated)","births per 1000",0.8
"31042",2020,"population","fertility","15-19 (simulated)","births per 1000",0.3
"31050",2010,"population","fertility","15-19 (simulated)","births per 1000",1.3
"31050",2015,"population","fertility","15-19 (simulated)","births per 1000",0.7
"31050",2020,"population","fertility","15-19 (simulated)","births per 1000",0.7
"31051",2010,"population","fertility","15-19 (simulated)","births per 1000",1
"31051",2015,"population","fertility","15-19 (simulated)","births per 1000",0.6
"31051",2020,"population","fertility","15-19 (simulated)","births per 1000",NA
"31052",2010,"population","fertility","15-19 (simulated)","births per 1000",1.6
"31052",2015,"population","fertility","15-19 (simulated)","births per 1000",0.8
"31052",2020,"population","fertility","15-19 (simulated)","births per 1000",NA
"31053",2010,"population","fertility","15-19 (simulated)","births per 1000",1.8
"31053",2015,"population","fertility","15-19 (simulated)","births per 1000",0.8
"31053",2020,"population","fertility","15-19 (simulated)","births per 1000",NA
"31060",2010,"population","fertility","15-19 (simulated)","births per 1000",1.4
"31060",2015,"population","fertility","15-19 (simulated)","births per 1000",0.6
"31060",2020,"population","fertility","15-19 (simulated)","births per 1000",0.4
"31070",2010,"population","fertility","15-19 (simulated)","births per 1000",1.6
"31070",2015,"population","fertility","15-19 (simulated)","births per 1000",3
"31070",2020,"population","fertility","15-19 (simulated)","births per 1000",1.3
"31080",2010,"population","fertility","15-19 (simulated)","births per 1000",4.3
"31080",2015,"population","fertility","15-19 (simulated)","births per 1000",1.8
"31080",2020,"population","fertility","15-19 (simulated)","births per 1000",2.7
"31090",2010,"population","fertility","15-19 (simulated)","births per 1000",1.7
"31090",2015,"population","fertility","15-19 (simulated)","births per 1000",1.2
"31090",2020,"population","fertility","15-19 (simulated)","births per 1000",1.6
"31091",2010,"population","fertility","15-19 (simulated)","births per 1000",1.7
"31091",2015,"population","fertility","15-19 (simulated)","births per 1000",1.3
"31091",2020,"population","fertility","15-19 (simulated)","births per 1000",1.7
"31092",2010,"population","fertility","15-19 (simulated)","births per 1000",1.6
"31092",2015,"population","fertility","15-19 (simulated)","births per 1000",1.1
"31092",2020,"population","fertility","15-19 (simulated)","births per 1000",1.4
"31100",2010,"population","fertility","15-19 (simulated)","births per 1000",1
"31100",2015,"population","fertility","15-19 (simulated)","births per 1000",0.5
"31100",2020,"population","fertility","15-19 (simulated)","births per 1000",0.4
"31101",2010,"population","fertility","15-19 (simulated)","births per 1000",1.7
"31101",2015,"population","fertility","15-19 (simulated)","births per 1000",0.8
"31101",2020,"population","fertility","15-19 (simulated)","births per 1000",0.5
"31102",2010,"population","fertility","15-19 (simulated)","births per 1000",NA
"31102",2015,"population","fertility","15-19 (simulated)","births per 1000",NA
"31102",2020,"population","fertility","15-19 (simulated)","births per 1000",NA
"31103",2010,"population","fertility","15-19 (simulated)","births per 1000",0.9
"31103",2015,"population","fertility","15-19 (simulated)","births per 1000",0.7
"31103",2020,"population","fertility","15-19 (simulated)","births per 1000",0.5
"31104",2010,"population","fertility","15-19 (simulated)","births per 1000",0.2
"31104",2015,"population","fertility","15-19 (simulated)","births per 1000",0.2
"31104",2020,"population","fertility","15-19 (simulated)","births per 1000",0.1
"31110",2010,"population","fertility","15-19 (simulated)","births per 1000",0
"31110",2015,"population","fertility","15-19 (simulated)","births per 1000",1.2
"31110",2020,"population","fertility","15-19 (simulated)","births per 1000",0
"31120",2010,"population","fertility","15-19 (simulated)","births per 1000",1.4
"31120",2015,"population","fertility","15-19 (simulated)","births per 1000",1.3
"31120",2020,"population","fertility","15-19 (simulated)","births per 1000",0.2
"31130",2010,"population","fertility","15-19 (simulated)","births per 1000",1.5
"31130",2015,"population","fertility","15-19 (simulated)","births per 1000",1.6
"31130",2020,"population","fertility","15-19 (simulated)","births per 1000",0.4
"31140",2010,"population","fertility","15-19 (simulated)","births per 1000",2.6
"31140",2015,"population","fertility","15-19 (simulated)","births per 1000",1.5
"31140",2020,"population","fertility","15-19 (simulated)","births per 1000",0.7
"31150",2010,"population","fertility","15-19 (simulated)","births per 1000",3.2
"31150",2015,"population","fertility","15-19 (simulated)","births per 1000",1.2
"31150",2020,"population","fertility","15-19 (simulated)","births per 1000",0.7
"31160",2010,"population","fertility","15-19 (simulated)","births per 1000",1
"31160",2015,"population","fertility","15-19 (simulated)","births per 1000",0.3
"31160",2020,"population","fertility","15-19 (simulated)","births per 1000",0.7
"31170",2010,"population","fertility","15-19 (simulated)","births per 1000",1.6
"31170",2015,"population","fertility","15-19 (simulated)","births per 1000",1.4
"31170",2020,"population","fertility","15-19 (simulated)","births per 1000",0.5
"31180",2010,"population","fertility","15-19 (simulated)","births per 1000",1.1
"31180",2015,"population","fertility","15-19 (simulated)","births per 1000",0.5
"31180",2020,"population","fertility","15-19 (simulated)","births per 1000",0.4
"31190",2010,"population","fertility","15-19 (simulated)","births per 1000",1.7
"31190",2015,"population","fertility","15-19 (simulated)","births per 1000",0.9
"31190",2020,"population","fertility","15-19 (simulated)","births per 1000",0.5
"31191",2010,"population","fertility","15-19 (simulated)","births per 1000",4.3
"31191",2015,"population","fertility","15-19 (simulated)","births per 1000",2.2
"31191",2020,"population","fertility","15-19 (simulated)","births per 1000",0.8
"31192",2010,"population","fertility","15-19 (simulated)","births per 1000",0.8
"31192",2015,"population","fertility","15-19 (simulated)","births per 1000",0.8
"31192",2020,"population","fertility","15-19 (simulated)","births per 1000",0.8
"31193",2010,"population","fertility","15-19 (simulated)","births per 1000",0.9
"31193",2015,"population","fertility","15-19 (simulated)","births per 1000",0.3
"31193",2020,"population","fertility","15-19 (simulated)","births per 1000",0
"31200",2010,"population","fertility","15-19 (simulated)","births per 1000",1.2
"31200",2015,"population","fertility","15-19 (simulated)","births per 1000",1.1
"31200",2020,"population","fertility","15-19 (simulated)","births per 1000",0.9
"31210",2010,"population","fertility","15-19 (simulated)","births per 1000",2.4
"31210",2015,"population","fertility","15-19 (simulated)","births per 1000",2
"31210",2020,"population","fertility","15-19 (simulated)","births per 1000",1.1
"31220",2010,"population","fertility","15-19 (simulated)","births per 1000",2.5
"31220",2015,"population","fertility","15-19 (simulated)","births per 1000",1.5
"31220",2020,"population","fertility","15-19 (simulated)","births per 1000",0.4
"31230",2010,"population","fertility","15-19 (simulated)","births per 1000",2
"31230",2015,"population","fertility","15-19 (simulated)","births per 1000",0.8
"31230",2020,"population","fertility","15-19 (simulated)","births per 1000",0.6
"31240",2010,"population","fertility","15-19 (simulated)","births per 1000",2.4
"31240",2015,"population","fertility","15-19 (simulated)","births per 1000",1.2
"31240",2020,"population","fertility","15-19 (simulated)","births per 1000",1
"31250",2010,"population","fertility","15-19 (simulated)","births per 1000",1.5
"31250",2015,"population","fertility","15-19 (simulated)","births per 1000",1.7
"31250",2020,"population","fertility","15-19 (simulated)","births per 1000",0.7
"31260",2010,"population","fertility","15-19 (simulated)","births per 1000",2
"31260",2015,"population","fertility","15-19 (simulated)","births per 1000",1.2
"31260",2020,"population","fertility","15-19 (simulated)","births per 1000",1.5
"31270",2010,"population","fertility","15-19 (simulated)","births per 1000",2.7
"31270",2015,"population","fertility","15-19 (simulated)","births per 1000",2.5
"31270",2020,"population","fertility","15-19 (simulated)","births per 1000",0.6
"31280",2010,"population","fertility","15-19 (simulated)","births per 1000",NA
"31280",2015,"population","fertility","15-19 (simulated)","births per 1000",2.4
"31280",2020,"population","fertility","15-19 (simulated)","births per 1000",1.2
"31310",2010,"population","fertility","15-19 (simulated)","births per 1000",NA
"31310",2015,"population","fertility","15-19 (simulated)","births per 1000",NA
"31310",2020,"population","fertility","15-19 (simulated)","births per 1000",NA
"31320",2010,"population","fertility","15-19 (simulated)","births per 1000",3.3
"31320",2015,"population","fertility","15-19 (simulated)","births per 1000",NA
"31320",2020,"population","fertility","15-19 (simulated)","births per 1000",NA
"31330",2010,"population","fertility","15-19 (simulated)","births per 1000",NA
"31330",2015,"population","fertility","15-19 (simulated)","births per 1000",NA
"31330",2020,"population","fertility","15-19 (simulated)","births per 1000",NA
"31340",2010,"population","fertility","15-19 (simulated)","births per 1000",NA
"31340",2015,"population","fertility","15-19 (simulated)","births per 1000",NA
"31340",2020,"population","fertility","15-19 (simulated)","births per 1000",NA
"31350",2010,"population","fertility","15-19 (simulated)","births per 1000",2.4
"31350",2015,"population","fertility","15-19 (simulated)","births per 1000",2.8
"31350",2020,"population","fertility","15-19 (simulated)","births per 1000",2.4
"31360",2010,"population","fertility","15-19 (simulated)","births per 1000",NA
"31360",2015,"population","fertility","15-19 (simulated)","births per 1000",NA
"31360",2020,"population","fertility","15-19 (simulated)","births per 1000",NA
"31370",2010,"population","fertility","15-19 (simulated)","births per 1000",2.7
"31370",2015,"population","fertility","15-19 (simulated)","births per 1000",0.6
"31370",2020,"population","fertility","15-19 (simulated)","births per 1000",2.5
"31380",2010,"population","fertility","15-19 (simulated)","births per 1000",1.6
"31380",2015,"population","fertility","15-19 (simulated)","births per 1000",1.9
"31380",2020,"population","fertility","15-19 (simulated)","births per 1000",0.4
"32010",2010,"population","fertility","15-19 (simulated)","births per 1000",1.5
"32010",2015,"population","fertility","15-19 (simulated)","births per 1000",1.3
"32010",2020,"population","fertility","15-19 (simulated)","births per 1000",0.7
"32020",2010,"population","fertility","15-19 (simulated)","births per 1000",1.7
"32020",2015,"population","fertility","15-19 (simulated)","births per 1000",1.7
"32020",2020,"population","fertility","15-19 (simulated)","births per 1000",0.6
"32030",2010,"population","fertility","15-19 (simulated)","births per 1000",1.3
"32030",2015,"population","fertility","15-19 (simulated)","births per 1000",2.2
"32030",2020,"population","fertility","15-19 (simulated)","births per 1000",1.4
"32040",2010,"population","fertility","15-19 (simulated)","births per 1000",3.8
"32040",2015,"population","fertility","15-19 (simulated)","births per 1000",2.8
"32040",2020,"population","fertility","15-19 (simulated)","births per 1000",1.3
"32050",2010,"population","fertility","15-19 (simulated)","births per 1000",1.4
"32050",2015,"population","fertility","15-19 (simulated)","births per 1000",4.7
"32050",2020,"population","fertility","15-19 (simulated)","births per 1000",2
"32060",2010,"population","fertility","15-19 (simulated)","births per 1000",1.8
"32060",2015,"population","fertility","15-19 (simulated)","births per 1000",3.4
"32060",2020,"population","fertility","15-19 (simulated)","births per 1000",1.5
"32070",2010,"population","fertility","15-19 (simulated)","births per 1000",3.5
"32070",2015,"population","fertility","15-19 (simulated)","births per 1000",1.4
"32070",2020,"population","fertility","15-19 (simulated)","births per 1000",0.7
"32310",2010,"population","fertility","15-19 (simulated)","births per 1000",3.6
"32310",2015,"population","fertility","15-19 (simulated)","births per 1000",3.1
"32310",2020,"population","fertility","15-19 (simulated)","births per 1000",2.8
"32320",2010,"population","fertility","15-19 (simulated)","births per 1000",3.2
"32320",2015,"population","fertility","15-19 (simulated)","births per 1000",2.3
"32320",2020,"population","fertility","15-19 (simulated)","births per 1000",5.1
"32330",2010,"population","fertility","15-19 (simulated)","births per 1000",1.9
"32330",2015,"population","fertility","15-19 (simulated)","births per 1000",2.9
"32330",2020,"population","fertility","15-19 (simulated)","births per 1000",2.5
"32340",2010,"population","fertility","15-19 (simulated)","births per 1000",2.8
"32340",2015,"population","fertility","15-19 (simulated)","births per 1000",3.9
"32340",2020,"population","fertility","15-19 (simulated)","births per 1000",1.3
"32350",2010,"population","fertility","15-19 (simulated)","births per 1000",3.2
"32350",2015,"population","fertility","15-19 (simulated)","births per 1000",0
"32350",2020,"population","fertility","15-19 (simulated)","births per 1000",3
"32360",2010,"population","fertility","15-19 (simulated)","births per 1000",3.6
"32360",2015,"population","fertility","15-19 (simulated)","births per 1000",2.3
"32360",2020,"population","fertility","15-19 (simulated)","births per 1000",2.9
"32370",2010,"population","fertility","15-19 (simulated)","births per 1000",0
"32370",2015,"population","fertility","15-19 (simulated)","births per 1000",1.6
"32370",2020,"population","fertility","15-19 (simulated)","births per 1000",0
"32380",2010,"population","fertility","15-19 (simulated)","births per 1000",0
"32380",2015,"population","fertility","15-19 (simulated)","births per 1000",1.3
"32380",2020,"population","fertility","15-19 (simulated)","births per 1000",3.2
"32390",2010,"population","fertility","15-19 (simulated)","births per 1000",3.7
"32390",2015,"population","fertility","15-19 (simulated)","births per 1000",5
"32390",2020,"population","fertility","15-19 (simulated)","births per 1000",0
"32400",2010,"population","fertility","15-19 (simulated)","births per 1000",2.5
"32400",2015,"population","fertility","15-19 (simulated)","births per 1000",1.4
"32400",2020,"population","fertility","15-19 (simulated)","births per 1000",0
"32410",2010,"population","fertility","15-19 (simulated)","births per 1000",2.9
"32410",2015,"population","fertility","15-19 (simulated)","births per 1000",1.6
"32410",2020,"population","fertility","15-19 (simulated)","births per 1000",2
"33010",2010,"population","fertility","15-19 (simulated)","births per 1000",1.8
"33010",2015,"population","fertility","15-19 (simulated)","births per 1000",NA
"33010",2020,"population","fertility","15-19 (simulated)","births per 1000",NA
"33011",2010,"population","fertility","15-19 (simulated)","births per 1000",1.8
"33011",2015,"population","fertility","15-19 (simulated)","births per 1000",NA
"33011",2020,"population","fertility","15-19 (simulated)","births per 1000",NA
"33012",2010,"population","fertility","15-19 (simulated)","births per 1000",1.7
"33012",2015,"population","fertility","15-19 (simulated)","births per 1000",NA
"33012",2020,"population","fertility","15-19 (simulated)","births per 1000",NA
"33020",2010,"population","fertility","15-19 (simulated)","births per 1000",2.6
"33020",2015,"population","fertility","15-19 (simulated)","births per 1000",2.2
"33020",2020,"population","fertility","15-19 (simulated)","births per 1000",1.4
"33030",2010,"population","fertility","15-19 (simulated)","births per 1000",2.1
"33030",2015,"population","fertility","15-19 (simulated)","births per 1000",2.4
"33030",2020,"population","fertility","15-19 (simulated)","births per 1000",0.6
"33040",2010,"population","fertility","15-19 (simulated)","births per 1000",NA
"33040",2015,"population","fertility","15-19 (simulated)","births per 1000",1.8
"33040",2020,"population","fertility","15-19 (simulated)","births per 1000",1
"33041",2010,"population","fertility","15-19 (simulated)","births per 1000",NA
"33041",2015,"population","fertility","15-19 (simulated)","births per 1000",1.4
"33041",2020,"population","fertility","15-19 (simulated)","births per 1000",0.4
"33042",2010,"population","fertility","15-19 (simulated)","births per 1000",NA
"33042",2015,"population","fertility","15-19 (simulated)","births per 1000",1.7
"33042",2020,"population","fertility","15-19 (simulated)","births per 1000",1.5
"33043",2010,"population","fertility","15-19 (simulated)","births per 1000",NA
"33043",2015,"population","fertility","15-19 (simulated)","births per 1000",2.5
"33043",2020,"population","fertility","15-19 (simulated)","births per 1000",1.1
"33044",2010,"population","fertility","15-19 (simulated)","births per 1000",NA
"33044",2015,"population","fertility","15-19 (simulated)","births per 1000",1.1
"33044",2020,"population","fertility","15-19 (simulated)","births per 1000",1.1
"33310",2010,"population","fertility","15-19 (simulated)","births per 1000",1
"33310",2015,"population","fertility","15-19 (simulated)","births per 1000",NA
"33310",2020,"population","fertility","15-19 (simulated)","births per 1000",NA
"33320",2010,"population","fertility","15-19 (simulated)","births per 1000",3.5
"33320",2015,"population","fertility","15-19 (simulated)","births per 1000",6.1
"33320",2020,"population","fertility","15-19 (simulated)","births per 1000",5.2
"33330",2010,"population","fertility","15-19 (simulated)","births per 1000",5.7
"33330",2015,"population","fertility","15-19 (simulated)","births per 1000",2.9
"33330",2020,"population","fertility","15-19 (simulated)","births per 1000",1
"33340",2010,"population","fertility","15-19 (simulated)","births per 1000",1.5
"33340",2015,"population","fertility","15-19 (simulated)","births per 1000",0
"33340",2020,"population","fertility","15-19 (simulated)","births per 1000",1
"33350",2010,"population","fertility","15-19 (simulated)","births per 1000",3.5
"33350",2015,"population","fertility","15-19 (simulated)","births per 1000",2.6
"33350",2020,"population","fertility","15-19 (simulated)","births per 1000",1.1
"33360",2010,"population","fertility","15-19 (simulated)","births per 1000",3.8
"33360",2015,"population","fertility","15-19 (simulated)","births per 1000",2.7
"33360",2020,"population","fertility","15-19 (simulated)","births per 1000",1.7
"33370",2010,"population","fertility","15-19 (simulated)","births per 1000",2.8
"33370",2015,"population","fertility","15-19 (simulated)","births per 1000",2
"33370",2020,"population","fertility","15-19 (simulated)","births per 1000",0.5
"33380",2010,"population","fertility","15-19 (simulated)","births per 1000",2.6
"33380",2015,"population","fertility","15-19 (simulated)","births per 1000",1.4
"33380",2020,"population","fertility","15-19 (simulated)","births per 1000",1.9
"33390",2010,"population","fertility","15-19 (simulated)","births per 1000",2.9
"33390",2015,"population","fertility","15-19 (simulated)","births per 1000",0.9
"33390",2020,"population","fertility","15-19 (simulated)","births per 1000",2.5
"34010",2010,"population","fertility","15-19 (simulated)","births per 1000",1.9
"34010",2015,"population","fertility","15-19 (simulated)","births per 1000",2
"34010",2020,"population","fertility","15-19 (simulated)","births per 1000",0.8
"34011",2010,"population","fertility","15-19 (simulated)","births per 1000",2.6
"34011",2015,"population","fertility","15-19 (simulated)","births per 1000",2.4
"34011",2020,"population","fertility","15-19 (simulated)","births per 1000",0.9
"34012",2010,"population","fertility","15-19 (simulated)","births per 1000",1.5
"34012",2015,"population","fertility","15-19 (simulated)","births per 1000",1.8
"34012",2020,"population","fertility","15-19 (simulated)","births per 1000",0.8
"34020",2010,"population","fertility","15-19 (simulated)","births per 1000",1.6
"34020",2015,"population","fertility","15-19 (simulated)","births per 1000",3.7
"34020",2020,"population","fertility","15-19 (simulated)","births per 1000",1.4
"34030",2010,"population","fertility","15-19 (simulated)","births per 1000",2.7
"34030",2015,"population","fertility","15-19 (simulated)","births per 1000",2.1
"34030",2020,"population","fertility","15-19 (simulated)","births per 1000",1.9
"34040",2010,"population","fertility","15-19 (simulated)","births per 1000",2.4
"34040",2015,"population","fertility","15-19 (simulated)","births per 1000",1.2
"34040",2020,"population","fertility","15-19 (simulated)","births per 1000",0.6
"34050",2010,"population","fertility","15-19 (simulated)","births per 1000",2.3
"34050",2015,"population","fertility","15-19 (simulated)","births per 1000",2.3
"34050",2020,"population","fertility","15-19 (simulated)","births per 1000",1.5
"34060",2010,"population","fertility","15-19 (simulated)","births per 1000",2.9
"34060",2015,"population","fertility","15-19 (simulated)","births per 1000",2.2
"34060",2020,"population","fertility","15-19 (simulated)","births per 1000",1.2
"34070",2010,"population","fertility","15-19 (simulated)","births per 1000",0.6
"34070",2015,"population","fertility","15-19 (simulated)","births per 1000",0.6
"34070",2020,"population","fertility","15-19 (simulated)","births per 1000",0
"34080",2010,"population","fertility","15-19 (simulated)","births per 1000",NA
"34080",2015,"population","fertility","15-19 (simulated)","births per 1000",2.1
"34080",2020,"population","fertility","15-19 (simulated)","births per 1000",2.2
"34310",2010,"population","fertility","15-19 (simulated)","births per 1000",6.1
"34310",2015,"population","fertility","15-19 (simulated)","births per 1000",0.8
"34310",2020,"population","fertility","15-19 (simulated)","births per 1000",1.8
"34320",2010,"population","fertility","15-19 (simulated)","births per 1000",3.9
"34320",2015,"population","fertility","15-19 (simulated)","births per 1000",NA
"34320",2020,"population","fertility","15-19 (simulated)","births per 1000",NA
"34330",2010,"population","fertility","15-19 (simulated)","births per 1000",4.4
"34330",2015,"population","fertility","15-19 (simulated)","births per 1000",2.7
"34330",2020,"population","fertility","15-19 (simulated)","births per 1000",1.6
"34340",2010,"population","fertility","15-19 (simulated)","births per 1000",4.5
"34340",2015,"population","fertility","15-19 (simulated)","births per 1000",0.7
"34340",2020,"population","fertility","15-19 (simulated)","births per 1000",0
"34350",2010,"population","fertility","15-19 (simulated)","births per 1000",13
"34350",2015,"population","fertility","15-19 (simulated)","births per 1000",1.2
"34350",2020,"population","fertility","15-19 (simulated)","births per 1000",0
"34360",2010,"population","fertility","15-19 (simulated)","births per 1000",1.5
"34360",2015,"population","fertility","15-19 (simulated)","births per 1000",2
"34360",2020,"population","fertility","15-19 (simulated)","births per 1000",1.2
"34370",2010,"population","fertility","15-19 (simulated)","births per 1000",5.8
"34370",2015,"population","fertility","15-19 (simulated)","births per 1000",2.7
"34370",2020,"population","fertility","15-19 (simulated)","births per 1000",3.3
"34380",2010,"population","fertility","15-19 (simulated)","births per 1000",2.5
"34380",2015,"population","fertility","15-19 (simulated)","births per 1000",2
"34380",2020,"population","fertility","15-19 (simulated)","births per 1000",0.9
"34390",2010,"population","fertility","15-19 (simulated)","births per 1000",1.8
"34390",2015,"population","fertility","15-19 (simulated)","births per 1000",NA
"34390",2020,"population","fertility","15-19 (simulated)","births per 1000",NA
"35010",2010,"population","fertility","15-19 (simulated)","births per 1000",1.8
"35010",2015,"population","fertility","15-19 (simulated)","births per 1000",1.3
"35010",2020,"population","fertility","15-19 (simulated)","births per 1000",0.7
"35011",2010,"population","fertility","15-19 (simulated)","births per 1000",1.6
"35011",2015,"population","fertility","15-19 (simulated)","births per 1000",1.1
"35011",2020,"population","fertility","15-19 (simulated)","births per 1000",0.5
"35012",2010,"population","fertility","15-19 (simulated)","births per 1000",2
"35012",2015,"population","fertility","15-19 (simulated)","births per 1000",1.4
"35012",2020,"population","fertility","15-19 (simulated)","births per 1000",0.9
"35020",2010,"population","fertility","15-19 (simulated)","births per 1000",2.7
"35020",2015,"population","fertility","15-19 (simulated)","births per 1000",2.3
"35020",2020,"population","fertility","15-19 (simulated)","births per 1000",1
"35030",2010,"population","fertility","15-19 (simulated)","births per 1000",3.1
"35030",2015,"population","fertility","15-19 (simulated)","births per 1000",2.2
"35030",2020,"population","fertility","15-19 (simulated)","births per 1000",1.2
"35040",2010,"population","fertility","15-19 (simulated)","births per 1000",3.7
"35040",2015,"population","fertility","15-19 (simulated)","births per 1000",2.5
"35040",2020,"population","fertility","15-19 (simulated)","births per 1000",1.6
"35050",2010,"population","fertility","15-19 (simulated)","births per 1000",1.9
"35050",2015,"population","fertility","15-19 (simulated)","births per 1000",1.6
"35050",2020,"population","fertility","15-19 (simulated)","births per 1000",1
"35060",2010,"population","fertility","15-19 (simulated)","births per 1000",4.1
"35060",2015,"population","fertility","15-19 (simulated)","births per 1000",3.1
"35060",2020,"population","fertility","15-19 (simulated)","births per 1000",1.8
"35310",2010,"population","fertility","15-19 (simulated)","births per 1000",6.3
"35310",2015,"population","fertility","15-19 (simulated)","births per 1000",3.4
"35310",2020,"population","fertility","15-19 (simulated)","births per 1000",1.5
"35320",2010,"population","fertility","15-19 (simulated)","births per 1000",3.4
"35320",2015,"population","fertility","15-19 (simulated)","births per 1000",1.8
"35320",2020,"population","fertility","15-19 (simulated)","births per 1000",4.7
"35330",2010,"population","fertility","15-19 (simulated)","births per 1000",3.1
"35330",2015,"population","fertility","15-19 (simulated)","births per 1000",0
"35330",2020,"population","fertility","15-19 (simulated)","births per 1000",4.4
"35340",2010,"population","fertility","15-19 (simulated)","births per 1000",5.6
"35340",2015,"population","fertility","15-19 (simulated)","births per 1000",0
"35340",2020,"population","fertility","15-19 (simulated)","births per 1000",4.7
"35350",2010,"population","fertility","15-19 (simulated)","births per 1000",4.3
"35350",2015,"population","fertility","15-19 (simulated)","births per 1000",1.6
"35350",2020,"population","fertility","15-19 (simulated)","births per 1000",0
"35360",2010,"population","fertility","15-19 (simulated)","births per 1000",6.9
"35360",2015,"population","fertility","15-19 (simulated)","births per 1000",0
"35360",2020,"population","fertility","15-19 (simulated)","births per 1000",0
"35370",2010,"population","fertility","15-19 (simulated)","births per 1000",4.9
"35370",2015,"population","fertility","15-19 (simulated)","births per 1000",3.1
"35370",2020,"population","fertility","15-19 (simulated)","births per 1000",2.7
"35380",2010,"population","fertility","15-19 (simulated)","births per 1000",3.8
"35380",2015,"population","fertility","15-19 (simulated)","births per 1000",3.4
"35380",2020,"population","fertility","15-19 (simulated)","births per 1000",0
"36010",2010,"population","fertility","15-19 (simulated)","births per 1000",3.3
"36010",2015,"population","fertility","15-19 (simulated)","births per 1000",3.7
"36010",2020,"population","fertility","15-19 (simulated)","births per 1000",1.4
"36020",2010,"population","fertility","15-19 (simulated)","births per 1000",1.5
"36020",2015,"population","fertility","15-19 (simulated)","births per 1000",1.6
"36020",2020,"population","fertility","15-19 (simulated)","births per 1000",1.2
"36030",2010,"population","fertility","15-19 (simulated)","births per 1000",0.4
"36030",2015,"population","fertility","15-19 (simulated)","births per 1000",1.1
"36030",2020,"population","fertility","15-19 (simulated)","births per 1000",0.6
"36040",2010,"population","fertility","15-19 (simulated)","births per 1000",2.5
"36040",2015,"population","fertility","15-19 (simulated)","births per 1000",4
"36040",2020,"population","fertility","15-19 (simulated)","births per 1000",3.9
"36060",2010,"population","fertility","15-19 (simulated)","births per 1000",3.4
"36060",2015,"population","fertility","15-19 (simulated)","births per 1000",1.7
"36060",2020,"population","fertility","15-19 (simulated)","births per 1000",1.4
"36310",2010,"population","fertility","15-19 (simulated)","births per 1000",3.3
"36310",2015,"population","fertility","15-19 (simulated)","births per 1000",2.8
"36310",2020,"population","fertility","15-19 (simulated)","births per 1000",2.5
"36320",2010,"population","fertility","15-19 (simulated)","births per 1000",2.2
"36320",2015,"population","fertility","15-19 (simulated)","births per 1000",3.9
"36320",2020,"population","fertility","15-19 (simulated)","births per 1000",0
"36330",2010,"population","fertility","15-19 (simulated)","births per 1000",7
"36330",2015,"population","fertility","15-19 (simulated)","births per 1000",1.5
"36330",2020,"population","fertility","15-19 (simulated)","births per 1000",2
"36350",2010,"population","fertility","15-19 (simulated)","births per 1000",3.5
"36350",2015,"population","fertility","15-19 (simulated)","births per 1000",2
"36350",2020,"population","fertility","15-19 (simulated)","births per 1000",1.9
"36360",2010,"population","fertility","15-19 (simulated)","births per 1000",2.7
"36360",2015,"population","fertility","15-19 (simulated)","births per 1000",1.9
"36360",2020,"population","fertility","15-19 (simulated)","births per 1000",2.8
"36370",2010,"population","fertility","15-19 (simulated)","births per 1000",4.9
"36370",2015,"population","fertility","15-19 (simulated)","births per 1000",0.9
"36370",2020,"population","fertility","15-19 (simulated)","births per 1000",0
"36380",2010,"population","fertility","15-19 (simulated)","births per 1000",2.7
"36380",2015,"population","fertility","15-19 (simulated)","births per 1000",5.8
"36380",2020,"population","fertility","15-19 (simulated)","births per 1000",1.3
"36390",2010,"population","fertility","15-19 (simulated)","births per 1000",5.4
"36390",2015,"population","fertility","15-19 (simulated)","births per 1000",2
"36390",2020,"population","fertility","15-19 (simulated)","births per 1000",1.5
"36400",2010,"population","fertility","15-19 (simulated)","births per 1000",4.8
"36400",2015,"population","fertility","15-19 (simulated)","births per 1000",3.1
"36400",2020,"population","fertility","15-19 (simulated)","births per 1000",2.1
"36410",2010,"population","fertility","15-19 (simulated)","births per 1000",6.4
"36410",2015,"population","fertility","15-19 (simulated)","births per 1000",1.3
"36410",2020,"population","fertility","15-19 (simulated)","births per 1000",1.7
"36420",2010,"population","fertility","15-19 (simulated)","births per 1000",2.9
"36420",2015,"population","fertility","15-19 (simulated)","births per 1000",1.2
"36420",2020,"population","fertility","15-19 (simulated)","births per 1000",0
"36430",2010,"population","fertility","15-19 (simulated)","births per 1000",4.5
"36430",2015,"population","fertility","15-19 (simulated)","births per 1000",2.5
"36430",2020,"population","fertility","15-19 (simulated)","births per 1000",3.6
"36440",2010,"population","fertility","15-19 (simulated)","births per 1000",5.6
"36440",2015,"population","fertility","15-19 (simulated)","births per 1000",1.3
"36440",2020,"population","fertility","15-19 (simulated)","births per 1000",2.8
"36450",2010,"population","fertility","15-19 (simulated)","births per 1000",3.4
"36450",2015,"population","fertility","15-19 (simulated)","births per 1000",2.7
"36450",2020,"population","fertility","15-19 (simulated)","births per 1000",1.2
"36460",2010,"population","fertility","15-19 (simulated)","births per 1000",6.4
"36460",2015,"population","fertility","15-19 (simulated)","births per 1000",2.4
"36460",2020,"population","fertility","15-19 (simulated)","births per 1000",2.1
"36470",2010,"population","fertility","15-19 (simulated)","births per 1000",4.8
"36470",2015,"population","fertility","15-19 (simulated)","births per 1000",1.3
"36470",2020,"population","fertility","15-19 (simulated)","births per 1000",6.7
"36480",2010,"population","fertility","15-19 (simulated)","births per 1000",5.8
"36480",2015,"population","fertility","15-19 (simulated)","births per 1000",2.3
"36480",2020,"population","fertility","15-19 (simulated)","births per 1000",1.8
"37010",2010,"population","fertility","15-19 (simulated)","births per 1000",2.3
"37010",2015,"population","fertility","15-19 (simulated)","births per 1000",1.3
"37010",2020,"population","fertility","15-19 (simulated)","births per 1000",0.9
"37011",2010,"population","fertility","15-19 (simulated)","births per 1000",2.6
"37011",2015,"population","fertility","15-19 (simulated)","births per 1000",1.8
"37011",2020,"population","fertility","15-19 (simulated)","births per 1000",1.7
"37012",2010,"population","fertility","15-19 (simulated)","births per 1000",2.1
"37012",2015,"population","fertility","15-19 (simulated)","births per 1000",0.9
"37012",2020,"population","fertility","15-19 (simulated)","births per 1000",0.3
"37020",2010,"population","fertility","15-19 (simulated)","births per 1000",1.9
"37020",2015,"population","fertility","15-19 (simulated)","births per 1000",1.2
"37020",2020,"population","fertility","15-19 (simulated)","births per 1000",1.3
"37030",2010,"population","fertility","15-19 (simulated)","births per 1000",5.2
"37030",2015,"population","fertility","15-19 (simulated)","births per 1000",0.3
"37030",2020,"population","fertility","15-19 (simulated)","births per 1000",1.6
"37040",2010,"population","fertility","15-19 (simulated)","births per 1000",2.6
"37040",2015,"population","fertility","15-19 (simulated)","births per 1000",1.1
"37040",2020,"population","fertility","15-19 (simulated)","births per 1000",1.4
"37050",2010,"population","fertility","15-19 (simulated)","births per 1000",1.8
"37050",2015,"population","fertility","15-19 (simulated)","births per 1000",2.3
"37050",2020,"population","fertility","15-19 (simulated)","births per 1000",0.9
"37060",2010,"population","fertility","15-19 (simulated)","births per 1000",1.9
"37060",2015,"population","fertility","15-19 (simulated)","births per 1000",2.6
"37060",2020,"population","fertility","15-19 (simulated)","births per 1000",0
"37070",2010,"population","fertility","15-19 (simulated)","births per 1000",1.9
"37070",2015,"population","fertility","15-19 (simulated)","births per 1000",2.1
"37070",2020,"population","fertility","15-19 (simulated)","births per 1000",2.4
"37080",2010,"population","fertility","15-19 (simulated)","births per 1000",3.3
"37080",2015,"population","fertility","15-19 (simulated)","births per 1000",1.6
"37080",2020,"population","fertility","15-19 (simulated)","births per 1000",0.5
"37090",2010,"population","fertility","15-19 (simulated)","births per 1000",3.4
"37090",2015,"population","fertility","15-19 (simulated)","births per 1000",4.6
"37090",2020,"population","fertility","15-19 (simulated)","births per 1000",0.7
"37100",2010,"population","fertility","15-19 (simulated)","births per 1000",2.9
"37100",2015,"population","fertility","15-19 (simulated)","births per 1000",1.8
"37100",2020,"population","fertility","15-19 (simulated)","births per 1000",0
"37310",2010,"population","fertility","15-19 (simulated)","births per 1000",0
"37310",2015,"population","fertility","15-19 (simulated)","births per 1000",0
"37310",2020,"population","fertility","15-19 (simulated)","births per 1000",0
"37320",2010,"population","fertility","15-19 (simulated)","births per 1000",8.4
"37320",2015,"population","fertility","15-19 (simulated)","births per 1000",1.1
"37320",2020,"population","fertility","15-19 (simulated)","births per 1000",0
"37330",2010,"population","fertility","15-19 (simulated)","births per 1000",0
"37330",2015,"population","fertility","15-19 (simulated)","births per 1000",0
"37330",2020,"population","fertility","15-19 (simulated)","births per 1000",0
"37340",2010,"population","fertility","15-19 (simulated)","births per 1000",5.1
"37340",2015,"population","fertility","15-19 (simulated)","births per 1000",0
"37340",2020,"population","fertility","15-19 (simulated)","births per 1000",0
"37350",2010,"population","fertility","15-19 (simulated)","births per 1000",4.7
"37350",2015,"population","fertility","15-19 (simulated)","births per 1000",0
"37350",2020,"population","fertility","15-19 (simulated)","births per 1000",0
"37360",2010,"population","fertility","15-19 (simulated)","births per 1000",0
"37360",2015,"population","fertility","15-19 (simulated)","births per 1000",1.1
"37360",2020,"population","fertility","15-19 (simulated)","births per 1000",1.6
"37370",2010,"population","fertility","15-19 (simulated)","births per 1000",2.7
"37370",2015,"population","fertility","15-19 (simulated)","births per 1000",2.6
"37370",2020,"population","fertility","15-19 (simulated)","births per 1000",0
"37380",2010,"population","fertility","15-19 (simulated)","births per 1000",3.7
"37380",2015,"population","fertility","15-19 (simulated)","births per 1000",3.3
"37380",2020,"population","fertility","15-19 (simulated)","births per 1000",5.2
"37390",2010,"population","fertility","15-19 (simulated)","births per 1000",3.4
"37390",2015,"population","fertility","15-19 (simulated)","births per 1000",1.5
"37390",2020,"population","fertility","15-19 (simulated)","births per 1000",1.1
"37400",2010,"population","fertility","15-19 (simulated)","births per 1000",3
"37400",2015,"population","fertility","15-19 (simulated)","births per 1000",3.4
"37400",2020,"population","fertility","15-19 (simulated)","births per 1000",2.1
"37410",2010,"population","fertility","15-19 (simulated)","births per 1000",2.7
"37410",2015,"population","fertility","15-19 (simulated)","births per 1000",0
"37410",2020,"population","fertility","15-19 (simulated)","births per 1000",2.1
"37420",2010,"population","fertility","15-19 (simulated)","births per 1000",4.3
"37420",2015,"population","fertility","15-19 (simulated)","births per 1000",1.5
"37420",2020,"population","fertility","15-19 (simulated)","births per 1000",3.1
"37430",2010,"population","fertility","15-19 (simulated)","births per 1000",0
"37430",2015,"population","fertility","15-19 (simulated)","births per 1000",0
"37430",2020,"population","fertility","15-19 (simulated)","births per 1000",0
"38010",2010,"population","fertility","15-19 (simulated)","births per 1000",NA
"38010",2015,"population","fertility","15-19 (simulated)","births per 1000",NA
"38010",2020,"population","fertility","15-19 (simulated)","births per 1000",NA
"38020",2010,"population","fertility","15-19 (simulated)","births per 1000",NA
"38020",2015,"population","fertility","15-19 (simulated)","births per 1000",NA
"38020",2020,"population","fertility","15-19 (simulated)","births per 1000",NA
"38021",2010,"population","fertility","15-19 (simulated)","births per 1000",NA
"38021",2015,"population","fertility","15-19 (simulated)","births per 1000",NA
"38021",2020,"population","fertility","15-19 (simulated)","births per 1000",NA
"38022",2010,"population","fertility","15-19 (simulated)","births per 1000",NA
"38022",2015,"population","fertility","15-19 (simulated)","births per 1000",NA
"38022",2020,"population","fertility","15-19 (simulated)","births per 1000",NA
"38030",2010,"population","fertility","15-19 (simulated)","births per 1000",2.2
"38030",2015,"population","fertility","15-19 (simulated)","births per 1000",1.7
"38030",2020,"population","fertility","15-19 (simulated)","births per 1000",0.7
"38040",2010,"population","fertility","15-19 (simulated)","births per 1000",NA
"38040",2015,"population","fertility","15-19 (simulated)","births per 1000",NA
"38040",2020,"population","fertility","15-19 (simulated)","births per 1000",NA
"38050",2010,"population","fertility","15-19 (simulated)","births per 1000",5
"38050",2015,"population","fertility","15-19 (simulated)","births per 1000",3.9
"38050",2020,"population","fertility","15-19 (simulated)","births per 1000",1
"38060",2010,"population","fertility","15-19 (simulated)","births per 1000",2.7
"38060",2015,"population","fertility","15-19 (simulated)","births per 1000",2
"38060",2020,"population","fertility","15-19 (simulated)","births per 1000",0.4
"38070",2010,"population","fertility","15-19 (simulated)","births per 1000",1.2
"38070",2015,"population","fertility","15-19 (simulated)","births per 1000",1.3
"38070",2020,"population","fertility","15-19 (simulated)","births per 1000",0.7
"38080",2010,"population","fertility","15-19 (simulated)","births per 1000",2.3
"38080",2015,"population","fertility","15-19 (simulated)","births per 1000",0
"38080",2020,"population","fertility","15-19 (simulated)","births per 1000",1
"38090",2010,"population","fertility","15-19 (simulated)","births per 1000",2.7
"38090",2015,"population","fertility","15-19 (simulated)","births per 1000",1.4
"38090",2020,"population","fertility","15-19 (simulated)","births per 1000",1.2
"38100",2010,"population","fertility","15-19 (simulated)","births per 1000",1.8
"38100",2015,"population","fertility","15-19 (simulated)","births per 1000",1.6
"38100",2020,"population","fertility","15-19 (simulated)","births per 1000",0.8
"38110",2010,"population","fertility","15-19 (simulated)","births per 1000",1.3
"38110",2015,"population","fertility","15-19 (simulated)","births per 1000",1.5
"38110",2020,"population","fertility","15-19 (simulated)","births per 1000",0.3
"38111",2010,"population","fertility","15-19 (simulated)","births per 1000",1.2
"38111",2015,"population","fertility","15-19 (simulated)","births per 1000",1
"38111",2020,"population","fertility","15-19 (simulated)","births per 1000",0.5
"38112",2010,"population","fertility","15-19 (simulated)","births per 1000",0.4
"38112",2015,"population","fertility","15-19 (simulated)","births per 1000",0.7
"38112",2020,"population","fertility","15-19 (simulated)","births per 1000",0
"38113",2010,"population","fertility","15-19 (simulated)","births per 1000",1
"38113",2015,"population","fertility","15-19 (simulated)","births per 1000",1.8
"38113",2020,"population","fertility","15-19 (simulated)","births per 1000",0.3
"38114",2010,"population","fertility","15-19 (simulated)","births per 1000",2.4
"38114",2015,"population","fertility","15-19 (simulated)","births per 1000",2.5
"38114",2020,"population","fertility","15-19 (simulated)","births per 1000",0.2
"38115",2010,"population","fertility","15-19 (simulated)","births per 1000",1.9
"38115",2015,"population","fertility","15-19 (simulated)","births per 1000",2.4
"38115",2020,"population","fertility","15-19 (simulated)","births per 1000",0.4
"38310",2010,"population","fertility","15-19 (simulated)","births per 1000",6.2
"38310",2015,"population","fertility","15-19 (simulated)","births per 1000",0
"38310",2020,"population","fertility","15-19 (simulated)","births per 1000",0
"38320",2010,"population","fertility","15-19 (simulated)","births per 1000",1.7
"38320",2015,"population","fertility","15-19 (simulated)","births per 1000",2.7
"38320",2020,"population","fertility","15-19 (simulated)","births per 1000",2.1
"38330",2010,"population","fertility","15-19 (simulated)","births per 1000",5.9
"38330",2015,"population","fertility","15-19 (simulated)","births per 1000",5.1
"38330",2020,"population","fertility","15-19 (simulated)","births per 1000",0.9
"38340",2010,"population","fertility","15-19 (simulated)","births per 1000",5.3
"38340",2015,"population","fertility","15-19 (simulated)","births per 1000",1.5
"38340",2020,"population","fertility","15-19 (simulated)","births per 1000",1
"38350",2010,"population","fertility","15-19 (simulated)","births per 1000",0
"38350",2015,"population","fertility","15-19 (simulated)","births per 1000",1
"38350",2020,"population","fertility","15-19 (simulated)","births per 1000",0
"38360",2010,"population","fertility","15-19 (simulated)","births per 1000",5.6
"38360",2015,"population","fertility","15-19 (simulated)","births per 1000",3.4
"38360",2020,"population","fertility","15-19 (simulated)","births per 1000",1.3
"38370",2010,"population","fertility","15-19 (simulated)","births per 1000",5.5
"38370",2015,"population","fertility","15-19 (simulated)","births per 1000",0
"38370",2020,"population","fertility","15-19 (simulated)","births per 1000",3.6
"38380",2010,"population","fertility","15-19 (simulated)","births per 1000",6
"38380",2015,"population","fertility","15-19 (simulated)","births per 1000",6
"38380",2020,"population","fertility","15-19 (simulated)","births per 1000",3.8
"38390",2010,"population","fertility","15-19 (simulated)","births per 1000",1.6
"38390",2015,"population","fertility","15-19 (simulated)","births per 1000",1.6
"38390",2020,"population","fertility","15-19 (simulated)","births per 1000",1.4
"38400",2010,"population","fertility","15-19 (simulated)","births per 1000",2.9
"38400",2015,"population","fertility","15-19 (simulated)","births per 1000",0.9
"38400",2020,"population","fertility","15-19 (simulated)","births per 1000",3
"39010",2010,"population","fertility","15-19 (simulated)","births per 1000",2
"39010",2015,"population","fertility","15-19 (simulated)","births per 1000",2.5
"39010",2020,"population","fertility","15-19 (simulated)","births per 1000",1
"39020",2010,"population","fertility","15-19 (simulated)","births per 1000",4.4
"39020",2015,"population","fertility","15-19 (simulated)","births per 1000",3.3
"39020",2020,"population","fertility","15-19 (simulated)","births per 1000",2.4
"39310",2010,"population","fertility","15-19 (simulated)","births per 1000",NA
"39310",2015,"population","fertility","15-19 (simulated)","births per 1000",NA
"39310",2020,"population","fertility","15-19 (simulated)","births per 1000",NA
"39320",2010,"population","fertility","15-19 (simulated)","births per 1000",NA
"39320",2015,"population","fertility","15-19 (simulated)","births per 1000",NA
"39320",2020,"population","fertility","15-19 (simulated)","births per 1000",NA
"23090",2020,"population","fertility","15-19 (simulated)","births per 1000",1.8
"11010",2010,"population","fertility","20-24","births per 1000",5.8
"11010",2015,"population","fertility","20-24","births per 1000",5.8
"11010",2020,"population","fertility","20-24","births per 1000",2.1
"11020",2010,"population","fertility","20-24","births per 1000",7.7
"11020",2015,"population","fertility","20-24","births per 1000",4.6
"11020",2020,"population","fertility","20-24","births per 1000",1.7
"11030",2010,"population","fertility","20-24","births per 1000",9.5
"11030",2015,"population","fertility","20-24","births per 1000",5.4
"11030",2020,"population","fertility","20-24","births per 1000",1.8
"11040",2010,"population","fertility","20-24","births per 1000",7.8
"11040",2015,"population","fertility","20-24","births per 1000",6.2
"11040",2020,"population","fertility","20-24","births per 1000",1.7
"11050",2010,"population","fertility","20-24","births per 1000",6.4
"11050",2015,"population","fertility","20-24","births per 1000",5.5
"11050",2020,"population","fertility","20-24","births per 1000",1.8
"11060",2010,"population","fertility","20-24","births per 1000",7.4
"11060",2015,"population","fertility","20-24","births per 1000",6.7
"11060",2020,"population","fertility","20-24","births per 1000",2.4
"11070",2010,"population","fertility","20-24","births per 1000",11.4
"11070",2015,"population","fertility","20-24","births per 1000",9.5
"11070",2020,"population","fertility","20-24","births per 1000",3.6
"11080",2010,"population","fertility","20-24","births per 1000",7.7
"11080",2015,"population","fertility","20-24","births per 1000",5.7
"11080",2020,"population","fertility","20-24","births per 1000",1.9
"11090",2010,"population","fertility","20-24","births per 1000",13
"11090",2015,"population","fertility","20-24","births per 1000",10.9
"11090",2020,"population","fertility","20-24","births per 1000",4
"11100",2010,"population","fertility","20-24","births per 1000",10.6
"11100",2015,"population","fertility","20-24","births per 1000",7
"11100",2020,"population","fertility","20-24","births per 1000",3.4
"11110",2010,"population","fertility","20-24","births per 1000",7.3
"11110",2015,"population","fertility","20-24","births per 1000",5.2
"11110",2020,"population","fertility","20-24","births per 1000",1.8
"11120",2010,"population","fertility","20-24","births per 1000",11.9
"11120",2015,"population","fertility","20-24","births per 1000",7.5
"11120",2020,"population","fertility","20-24","births per 1000",3
"11130",2010,"population","fertility","20-24","births per 1000",8.1
"11130",2015,"population","fertility","20-24","births per 1000",5.2
"11130",2020,"population","fertility","20-24","births per 1000",3
"11140",2010,"population","fertility","20-24","births per 1000",7.3
"11140",2015,"population","fertility","20-24","births per 1000",5.2
"11140",2020,"population","fertility","20-24","births per 1000",1.7
"11150",2010,"population","fertility","20-24","births per 1000",7.2
"11150",2015,"population","fertility","20-24","births per 1000",5.6
"11150",2020,"population","fertility","20-24","births per 1000",2.7
"11160",2010,"population","fertility","20-24","births per 1000",9.8
"11160",2015,"population","fertility","20-24","births per 1000",8.4
"11160",2020,"population","fertility","20-24","births per 1000",3.7
"11170",2010,"population","fertility","20-24","births per 1000",10.3
"11170",2015,"population","fertility","20-24","births per 1000",8.4
"11170",2020,"population","fertility","20-24","births per 1000",3.3
"11180",2010,"population","fertility","20-24","births per 1000",11.2
"11180",2015,"population","fertility","20-24","births per 1000",10.1
"11180",2020,"population","fertility","20-24","births per 1000",5.7
"11190",2010,"population","fertility","20-24","births per 1000",7.1
"11190",2015,"population","fertility","20-24","births per 1000",6.2
"11190",2020,"population","fertility","20-24","births per 1000",1.8
"11200",2010,"population","fertility","20-24","births per 1000",6.1
"11200",2015,"population","fertility","20-24","births per 1000",6.4
"11200",2020,"population","fertility","20-24","births per 1000",1.6
"11210",2010,"population","fertility","20-24","births per 1000",9.2
"11210",2015,"population","fertility","20-24","births per 1000",7.4
"11210",2020,"population","fertility","20-24","births per 1000",2.2
"11220",2010,"population","fertility","20-24","births per 1000",4.7
"11220",2015,"population","fertility","20-24","births per 1000",2.9
"11220",2020,"population","fertility","20-24","births per 1000",1
"11230",2010,"population","fertility","20-24","births per 1000",3.7
"11230",2015,"population","fertility","20-24","births per 1000",4
"11230",2020,"population","fertility","20-24","births per 1000",2.3
"11240",2010,"population","fertility","20-24","births per 1000",7
"11240",2015,"population","fertility","20-24","births per 1000",5.5
"11240",2020,"population","fertility","20-24","births per 1000",2.4
"11250",2010,"population","fertility","20-24","births per 1000",8.8
"11250",2015,"population","fertility","20-24","births per 1000",6.3
"11250",2020,"population","fertility","20-24","births per 1000",3.2
"21010",2010,"population","fertility","20-24","births per 1000",6.7
"21010",2015,"population","fertility","20-24","births per 1000",14.2
"21010",2020,"population","fertility","20-24","births per 1000",7.1
"21020",2010,"population","fertility","20-24","births per 1000",7.3
"21020",2015,"population","fertility","20-24","births per 1000",8.8
"21020",2020,"population","fertility","20-24","births per 1000",4.1
"21030",2010,"population","fertility","20-24","births per 1000",13.5
"21030",2015,"population","fertility","20-24","births per 1000",13.2
"21030",2020,"population","fertility","20-24","births per 1000",4
"21040",2010,"population","fertility","20-24","births per 1000",13.8
"21040",2015,"population","fertility","20-24","births per 1000",8.3
"21040",2020,"population","fertility","20-24","births per 1000",6
"21050",2010,"population","fertility","20-24","births per 1000",11.9
"21050",2015,"population","fertility","20-24","births per 1000",9.4
"21050",2020,"population","fertility","20-24","births per 1000",3.8
"21060",2010,"population","fertility","20-24","births per 1000",6.8
"21060",2015,"population","fertility","20-24","births per 1000",8.1
"21060",2020,"population","fertility","20-24","births per 1000",5.1
"21070",2010,"population","fertility","20-24","births per 1000",11.2
"21070",2015,"population","fertility","20-24","births per 1000",9.4
"21070",2020,"population","fertility","20-24","births per 1000",2.5
"21080",2010,"population","fertility","20-24","births per 1000",10.9
"21080",2015,"population","fertility","20-24","births per 1000",10.5
"21080",2020,"population","fertility","20-24","births per 1000",4.9
"21090",2010,"population","fertility","20-24","births per 1000",9.3
"21090",2015,"population","fertility","20-24","births per 1000",7.5
"21090",2020,"population","fertility","20-24","births per 1000",4.2
"21100",2010,"population","fertility","20-24","births per 1000",13.5
"21100",2015,"population","fertility","20-24","births per 1000",11.1
"21100",2020,"population","fertility","20-24","births per 1000",6.6
"21110",2010,"population","fertility","20-24","births per 1000",8.3
"21110",2015,"population","fertility","20-24","births per 1000",6.3
"21110",2020,"population","fertility","20-24","births per 1000",3
"21120",2010,"population","fertility","20-24","births per 1000",24.5
"21120",2015,"population","fertility","20-24","births per 1000",30.3
"21120",2020,"population","fertility","20-24","births per 1000",8
"21130",2010,"population","fertility","20-24","births per 1000",7.9
"21130",2015,"population","fertility","20-24","births per 1000",8.4
"21130",2020,"population","fertility","20-24","births per 1000",4.2
"21140",2010,"population","fertility","20-24","births per 1000",8.9
"21140",2015,"population","fertility","20-24","births per 1000",8.7
"21140",2020,"population","fertility","20-24","births per 1000",4.7
"21150",2010,"population","fertility","20-24","births per 1000",14.2
"21150",2015,"population","fertility","20-24","births per 1000",13.8
"21150",2020,"population","fertility","20-24","births per 1000",4.2
"21310",2010,"population","fertility","20-24","births per 1000",20.8
"21310",2015,"population","fertility","20-24","births per 1000",20.6
"21310",2020,"population","fertility","20-24","births per 1000",9
"22010",2010,"population","fertility","20-24","births per 1000",7.7
"22010",2015,"population","fertility","20-24","births per 1000",11.2
"22010",2020,"population","fertility","20-24","births per 1000",3.6
"22020",2010,"population","fertility","20-24","births per 1000",13.7
"22020",2015,"population","fertility","20-24","births per 1000",12.6
"22020",2020,"population","fertility","20-24","births per 1000",6.4
"22030",2010,"population","fertility","20-24","births per 1000",12.8
"22030",2015,"population","fertility","20-24","births per 1000",13.4
"22030",2020,"population","fertility","20-24","births per 1000",7.1
"22040",2010,"population","fertility","20-24","births per 1000",12.4
"22040",2015,"population","fertility","20-24","births per 1000",13.8
"22040",2020,"population","fertility","20-24","births per 1000",7.1
"22050",2010,"population","fertility","20-24","births per 1000",13.2
"22050",2015,"population","fertility","20-24","births per 1000",8.8
"22050",2020,"population","fertility","20-24","births per 1000",5.3
"22060",2010,"population","fertility","20-24","births per 1000",5.3
"22060",2015,"population","fertility","20-24","births per 1000",5
"22060",2020,"population","fertility","20-24","births per 1000",2.2
"22070",2010,"population","fertility","20-24","births per 1000",10.5
"22070",2015,"population","fertility","20-24","births per 1000",7.5
"22070",2020,"population","fertility","20-24","births per 1000",4.8
"22310",2010,"population","fertility","20-24","births per 1000",18.1
"22310",2015,"population","fertility","20-24","births per 1000",13.4
"22310",2020,"population","fertility","20-24","births per 1000",11.7
"23010",2010,"population","fertility","20-24","births per 1000",20.9
"23010",2015,"population","fertility","20-24","births per 1000",13.5
"23010",2020,"population","fertility","20-24","births per 1000",6.2
"23020",2010,"population","fertility","20-24","births per 1000",23
"23020",2015,"population","fertility","20-24","births per 1000",16.7
"23020",2020,"population","fertility","20-24","births per 1000",3.8
"23030",2010,"population","fertility","20-24","births per 1000",18.2
"23030",2015,"population","fertility","20-24","births per 1000",19.1
"23030",2020,"population","fertility","20-24","births per 1000",NA
"23040",2010,"population","fertility","20-24","births per 1000",11
"23040",2015,"population","fertility","20-24","births per 1000",9.3
"23040",2020,"population","fertility","20-24","births per 1000",3.6
"23050",2010,"population","fertility","20-24","births per 1000",16.7
"23050",2015,"population","fertility","20-24","births per 1000",14.2
"23050",2020,"population","fertility","20-24","births per 1000",7.1
"23060",2010,"population","fertility","20-24","births per 1000",13.2
"23060",2015,"population","fertility","20-24","births per 1000",12.2
"23060",2020,"population","fertility","20-24","births per 1000",5.5
"23070",2010,"population","fertility","20-24","births per 1000",14.2
"23070",2015,"population","fertility","20-24","births per 1000",9.1
"23070",2020,"population","fertility","20-24","births per 1000",5.2
"23080",2010,"population","fertility","20-24","births per 1000",17.9
"23080",2015,"population","fertility","20-24","births per 1000",13.4
"23080",2020,"population","fertility","20-24","births per 1000",6.9
"23310",2010,"population","fertility","20-24","births per 1000",21.9
"23310",2015,"population","fertility","20-24","births per 1000",16
"23310",2020,"population","fertility","20-24","births per 1000",14.9
"23320",2010,"population","fertility","20-24","births per 1000",32.5
"23320",2015,"population","fertility","20-24","births per 1000",22.6
"23320",2020,"population","fertility","20-24","births per 1000",11.4
"24010",2010,"population","fertility","20-24","births per 1000",11.5
"24010",2015,"population","fertility","20-24","births per 1000",10.4
"24010",2020,"population","fertility","20-24","births per 1000",3.2
"24020",2010,"population","fertility","20-24","births per 1000",13.7
"24020",2015,"population","fertility","20-24","births per 1000",10.2
"24020",2020,"population","fertility","20-24","births per 1000",3.9
"24030",2010,"population","fertility","20-24","births per 1000",12.6
"24030",2015,"population","fertility","20-24","births per 1000",8.8
"24030",2020,"population","fertility","20-24","births per 1000",4.3
"24040",2010,"population","fertility","20-24","births per 1000",14.8
"24040",2015,"population","fertility","20-24","births per 1000",13.1
"24040",2020,"population","fertility","20-24","births per 1000",6.6
"24050",2010,"population","fertility","20-24","births per 1000",28.3
"24050",2015,"population","fertility","20-24","births per 1000",17
"24050",2020,"population","fertility","20-24","births per 1000",6.7
"25010",2010,"population","fertility","20-24","births per 1000",20.6
"25010",2015,"population","fertility","20-24","births per 1000",15
"25010",2020,"population","fertility","20-24","births per 1000",5.4
"25020",2010,"population","fertility","20-24","births per 1000",18.9
"25020",2015,"population","fertility","20-24","births per 1000",12
"25020",2020,"population","fertility","20-24","births per 1000",7.2
"25030",2010,"population","fertility","20-24","births per 1000",14
"25030",2015,"population","fertility","20-24","births per 1000",11.6
"25030",2020,"population","fertility","20-24","births per 1000",5.3
"25040",2010,"population","fertility","20-24","births per 1000",12.4
"25040",2015,"population","fertility","20-24","births per 1000",10.4
"25040",2020,"population","fertility","20-24","births per 1000",5.5
"25050",2010,"population","fertility","20-24","births per 1000",20.4
"25050",2015,"population","fertility","20-24","births per 1000",15.5
"25050",2020,"population","fertility","20-24","births per 1000",7.1
"26010",2010,"population","fertility","20-24","births per 1000",15.2
"26010",2015,"population","fertility","20-24","births per 1000",12
"26010",2020,"population","fertility","20-24","births per 1000",5.2
"26020",2010,"population","fertility","20-24","births per 1000",13.1
"26020",2015,"population","fertility","20-24","births per 1000",9.8
"26020",2020,"population","fertility","20-24","births per 1000",4.4
"26030",2010,"population","fertility","20-24","births per 1000",19.3
"26030",2015,"population","fertility","20-24","births per 1000",17.4
"26030",2020,"population","fertility","20-24","births per 1000",9.6
"26040",2010,"population","fertility","20-24","births per 1000",21.1
"26040",2015,"population","fertility","20-24","births per 1000",15.4
"26040",2020,"population","fertility","20-24","births per 1000",10.4
"26310",2010,"population","fertility","20-24","births per 1000",20
"26310",2015,"population","fertility","20-24","births per 1000",17.6
"26310",2020,"population","fertility","20-24","births per 1000",8.2
"29010",2010,"population","fertility","20-24","births per 1000",NA
"29010",2015,"population","fertility","20-24","births per 1000",19.1
"29010",2020,"population","fertility","20-24","births per 1000",8.7
"31010",2010,"population","fertility","20-24","births per 1000",13.1
"31010",2015,"population","fertility","20-24","births per 1000",9.8
"31010",2020,"population","fertility","20-24","births per 1000",3.8
"31011",2010,"population","fertility","20-24","births per 1000",11.9
"31011",2015,"population","fertility","20-24","births per 1000",9.2
"31011",2020,"population","fertility","20-24","births per 1000",4.1
"31012",2010,"population","fertility","20-24","births per 1000",16.3
"31012",2015,"population","fertility","20-24","births per 1000",13.7
"31012",2020,"population","fertility","20-24","births per 1000",5.5
"31013",2010,"population","fertility","20-24","births per 1000",13.4
"31013",2015,"population","fertility","20-24","births per 1000",8.5
"31013",2020,"population","fertility","20-24","births per 1000",4
"31014",2010,"population","fertility","20-24","births per 1000",10
"31014",2015,"population","fertility","20-24","births per 1000",7.1
"31014",2020,"population","fertility","20-24","births per 1000",1.8
"31020",2010,"population","fertility","20-24","births per 1000",11.3
"31020",2015,"population","fertility","20-24","births per 1000",7.2
"31020",2020,"population","fertility","20-24","births per 1000",3.9
"31021",2010,"population","fertility","20-24","births per 1000",18.5
"31021",2015,"population","fertility","20-24","births per 1000",12.8
"31021",2020,"population","fertility","20-24","births per 1000",6
"31022",2010,"population","fertility","20-24","births per 1000",16.6
"31022",2015,"population","fertility","20-24","births per 1000",10.1
"31022",2020,"population","fertility","20-24","births per 1000",7.6
"31023",2010,"population","fertility","20-24","births per 1000",4.7
"31023",2015,"population","fertility","20-24","births per 1000",3.4
"31023",2020,"population","fertility","20-24","births per 1000",1.3
"31030",2010,"population","fertility","20-24","births per 1000",16.8
"31030",2015,"population","fertility","20-24","births per 1000",12.5
"31030",2020,"population","fertility","20-24","births per 1000",6.8
"31040",2010,"population","fertility","20-24","births per 1000",9
"31040",2015,"population","fertility","20-24","births per 1000",8.5
"31040",2020,"population","fertility","20-24","births per 1000",3.2
"31041",2010,"population","fertility","20-24","births per 1000",10
"31041",2015,"population","fertility","20-24","births per 1000",10.2
"31041",2020,"population","fertility","20-24","births per 1000",5
"31042",2010,"population","fertility","20-24","births per 1000",8.2
"31042",2015,"population","fertility","20-24","births per 1000",7.2
"31042",2020,"population","fertility","20-24","births per 1000",1.8
"31050",2010,"population","fertility","20-24","births per 1000",11.6
"31050",2015,"population","fertility","20-24","births per 1000",8.1
"31050",2020,"population","fertility","20-24","births per 1000",4.3
"31051",2010,"population","fertility","20-24","births per 1000",10.7
"31051",2015,"population","fertility","20-24","births per 1000",6.4
"31051",2020,"population","fertility","20-24","births per 1000",NA
"31052",2010,"population","fertility","20-24","births per 1000",10.8
"31052",2015,"population","fertility","20-24","births per 1000",9.5
"31052",2020,"population","fertility","20-24","births per 1000",NA
"31053",2010,"population","fertility","20-24","births per 1000",14.9
"31053",2015,"population","fertility","20-24","births per 1000",10.6
"31053",2020,"population","fertility","20-24","births per 1000",NA
"31060",2010,"population","fertility","20-24","births per 1000",11.6
"31060",2015,"population","fertility","20-24","births per 1000",8.2
"31060",2020,"population","fertility","20-24","births per 1000",3.8
"31070",2010,"population","fertility","20-24","births per 1000",26.6
"31070",2015,"population","fertility","20-24","births per 1000",23
"31070",2020,"population","fertility","20-24","births per 1000",11.2
"31080",2010,"population","fertility","20-24","births per 1000",31.6
"31080",2015,"population","fertility","20-24","births per 1000",23.7
"31080",2020,"population","fertility","20-24","births per 1000",12
"31090",2010,"population","fertility","20-24","births per 1000",20.1
"31090",2015,"population","fertility","20-24","births per 1000",15.2
"31090",2020,"population","fertility","20-24","births per 1000",7.8
"31091",2010,"population","fertility","20-24","births per 1000",19.3
"31091",2015,"population","fertility","20-24","births per 1000",16.5
"31091",2020,"population","fertility","20-24","births per 1000",7.2
"31092",2010,"population","fertility","20-24","births per 1000",20.9
"31092",2015,"population","fertility","20-24","births per 1000",13.6
"31092",2020,"population","fertility","20-24","births per 1000",8.5
"31100",2010,"population","fertility","20-24","births per 1000",10.1
"31100",2015,"population","fertility","20-24","births per 1000",7.2
"31100",2020,"population","fertility","20-24","births per 1000",3.2
"31101",2010,"population","fertility","20-24","births per 1000",13.5
"31101",2015,"population","fertility","20-24","births per 1000",8.3
"31101",2020,"population","fertility","20-24","births per 1000",4.3
"31102",2010,"population","fertility","20-24","births per 1000",NA
"31102",2015,"population","fertility","20-24","births per 1000",NA
"31102",2020,"population","fertility","20-24","births per 1000",NA
"31103",2010,"population","fertility","20-24","births per 1000",8.6
"31103",2015,"population","fertility","20-24","births per 1000",7.5
"31103",2020,"population","fertility","20-24","births per 1000",2.8
"31104",2010,"population","fertility","20-24","births per 1000",7.3
"31104",2015,"population","fertility","20-24","births per 1000",5.6
"31104",2020,"population","fertility","20-24","births per 1000",2.3
"31110",2010,"population","fertility","20-24","births per 1000",2.7
"31110",2015,"population","fertility","20-24","births per 1000",3.6
"31110",2020,"population","fertility","20-24","births per 1000",1
"31120",2010,"population","fertility","20-24","births per 1000",14.1
"31120",2015,"population","fertility","20-24","births per 1000",9.6
"31120",2020,"population","fertility","20-24","births per 1000",3.5
"31130",2010,"population","fertility","20-24","births per 1000",17.9
"31130",2015,"population","fertility","20-24","births per 1000",11.4
"31130",2020,"population","fertility","20-24","births per 1000",5
"31140",2010,"population","fertility","20-24","births per 1000",34.7
"31140",2015,"population","fertility","20-24","births per 1000",21.3
"31140",2020,"population","fertility","20-24","births per 1000",11.4
"31150",2010,"population","fertility","20-24","births per 1000",25.7
"31150",2015,"population","fertility","20-24","births per 1000",15.3
"31150",2020,"population","fertility","20-24","births per 1000",7.6
"31160",2010,"population","fertility","20-24","births per 1000",13.9
"31160",2015,"population","fertility","20-24","births per 1000",9.7
"31160",2020,"population","fertility","20-24","births per 1000",3.7
"31170",2010,"population","fertility","20-24","births per 1000",9.5
"31170",2015,"population","fertility","20-24","births per 1000",5.6
"31170",2020,"population","fertility","20-24","births per 1000",2.8
"31180",2010,"population","fertility","20-24","births per 1000",10.6
"31180",2015,"population","fertility","20-24","births per 1000",8.4
"31180",2020,"population","fertility","20-24","births per 1000",4.4
"31190",2010,"population","fertility","20-24","births per 1000",13.1
"31190",2015,"population","fertility","20-24","births per 1000",7.3
"31190",2020,"population","fertility","20-24","births per 1000",3.7
"31191",2010,"population","fertility","20-24","births per 1000",23.5
"31191",2015,"population","fertility","20-24","births per 1000",13.3
"31191",2020,"population","fertility","20-24","births per 1000",9.2
"31192",2010,"population","fertility","20-24","births per 1000",12.2
"31192",2015,"population","fertility","20-24","births per 1000",8.1
"31192",2020,"population","fertility","20-24","births per 1000",3
"31193",2010,"population","fertility","20-24","births per 1000",5.3
"31193",2015,"population","fertility","20-24","births per 1000",2.2
"31193",2020,"population","fertility","20-24","births per 1000",0.6
"31200",2010,"population","fertility","20-24","births per 1000",29
"31200",2015,"population","fertility","20-24","births per 1000",19.8
"31200",2020,"population","fertility","20-24","births per 1000",8.9
"31210",2010,"population","fertility","20-24","births per 1000",37.8
"31210",2015,"population","fertility","20-24","births per 1000",20.4
"31210",2020,"population","fertility","20-24","births per 1000",9.7
"31220",2010,"population","fertility","20-24","births per 1000",31.3
"31220",2015,"population","fertility","20-24","births per 1000",18.7
"31220",2020,"population","fertility","20-24","births per 1000",10.9
"31230",2010,"population","fertility","20-24","births per 1000",18.8
"31230",2015,"population","fertility","20-24","births per 1000",12.2
"31230",2020,"population","fertility","20-24","births per 1000",7.6
"31240",2010,"population","fertility","20-24","births per 1000",32
"31240",2015,"population","fertility","20-24","births per 1000",15
"31240",2020,"population","fertility","20-24","births per 1000",8.1
"31250",2010,"population","fertility","20-24","births per 1000",21.5
"31250",2015,"population","fertility","20-24","births per 1000",18.7
"31250",2020,"population","fertility","20-24","births per 1000",10
"31260",2010,"population","fertility","20-24","births per 1000",25
"31260",2015,"population","fertility","20-24","births per 1000",19.9
"31260",2020,"population","fertility","20-24","births per 1000",8.4
"31270",2010,"population","fertility","20-24","births per 1000",30.9
"31270",2015,"population","fertility","20-24","births per 1000",24
"31270",2020,"population","fertility","20-24","births per 1000",13.5
"31280",2010,"population","fertility","20-24","births per 1000",NA
"31280",2015,"population","fertility","20-24","births per 1000",24.7
"31280",2020,"population","fertility","20-24","births per 1000",13.9
"31310",2010,"population","fertility","20-24","births per 1000",NA
"31310",2015,"population","fertility","20-24","births per 1000",NA
"31310",2020,"population","fertility","20-24","births per 1000",NA
"31320",2010,"population","fertility","20-24","births per 1000",26.8
"31320",2015,"population","fertility","20-24","births per 1000",NA
"31320",2020,"population","fertility","20-24","births per 1000",NA
"31330",2010,"population","fertility","20-24","births per 1000",NA
"31330",2015,"population","fertility","20-24","births per 1000",NA
"31330",2020,"population","fertility","20-24","births per 1000",NA
"31340",2010,"population","fertility","20-24","births per 1000",NA
"31340",2015,"population","fertility","20-24","births per 1000",NA
"31340",2020,"population","fertility","20-24","births per 1000",NA
"31350",2010,"population","fertility","20-24","births per 1000",33.9
"31350",2015,"population","fertility","20-24","births per 1000",34.3
"31350",2020,"population","fertility","20-24","births per 1000",20.3
"31360",2010,"population","fertility","20-24","births per 1000",NA
"31360",2015,"population","fertility","20-24","births per 1000",NA
"31360",2020,"population","fertility","20-24","births per 1000",NA
"31370",2010,"population","fertility","20-24","births per 1000",27.9
"31370",2015,"population","fertility","20-24","births per 1000",22.8
"31370",2020,"population","fertility","20-24","births per 1000",11
"31380",2010,"population","fertility","20-24","births per 1000",20.7
"31380",2015,"population","fertility","20-24","births per 1000",22.6
"31380",2020,"population","fertility","20-24","births per 1000",9.2
"32010",2010,"population","fertility","20-24","births per 1000",17.4
"32010",2015,"population","fertility","20-24","births per 1000",12.1
"32010",2020,"population","fertility","20-24","births per 1000",8
"32020",2010,"population","fertility","20-24","births per 1000",23.6
"32020",2015,"population","fertility","20-24","births per 1000",13.6
"32020",2020,"population","fertility","20-24","births per 1000",9.9
"32030",2010,"population","fertility","20-24","births per 1000",15.4
"32030",2015,"population","fertility","20-24","births per 1000",13.7
"32030",2020,"population","fertility","20-24","births per 1000",9.5
"32040",2010,"population","fertility","20-24","births per 1000",20.2
"32040",2015,"population","fertility","20-24","births per 1000",18.3
"32040",2020,"population","fertility","20-24","births per 1000",9.4
"32050",2010,"population","fertility","20-24","births per 1000",21.9
"32050",2015,"population","fertility","20-24","births per 1000",8.5
"32050",2020,"population","fertility","20-24","births per 1000",10.7
"32060",2010,"population","fertility","20-24","births per 1000",21.8
"32060",2015,"population","fertility","20-24","births per 1000",23.6
"32060",2020,"population","fertility","20-24","births per 1000",13.5
"32070",2010,"population","fertility","20-24","births per 1000",17.8
"32070",2015,"population","fertility","20-24","births per 1000",14
"32070",2020,"population","fertility","20-24","births per 1000",9.3
"32310",2010,"population","fertility","20-24","births per 1000",29.6
"32310",2015,"population","fertility","20-24","births per 1000",25.1
"32310",2020,"population","fertility","20-24","births per 1000",11.7
"32320",2010,"population","fertility","20-24","births per 1000",29.8
"32320",2015,"population","fertility","20-24","births per 1000",18.2
"32320",2020,"population","fertility","20-24","births per 1000",9.5
"32330",2010,"population","fertility","20-24","births per 1000",28.7
"32330",2015,"population","fertility","20-24","births per 1000",23.8
"32330",2020,"population","fertility","20-24","births per 1000",11.4
"32340",2010,"population","fertility","20-24","births per 1000",19
"32340",2015,"population","fertility","20-24","births per 1000",22.5
"32340",2020,"population","fertility","20-24","births per 1000",11.3
"32350",2010,"population","fertility","20-24","births per 1000",24.5
"32350",2015,"population","fertility","20-24","births per 1000",15
"32350",2020,"population","fertility","20-24","births per 1000",11.3
"32360",2010,"population","fertility","20-24","births per 1000",34.2
"32360",2015,"population","fertility","20-24","births per 1000",32.1
"32360",2020,"population","fertility","20-24","births per 1000",17.4
"32370",2010,"population","fertility","20-24","births per 1000",35.4
"32370",2015,"population","fertility","20-24","births per 1000",47.9
"32370",2020,"population","fertility","20-24","births per 1000",14.4
"32380",2010,"population","fertility","20-24","births per 1000",32
"32380",2015,"population","fertility","20-24","births per 1000",49.8
"32380",2020,"population","fertility","20-24","births per 1000",18.2
"32390",2010,"population","fertility","20-24","births per 1000",41.6
"32390",2015,"population","fertility","20-24","births per 1000",46.3
"32390",2020,"population","fertility","20-24","births per 1000",11
"32400",2010,"population","fertility","20-24","births per 1000",23
"32400",2015,"population","fertility","20-24","births per 1000",15.7
"32400",2020,"population","fertility","20-24","births per 1000",12.3
"32410",2010,"population","fertility","20-24","births per 1000",19.8
"32410",2015,"population","fertility","20-24","births per 1000",22.2
"32410",2020,"population","fertility","20-24","births per 1000",16
"33010",2010,"population","fertility","20-24","births per 1000",20.1
"33010",2015,"population","fertility","20-24","births per 1000",NA
"33010",2020,"population","fertility","20-24","births per 1000",NA
"33011",2010,"population","fertility","20-24","births per 1000",17
"33011",2015,"population","fertility","20-24","births per 1000",NA
"33011",2020,"population","fertility","20-24","births per 1000",NA
"33012",2010,"population","fertility","20-24","births per 1000",21.9
"33012",2015,"population","fertility","20-24","births per 1000",NA
"33012",2020,"population","fertility","20-24","births per 1000",NA
"33020",2010,"population","fertility","20-24","births per 1000",19.3
"33020",2015,"population","fertility","20-24","births per 1000",18.4
"33020",2020,"population","fertility","20-24","births per 1000",10.5
"33030",2010,"population","fertility","20-24","births per 1000",27.1
"33030",2015,"population","fertility","20-24","births per 1000",14.8
"33030",2020,"population","fertility","20-24","births per 1000",9.5
"33040",2010,"population","fertility","20-24","births per 1000",NA
"33040",2015,"population","fertility","20-24","births per 1000",16.4
"33040",2020,"population","fertility","20-24","births per 1000",7.8
"33041",2010,"population","fertility","20-24","births per 1000",NA
"33041",2015,"population","fertility","20-24","births per 1000",14.5
"33041",2020,"population","fertility","20-24","births per 1000",6.8
"33042",2010,"population","fertility","20-24","births per 1000",NA
"33042",2015,"population","fertility","20-24","births per 1000",15.3
"33042",2020,"population","fertility","20-24","births per 1000",7.8
"33043",2010,"population","fertility","20-24","births per 1000",NA
"33043",2015,"population","fertility","20-24","births per 1000",16.8
"33043",2020,"population","fertility","20-24","births per 1000",7.3
"33044",2010,"population","fertility","20-24","births per 1000",NA
"33044",2015,"population","fertility","20-24","births per 1000",19.5
"33044",2020,"population","fertility","20-24","births per 1000",9.4
"33310",2010,"population","fertility","20-24","births per 1000",32.2
"33310",2015,"population","fertility","20-24","births per 1000",NA
"33310",2020,"population","fertility","20-24","births per 1000",NA
"33320",2010,"population","fertility","20-24","births per 1000",30.1
"33320",2015,"population","fertility","20-24","births per 1000",22.1
"33320",2020,"population","fertility","20-24","births per 1000",13.3
"33330",2010,"population","fertility","20-24","births per 1000",24.5
"33330",2015,"population","fertility","20-24","births per 1000",18.2
"33330",2020,"population","fertility","20-24","births per 1000",9.9
"33340",2010,"population","fertility","20-24","births per 1000",27.5
"33340",2015,"population","fertility","20-24","births per 1000",14.6
"33340",2020,"population","fertility","20-24","births per 1000",15.8
"33350",2010,"population","fertility","20-24","births per 1000",44
"33350",2015,"population","fertility","20-24","births per 1000",28.4
"33350",2020,"population","fertility","20-24","births per 1000",21.2
"33360",2010,"population","fertility","20-24","births per 1000",17.8
"33360",2015,"population","fertility","20-24","births per 1000",7.8
"33360",2020,"population","fertility","20-24","births per 1000",8.6
"33370",2010,"population","fertility","20-24","births per 1000",39.9
"33370",2015,"population","fertility","20-24","births per 1000",26.7
"33370",2020,"population","fertility","20-24","births per 1000",22.1
"33380",2010,"population","fertility","20-24","births per 1000",33.8
"33380",2015,"population","fertility","20-24","births per 1000",20.2
"33380",2020,"population","fertility","20-24","births per 1000",5.7
"33390",2010,"population","fertility","20-24","births per 1000",38.2
"33390",2015,"population","fertility","20-24","births per 1000",40.2
"33390",2020,"population","fertility","20-24","births per 1000",20.6
"34010",2010,"population","fertility","20-24","births per 1000",25.5
"34010",2015,"population","fertility","20-24","births per 1000",19.2
"34010",2020,"population","fertility","20-24","births per 1000",8.9
"34011",2010,"population","fertility","20-24","births per 1000",22.2
"34011",2015,"population","fertility","20-24","births per 1000",16.5
"34011",2020,"population","fertility","20-24","births per 1000",9.8
"34012",2010,"population","fertility","20-24","births per 1000",28
"34012",2015,"population","fertility","20-24","births per 1000",21
"34012",2020,"population","fertility","20-24","births per 1000",8.4
"34020",2010,"population","fertility","20-24","births per 1000",27.6
"34020",2015,"population","fertility","20-24","births per 1000",20.6
"34020",2020,"population","fertility","20-24","births per 1000",8.7
"34030",2010,"population","fertility","20-24","births per 1000",23.5
"34030",2015,"population","fertility","20-24","births per 1000",23.6
"34030",2020,"population","fertility","20-24","births per 1000",11
"34040",2010,"population","fertility","20-24","births per 1000",34.2
"34040",2015,"population","fertility","20-24","births per 1000",25.8
"34040",2020,"population","fertility","20-24","births per 1000",12.6
"34050",2010,"population","fertility","20-24","births per 1000",32.5
"34050",2015,"population","fertility","20-24","births per 1000",32.3
"34050",2020,"population","fertility","20-24","births per 1000",16.6
"34060",2010,"population","fertility","20-24","births per 1000",31.4
"34060",2015,"population","fertility","20-24","births per 1000",20.7
"34060",2020,"population","fertility","20-24","births per 1000",16.4
"34070",2010,"population","fertility","20-24","births per 1000",11.8
"34070",2015,"population","fertility","20-24","births per 1000",12.1
"34070",2020,"population","fertility","20-24","births per 1000",4.6
"34080",2010,"population","fertility","20-24","births per 1000",NA
"34080",2015,"population","fertility","20-24","births per 1000",29.9
"34080",2020,"population","fertility","20-24","births per 1000",15.3
"34310",2010,"population","fertility","20-24","births per 1000",45.4
"34310",2015,"population","fertility","20-24","births per 1000",20.9
"34310",2020,"population","fertility","20-24","births per 1000",13.3
"34320",2010,"population","fertility","20-24","births per 1000",37.7
"34320",2015,"population","fertility","20-24","births per 1000",NA
"34320",2020,"population","fertility","20-24","births per 1000",NA
"34330",2010,"population","fertility","20-24","births per 1000",37.7
"34330",2015,"population","fertility","20-24","births per 1000",23.5
"34330",2020,"population","fertility","20-24","births per 1000",13.6
"34340",2010,"population","fertility","20-24","births per 1000",21.5
"34340",2015,"population","fertility","20-24","births per 1000",24.2
"34340",2020,"population","fertility","20-24","births per 1000",17.4
"34350",2010,"population","fertility","20-24","births per 1000",39.8
"34350",2015,"population","fertility","20-24","births per 1000",31.7
"34350",2020,"population","fertility","20-24","births per 1000",15.1
"34360",2010,"population","fertility","20-24","births per 1000",25
"34360",2015,"population","fertility","20-24","births per 1000",18
"34360",2020,"population","fertility","20-24","births per 1000",16
"34370",2010,"population","fertility","20-24","births per 1000",31.5
"34370",2015,"population","fertility","20-24","births per 1000",20.7
"34370",2020,"population","fertility","20-24","births per 1000",9
"34380",2010,"population","fertility","20-24","births per 1000",27.3
"34380",2015,"population","fertility","20-24","births per 1000",22.4
"34380",2020,"population","fertility","20-24","births per 1000",12.9
"34390",2010,"population","fertility","20-24","births per 1000",36.1
"34390",2015,"population","fertility","20-24","births per 1000",NA
"34390",2020,"population","fertility","20-24","births per 1000",NA
"35010",2010,"population","fertility","20-24","births per 1000",17.2
"35010",2015,"population","fertility","20-24","births per 1000",14.3
"35010",2020,"population","fertility","20-24","births per 1000",5.5
"35011",2010,"population","fertility","20-24","births per 1000",13.4
"35011",2015,"population","fertility","20-24","births per 1000",13
"35011",2020,"population","fertility","20-24","births per 1000",5
"35012",2010,"population","fertility","20-24","births per 1000",22.1
"35012",2015,"population","fertility","20-24","births per 1000",16
"35012",2020,"population","fertility","20-24","births per 1000",6
"35020",2010,"population","fertility","20-24","births per 1000",26
"35020",2015,"population","fertility","20-24","births per 1000",21.7
"35020",2020,"population","fertility","20-24","births per 1000",9.4
"35030",2010,"population","fertility","20-24","births per 1000",24.3
"35030",2015,"population","fertility","20-24","births per 1000",17.6
"35030",2020,"population","fertility","20-24","births per 1000",8.8
"35040",2010,"population","fertility","20-24","births per 1000",32.3
"35040",2015,"population","fertility","20-24","births per 1000",23.7
"35040",2020,"population","fertility","20-24","births per 1000",13.6
"35050",2010,"population","fertility","20-24","births per 1000",30.6
"35050",2015,"population","fertility","20-24","births per 1000",20.5
"35050",2020,"population","fertility","20-24","births per 1000",13.3
"35060",2010,"population","fertility","20-24","births per 1000",37.4
"35060",2015,"population","fertility","20-24","births per 1000",21.5
"35060",2020,"population","fertility","20-24","births per 1000",5.7
"35310",2010,"population","fertility","20-24","births per 1000",35.9
"35310",2015,"population","fertility","20-24","births per 1000",19
"35310",2020,"population","fertility","20-24","births per 1000",10.2
"35320",2010,"population","fertility","20-24","births per 1000",60.2
"35320",2015,"population","fertility","20-24","births per 1000",27.1
"35320",2020,"population","fertility","20-24","births per 1000",17
"35330",2010,"population","fertility","20-24","births per 1000",35.8
"35330",2015,"population","fertility","20-24","births per 1000",17.6
"35330",2020,"population","fertility","20-24","births per 1000",9.5
"35340",2010,"population","fertility","20-24","births per 1000",29.3
"35340",2015,"population","fertility","20-24","births per 1000",16.7
"35340",2020,"population","fertility","20-24","births per 1000",16.2
"35350",2010,"population","fertility","20-24","births per 1000",51.1
"35350",2015,"population","fertility","20-24","births per 1000",23.5
"35350",2020,"population","fertility","20-24","births per 1000",14.4
"35360",2010,"population","fertility","20-24","births per 1000",52.8
"35360",2015,"population","fertility","20-24","births per 1000",17.9
"35360",2020,"population","fertility","20-24","births per 1000",9.4
"35370",2010,"population","fertility","20-24","births per 1000",30.9
"35370",2015,"population","fertility","20-24","births per 1000",17.9
"35370",2020,"population","fertility","20-24","births per 1000",13.2
"35380",2010,"population","fertility","20-24","births per 1000",34.8
"35380",2015,"population","fertility","20-24","births per 1000",17.9
"35380",2020,"population","fertility","20-24","births per 1000",11.7
"36010",2010,"population","fertility","20-24","births per 1000",31.8
"36010",2015,"population","fertility","20-24","births per 1000",23.4
"36010",2020,"population","fertility","20-24","births per 1000",10.8
"36020",2010,"population","fertility","20-24","births per 1000",24.9
"36020",2015,"population","fertility","20-24","births per 1000",20.2
"36020",2020,"population","fertility","20-24","births per 1000",9.3
"36030",2010,"population","fertility","20-24","births per 1000",20.4
"36030",2015,"population","fertility","20-24","births per 1000",13.3
"36030",2020,"population","fertility","20-24","births per 1000",7.5
"36040",2010,"population","fertility","20-24","births per 1000",27
"36040",2015,"population","fertility","20-24","births per 1000",22.4
"36040",2020,"population","fertility","20-24","births per 1000",12.5
"36060",2010,"population","fertility","20-24","births per 1000",25.9
"36060",2015,"population","fertility","20-24","births per 1000",26.6
"36060",2020,"population","fertility","20-24","births per 1000",13
"36310",2010,"population","fertility","20-24","births per 1000",46.7
"36310",2015,"population","fertility","20-24","births per 1000",22.8
"36310",2020,"population","fertility","20-24","births per 1000",14.1
"36320",2010,"population","fertility","20-24","births per 1000",37.9
"36320",2015,"population","fertility","20-24","births per 1000",21.9
"36320",2020,"population","fertility","20-24","births per 1000",6
"36330",2010,"population","fertility","20-24","births per 1000",53.2
"36330",2015,"population","fertility","20-24","births per 1000",22.4
"36330",2020,"population","fertility","20-24","births per 1000",14.9
"36350",2010,"population","fertility","20-24","births per 1000",28.7
"36350",2015,"population","fertility","20-24","births per 1000",15.4
"36350",2020,"population","fertility","20-24","births per 1000",18
"36360",2010,"population","fertility","20-24","births per 1000",38.8
"36360",2015,"population","fertility","20-24","births per 1000",25
"36360",2020,"population","fertility","20-24","births per 1000",14.1
"36370",2010,"population","fertility","20-24","births per 1000",35.4
"36370",2015,"population","fertility","20-24","births per 1000",15.7
"36370",2020,"population","fertility","20-24","births per 1000",5.7
"36380",2010,"population","fertility","20-24","births per 1000",36.2
"36380",2015,"population","fertility","20-24","births per 1000",20.6
"36380",2020,"population","fertility","20-24","births per 1000",19.3
"36390",2010,"population","fertility","20-24","births per 1000",41
"36390",2015,"population","fertility","20-24","births per 1000",21.3
"36390",2020,"population","fertility","20-24","births per 1000",12.7
"36400",2010,"population","fertility","20-24","births per 1000",40
"36400",2015,"population","fertility","20-24","births per 1000",35.9
"36400",2020,"population","fertility","20-24","births per 1000",23.3
"36410",2010,"population","fertility","20-24","births per 1000",50.3
"36410",2015,"population","fertility","20-24","births per 1000",33.3
"36410",2020,"population","fertility","20-24","births per 1000",16.2
"36420",2010,"population","fertility","20-24","births per 1000",45.4
"36420",2015,"population","fertility","20-24","births per 1000",20.1
"36420",2020,"population","fertility","20-24","births per 1000",11
"36430",2010,"population","fertility","20-24","births per 1000",46.4
"36430",2015,"population","fertility","20-24","births per 1000",26.1
"36430",2020,"population","fertility","20-24","births per 1000",14.7
"36440",2010,"population","fertility","20-24","births per 1000",36.1
"36440",2015,"population","fertility","20-24","births per 1000",20.4
"36440",2020,"population","fertility","20-24","births per 1000",21.6
"36450",2010,"population","fertility","20-24","births per 1000",35.8
"36450",2015,"population","fertility","20-24","births per 1000",38.2
"36450",2020,"population","fertility","20-24","births per 1000",14.1
"36460",2010,"population","fertility","20-24","births per 1000",41.3
"36460",2015,"population","fertility","20-24","births per 1000",30.6
"36460",2020,"population","fertility","20-24","births per 1000",23.9
"36470",2010,"population","fertility","20-24","births per 1000",24.5
"36470",2015,"population","fertility","20-24","births per 1000",34.2
"36470",2020,"population","fertility","20-24","births per 1000",13
"36480",2010,"population","fertility","20-24","births per 1000",43.6
"36480",2015,"population","fertility","20-24","births per 1000",24
"36480",2020,"population","fertility","20-24","births per 1000",17.5
"37010",2010,"population","fertility","20-24","births per 1000",19.4
"37010",2015,"population","fertility","20-24","births per 1000",15.7
"37010",2020,"population","fertility","20-24","births per 1000",9.7
"37011",2010,"population","fertility","20-24","births per 1000",24.4
"37011",2015,"population","fertility","20-24","births per 1000",20.6
"37011",2020,"population","fertility","20-24","births per 1000",10.8
"37012",2010,"population","fertility","20-24","births per 1000",14.7
"37012",2015,"population","fertility","20-24","births per 1000",11.3
"37012",2020,"population","fertility","20-24","births per 1000",8.8
"37020",2010,"population","fertility","20-24","births per 1000",22
"37020",2015,"population","fertility","20-24","births per 1000",15.4
"37020",2020,"population","fertility","20-24","births per 1000",8.6
"37030",2010,"population","fertility","20-24","births per 1000",24.6
"37030",2015,"population","fertility","20-24","births per 1000",13.7
"37030",2020,"population","fertility","20-24","births per 1000",13.6
"37040",2010,"population","fertility","20-24","births per 1000",25.4
"37040",2015,"population","fertility","20-24","births per 1000",16.1
"37040",2020,"population","fertility","20-24","births per 1000",6.6
"37050",2010,"population","fertility","20-24","births per 1000",23.1
"37050",2015,"population","fertility","20-24","births per 1000",21.2
"37050",2020,"population","fertility","20-24","births per 1000",9
"37060",2010,"population","fertility","20-24","births per 1000",28.6
"37060",2015,"population","fertility","20-24","births per 1000",16.6
"37060",2020,"population","fertility","20-24","births per 1000",9.4
"37070",2010,"population","fertility","20-24","births per 1000",26.1
"37070",2015,"population","fertility","20-24","births per 1000",19.3
"37070",2020,"population","fertility","20-24","births per 1000",12.6
"37080",2010,"population","fertility","20-24","births per 1000",28.5
"37080",2015,"population","fertility","20-24","births per 1000",16.2
"37080",2020,"population","fertility","20-24","births per 1000",7.7
"37090",2010,"population","fertility","20-24","births per 1000",19.4
"37090",2015,"population","fertility","20-24","births per 1000",16.6
"37090",2020,"population","fertility","20-24","births per 1000",12.4
"37100",2010,"population","fertility","20-24","births per 1000",24.4
"37100",2015,"population","fertility","20-24","births per 1000",19.6
"37100",2020,"population","fertility","20-24","births per 1000",9.2
"37310",2010,"population","fertility","20-24","births per 1000",31.1
"37310",2015,"population","fertility","20-24","births per 1000",13.7
"37310",2020,"population","fertility","20-24","births per 1000",2.8
"37320",2010,"population","fertility","20-24","births per 1000",19.7
"37320",2015,"population","fertility","20-24","births per 1000",12.3
"37320",2020,"population","fertility","20-24","births per 1000",15.3
"37330",2010,"population","fertility","20-24","births per 1000",18.8
"37330",2015,"population","fertility","20-24","births per 1000",10.4
"37330",2020,"population","fertility","20-24","births per 1000",10
"37340",2010,"population","fertility","20-24","births per 1000",39.9
"37340",2015,"population","fertility","20-24","births per 1000",26
"37340",2020,"population","fertility","20-24","births per 1000",15.9
"37350",2010,"population","fertility","20-24","births per 1000",28
"37350",2015,"population","fertility","20-24","births per 1000",23.8
"37350",2020,"population","fertility","20-24","births per 1000",17.3
"37360",2010,"population","fertility","20-24","births per 1000",30.8
"37360",2015,"population","fertility","20-24","births per 1000",13.9
"37360",2020,"population","fertility","20-24","births per 1000",7.9
"37370",2010,"population","fertility","20-24","births per 1000",25.6
"37370",2015,"population","fertility","20-24","births per 1000",21.5
"37370",2020,"population","fertility","20-24","births per 1000",7.9
"37380",2010,"population","fertility","20-24","births per 1000",21.5
"37380",2015,"population","fertility","20-24","births per 1000",27.3
"37380",2020,"population","fertility","20-24","births per 1000",15.6
"37390",2010,"population","fertility","20-24","births per 1000",35.8
"37390",2015,"population","fertility","20-24","births per 1000",27.2
"37390",2020,"population","fertility","20-24","births per 1000",10.7
"37400",2010,"population","fertility","20-24","births per 1000",44.1
"37400",2015,"population","fertility","20-24","births per 1000",25.1
"37400",2020,"population","fertility","20-24","births per 1000",9.7
"37410",2010,"population","fertility","20-24","births per 1000",27.6
"37410",2015,"population","fertility","20-24","births per 1000",23
"37410",2020,"population","fertility","20-24","births per 1000",20.5
"37420",2010,"population","fertility","20-24","births per 1000",23.8
"37420",2015,"population","fertility","20-24","births per 1000",19.4
"37420",2020,"population","fertility","20-24","births per 1000",5.9
"37430",2010,"population","fertility","20-24","births per 1000",4.2
"37430",2015,"population","fertility","20-24","births per 1000",17.2
"37430",2020,"population","fertility","20-24","births per 1000",0
"38010",2010,"population","fertility","20-24","births per 1000",NA
"38010",2015,"population","fertility","20-24","births per 1000",NA
"38010",2020,"population","fertility","20-24","births per 1000",NA
"38020",2010,"population","fertility","20-24","births per 1000",NA
"38020",2015,"population","fertility","20-24","births per 1000",NA
"38020",2020,"population","fertility","20-24","births per 1000",NA
"38021",2010,"population","fertility","20-24","births per 1000",NA
"38021",2015,"population","fertility","20-24","births per 1000",NA
"38021",2020,"population","fertility","20-24","births per 1000",NA
"38022",2010,"population","fertility","20-24","births per 1000",NA
"38022",2015,"population","fertility","20-24","births per 1000",NA
"38022",2020,"population","fertility","20-24","births per 1000",NA
"38030",2010,"population","fertility","20-24","births per 1000",18.4
"38030",2015,"population","fertility","20-24","births per 1000",12.1
"38030",2020,"population","fertility","20-24","births per 1000",6.1
"38040",2010,"population","fertility","20-24","births per 1000",NA
"38040",2015,"population","fertility","20-24","births per 1000",NA
"38040",2020,"population","fertility","20-24","births per 1000",NA
"38050",2010,"population","fertility","20-24","births per 1000",34.4
"38050",2015,"population","fertility","20-24","births per 1000",21.1
"38050",2020,"population","fertility","20-24","births per 1000",7.2
"38060",2010,"population","fertility","20-24","births per 1000",35.8
"38060",2015,"population","fertility","20-24","births per 1000",18
"38060",2020,"population","fertility","20-24","births per 1000",9.9
"38070",2010,"population","fertility","20-24","births per 1000",19.5
"38070",2015,"population","fertility","20-24","births per 1000",14.8
"38070",2020,"population","fertility","20-24","births per 1000",7.3
"38080",2010,"population","fertility","20-24","births per 1000",17.5
"38080",2015,"population","fertility","20-24","births per 1000",12.6
"38080",2020,"population","fertility","20-24","births per 1000",11.5
"38090",2010,"population","fertility","20-24","births per 1000",41.6
"38090",2015,"population","fertility","20-24","births per 1000",28.4
"38090",2020,"population","fertility","20-24","births per 1000",10
"38100",2010,"population","fertility","20-24","births per 1000",19.1
"38100",2015,"population","fertility","20-24","births per 1000",17.5
"38100",2020,"population","fertility","20-24","births per 1000",7.5
"38110",2010,"population","fertility","20-24","births per 1000",16.7
"38110",2015,"population","fertility","20-24","births per 1000",12.7
"38110",2020,"population","fertility","20-24","births per 1000",6.5
"38111",2010,"population","fertility","20-24","births per 1000",17.6
"38111",2015,"population","fertility","20-24","births per 1000",13
"38111",2020,"population","fertility","20-24","births per 1000",6.7
"38112",2010,"population","fertility","20-24","births per 1000",12.5
"38112",2015,"population","fertility","20-24","births per 1000",8.1
"38112",2020,"population","fertility","20-24","births per 1000",4.3
"38113",2010,"population","fertility","20-24","births per 1000",14
"38113",2015,"population","fertility","20-24","births per 1000",13.1
"38113",2020,"population","fertility","20-24","births per 1000",5.4
"38114",2010,"population","fertility","20-24","births per 1000",16.9
"38114",2015,"population","fertility","20-24","births per 1000",11
"38114",2020,"population","fertility","20-24","births per 1000",5.9
"38115",2010,"population","fertility","20-24","births per 1000",27.2
"38115",2015,"population","fertility","20-24","births per 1000",23.4
"38115",2020,"population","fertility","20-24","births per 1000",11.4
"38310",2010,"population","fertility","20-24","births per 1000",38.7
"38310",2015,"population","fertility","20-24","births per 1000",8.8
"38310",2020,"population","fertility","20-24","births per 1000",12.1
"38320",2010,"population","fertility","20-24","births per 1000",33
"38320",2015,"population","fertility","20-24","births per 1000",19.2
"38320",2020,"population","fertility","20-24","births per 1000",13.8
"38330",2010,"population","fertility","20-24","births per 1000",30.7
"38330",2015,"population","fertility","20-24","births per 1000",25.7
"38330",2020,"population","fertility","20-24","births per 1000",9.8
"38340",2010,"population","fertility","20-24","births per 1000",42.4
"38340",2015,"population","fertility","20-24","births per 1000",22.6
"38340",2020,"population","fertility","20-24","births per 1000",9.6
"38350",2010,"population","fertility","20-24","births per 1000",34.4
"38350",2015,"population","fertility","20-24","births per 1000",14.4
"38350",2020,"population","fertility","20-24","births per 1000",5.2
"38360",2010,"population","fertility","20-24","births per 1000",27
"38360",2015,"population","fertility","20-24","births per 1000",11.3
"38360",2020,"population","fertility","20-24","births per 1000",14.2
"38370",2010,"population","fertility","20-24","births per 1000",35.4
"38370",2015,"population","fertility","20-24","births per 1000",27.8
"38370",2020,"population","fertility","20-24","births per 1000",4.8
"38380",2010,"population","fertility","20-24","births per 1000",34.1
"38380",2015,"population","fertility","20-24","births per 1000",16
"38380",2020,"population","fertility","20-24","births per 1000",6.5
"38390",2010,"population","fertility","20-24","births per 1000",27.3
"38390",2015,"population","fertility","20-24","births per 1000",11.6
"38390",2020,"population","fertility","20-24","births per 1000",8.3
"38400",2010,"population","fertility","20-24","births per 1000",24
"38400",2015,"population","fertility","20-24","births per 1000",7.5
"38400",2020,"population","fertility","20-24","births per 1000",7.5
"39010",2010,"population","fertility","20-24","births per 1000",22.7
"39010",2015,"population","fertility","20-24","births per 1000",17.4
"39010",2020,"population","fertility","20-24","births per 1000",10.4
"39020",2010,"population","fertility","20-24","births per 1000",23.7
"39020",2015,"population","fertility","20-24","births per 1000",24
"39020",2020,"population","fertility","20-24","births per 1000",14.3
"39310",2010,"population","fertility","20-24","births per 1000",NA
"39310",2015,"population","fertility","20-24","births per 1000",NA
"39310",2020,"population","fertility","20-24","births per 1000",NA
"39320",2010,"population","fertility","20-24","births per 1000",NA
"39320",2015,"population","fertility","20-24","births per 1000",NA
"39320",2020,"population","fertility","20-24","births per 1000",NA
"23090",2020,"population","fertility","20-24","births per 1000",10.2
"11010",2010,"population","fertility","25-29","births per 1000",38
"11010",2015,"population","fertility","25-29","births per 1000",26.8
"11010",2020,"population","fertility","25-29","births per 1000",11.2
"11020",2010,"population","fertility","25-29","births per 1000",49.4
"11020",2015,"population","fertility","25-29","births per 1000",34.6
"11020",2020,"population","fertility","25-29","births per 1000",13.7
"11030",2010,"population","fertility","25-29","births per 1000",55.5
"11030",2015,"population","fertility","25-29","births per 1000",35.4
"11030",2020,"population","fertility","25-29","births per 1000",13.8
"11040",2010,"population","fertility","25-29","births per 1000",52.9
"11040",2015,"population","fertility","25-29","births per 1000",40.8
"11040",2020,"population","fertility","25-29","births per 1000",14.7
"11050",2010,"population","fertility","25-29","births per 1000",44.6
"11050",2015,"population","fertility","25-29","births per 1000",32.4
"11050",2020,"population","fertility","25-29","births per 1000",11.7
"11060",2010,"population","fertility","25-29","births per 1000",44.9
"11060",2015,"population","fertility","25-29","births per 1000",35.3
"11060",2020,"population","fertility","25-29","births per 1000",16.3
"11070",2010,"population","fertility","25-29","births per 1000",52
"11070",2015,"population","fertility","25-29","births per 1000",39.5
"11070",2020,"population","fertility","25-29","births per 1000",19.2
"11080",2010,"population","fertility","25-29","births per 1000",53.1
"11080",2015,"population","fertility","25-29","births per 1000",36.8
"11080",2020,"population","fertility","25-29","births per 1000",15
"11090",2010,"population","fertility","25-29","births per 1000",55.4
"11090",2015,"population","fertility","25-29","births per 1000",37.7
"11090",2020,"population","fertility","25-29","births per 1000",14.4
"11100",2010,"population","fertility","25-29","births per 1000",62.6
"11100",2015,"population","fertility","25-29","births per 1000",39.9
"11100",2020,"population","fertility","25-29","births per 1000",14.9
"11110",2010,"population","fertility","25-29","births per 1000",60.5
"11110",2015,"population","fertility","25-29","births per 1000",48
"11110",2020,"population","fertility","25-29","births per 1000",18.2
"11120",2010,"population","fertility","25-29","births per 1000",57.5
"11120",2015,"population","fertility","25-29","births per 1000",44.8
"11120",2020,"population","fertility","25-29","births per 1000",16.2
"11130",2010,"population","fertility","25-29","births per 1000",46.2
"11130",2015,"population","fertility","25-29","births per 1000",33.5
"11130",2020,"population","fertility","25-29","births per 1000",13.2
"11140",2010,"population","fertility","25-29","births per 1000",45.3
"11140",2015,"population","fertility","25-29","births per 1000",38
"11140",2020,"population","fertility","25-29","births per 1000",11.7
"11150",2010,"population","fertility","25-29","births per 1000",51.4
"11150",2015,"population","fertility","25-29","births per 1000",42.8
"11150",2020,"population","fertility","25-29","births per 1000",17.3
"11160",2010,"population","fertility","25-29","births per 1000",60.1
"11160",2015,"population","fertility","25-29","births per 1000",48.4
"11160",2020,"population","fertility","25-29","births per 1000",16.5
"11170",2010,"population","fertility","25-29","births per 1000",64.8
"11170",2015,"population","fertility","25-29","births per 1000",46.6
"11170",2020,"population","fertility","25-29","births per 1000",18.3
"11180",2010,"population","fertility","25-29","births per 1000",55.5
"11180",2015,"population","fertility","25-29","births per 1000",43.7
"11180",2020,"population","fertility","25-29","births per 1000",17.9
"11190",2010,"population","fertility","25-29","births per 1000",61.4
"11190",2015,"population","fertility","25-29","births per 1000",40.1
"11190",2020,"population","fertility","25-29","births per 1000",13.7
"11200",2010,"population","fertility","25-29","births per 1000",47.6
"11200",2015,"population","fertility","25-29","births per 1000",32.8
"11200",2020,"population","fertility","25-29","births per 1000",11.2
"11210",2010,"population","fertility","25-29","births per 1000",39.2
"11210",2015,"population","fertility","25-29","births per 1000",25.7
"11210",2020,"population","fertility","25-29","births per 1000",7.2
"11220",2010,"population","fertility","25-29","births per 1000",49.9
"11220",2015,"population","fertility","25-29","births per 1000",36
"11220",2020,"population","fertility","25-29","births per 1000",13.4
"11230",2010,"population","fertility","25-29","births per 1000",39.3
"11230",2015,"population","fertility","25-29","births per 1000",29.5
"11230",2020,"population","fertility","25-29","births per 1000",10.5
"11240",2010,"population","fertility","25-29","births per 1000",55.7
"11240",2015,"population","fertility","25-29","births per 1000",40.2
"11240",2020,"population","fertility","25-29","births per 1000",15.3
"11250",2010,"population","fertility","25-29","births per 1000",61.5
"11250",2015,"population","fertility","25-29","births per 1000",40.6
"11250",2020,"population","fertility","25-29","births per 1000",19.5
"21010",2010,"population","fertility","25-29","births per 1000",50.6
"21010",2015,"population","fertility","25-29","births per 1000",35.4
"21010",2020,"population","fertility","25-29","births per 1000",8.7
"21020",2010,"population","fertility","25-29","births per 1000",44.5
"21020",2015,"population","fertility","25-29","births per 1000",38.9
"21020",2020,"population","fertility","25-29","births per 1000",16.5
"21030",2010,"population","fertility","25-29","births per 1000",55.7
"21030",2015,"population","fertility","25-29","births per 1000",41
"21030",2020,"population","fertility","25-29","births per 1000",23.2
"21040",2010,"population","fertility","25-29","births per 1000",53.1
"21040",2015,"population","fertility","25-29","births per 1000",39.5
"21040",2020,"population","fertility","25-29","births per 1000",23.3
"21050",2010,"population","fertility","25-29","births per 1000",55.1
"21050",2015,"population","fertility","25-29","births per 1000",45.1
"21050",2020,"population","fertility","25-29","births per 1000",17.2
"21060",2010,"population","fertility","25-29","births per 1000",47.1
"21060",2015,"population","fertility","25-29","births per 1000",39.7
"21060",2020,"population","fertility","25-29","births per 1000",27
"21070",2010,"population","fertility","25-29","births per 1000",55.9
"21070",2015,"population","fertility","25-29","births per 1000",44.9
"21070",2020,"population","fertility","25-29","births per 1000",18.6
"21080",2010,"population","fertility","25-29","births per 1000",60
"21080",2015,"population","fertility","25-29","births per 1000",52
"21080",2020,"population","fertility","25-29","births per 1000",27
"21090",2010,"population","fertility","25-29","births per 1000",62
"21090",2015,"population","fertility","25-29","births per 1000",49.6
"21090",2020,"population","fertility","25-29","births per 1000",23
"21100",2010,"population","fertility","25-29","births per 1000",70.5
"21100",2015,"population","fertility","25-29","births per 1000",59
"21100",2020,"population","fertility","25-29","births per 1000",27.8
"21110",2010,"population","fertility","25-29","births per 1000",46.9
"21110",2015,"population","fertility","25-29","births per 1000",40
"21110",2020,"population","fertility","25-29","births per 1000",18.3
"21120",2010,"population","fertility","25-29","births per 1000",93.2
"21120",2015,"population","fertility","25-29","births per 1000",114.9
"21120",2020,"population","fertility","25-29","births per 1000",71.2
"21130",2010,"population","fertility","25-29","births per 1000",52.8
"21130",2015,"population","fertility","25-29","births per 1000",44.7
"21130",2020,"population","fertility","25-29","births per 1000",23.3
"21140",2010,"population","fertility","25-29","births per 1000",44
"21140",2015,"population","fertility","25-29","births per 1000",47.9
"21140",2020,"population","fertility","25-29","births per 1000",19.7
"21150",2010,"population","fertility","25-29","births per 1000",67.2
"21150",2015,"population","fertility","25-29","births per 1000",59
"21150",2020,"population","fertility","25-29","births per 1000",24
"21310",2010,"population","fertility","25-29","births per 1000",98
"21310",2015,"population","fertility","25-29","births per 1000",116.9
"21310",2020,"population","fertility","25-29","births per 1000",51.1
"22010",2010,"population","fertility","25-29","births per 1000",56.1
"22010",2015,"population","fertility","25-29","births per 1000",52.3
"22010",2020,"population","fertility","25-29","births per 1000",18.5
"22020",2010,"population","fertility","25-29","births per 1000",75.1
"22020",2015,"population","fertility","25-29","births per 1000",67
"22020",2020,"population","fertility","25-29","births per 1000",27.6
"22030",2010,"population","fertility","25-29","births per 1000",50.7
"22030",2015,"population","fertility","25-29","births per 1000",45
"22030",2020,"population","fertility","25-29","births per 1000",18.5
"22040",2010,"population","fertility","25-29","births per 1000",45.6
"22040",2015,"population","fertility","25-29","births per 1000",44.7
"22040",2020,"population","fertility","25-29","births per 1000",18.2
"22050",2010,"population","fertility","25-29","births per 1000",83.1
"22050",2015,"population","fertility","25-29","births per 1000",69
"22050",2020,"population","fertility","25-29","births per 1000",35.2
"22060",2010,"population","fertility","25-29","births per 1000",55.2
"22060",2015,"population","fertility","25-29","births per 1000",42.7
"22060",2020,"population","fertility","25-29","births per 1000",19.1
"22070",2010,"population","fertility","25-29","births per 1000",77.8
"22070",2015,"population","fertility","25-29","births per 1000",62
"22070",2020,"population","fertility","25-29","births per 1000",26.1
"22310",2010,"population","fertility","25-29","births per 1000",114.4
"22310",2015,"population","fertility","25-29","births per 1000",88.7
"22310",2020,"population","fertility","25-29","births per 1000",67.6
"23010",2010,"population","fertility","25-29","births per 1000",87.6
"23010",2015,"population","fertility","25-29","births per 1000",69.6
"23010",2020,"population","fertility","25-29","births per 1000",31.7
"23020",2010,"population","fertility","25-29","births per 1000",86.9
"23020",2015,"population","fertility","25-29","births per 1000",70.8
"23020",2020,"population","fertility","25-29","births per 1000",29.5
"23030",2010,"population","fertility","25-29","births per 1000",72.4
"23030",2015,"population","fertility","25-29","births per 1000",57.9
"23030",2020,"population","fertility","25-29","births per 1000",NA
"23040",2010,"population","fertility","25-29","births per 1000",76.3
"23040",2015,"population","fertility","25-29","births per 1000",58.8
"23040",2020,"population","fertility","25-29","births per 1000",32
"23050",2010,"population","fertility","25-29","births per 1000",80.6
"23050",2015,"population","fertility","25-29","births per 1000",63.4
"23050",2020,"population","fertility","25-29","births per 1000",30.3
"23060",2010,"population","fertility","25-29","births per 1000",77.5
"23060",2015,"population","fertility","25-29","births per 1000",58.2
"23060",2020,"population","fertility","25-29","births per 1000",24.6
"23070",2010,"population","fertility","25-29","births per 1000",85.1
"23070",2015,"population","fertility","25-29","births per 1000",56.5
"23070",2020,"population","fertility","25-29","births per 1000",21.2
"23080",2010,"population","fertility","25-29","births per 1000",94.7
"23080",2015,"population","fertility","25-29","births per 1000",74.8
"23080",2020,"population","fertility","25-29","births per 1000",39.8
"23310",2010,"population","fertility","25-29","births per 1000",78.7
"23310",2015,"population","fertility","25-29","births per 1000",71.7
"23310",2020,"population","fertility","25-29","births per 1000",36.7
"23320",2010,"population","fertility","25-29","births per 1000",101.1
"23320",2015,"population","fertility","25-29","births per 1000",100.5
"23320",2020,"population","fertility","25-29","births per 1000",56.4
"24010",2010,"population","fertility","25-29","births per 1000",43.7
"24010",2015,"population","fertility","25-29","births per 1000",46.2
"24010",2020,"population","fertility","25-29","births per 1000",25.5
"24020",2010,"population","fertility","25-29","births per 1000",73.1
"24020",2015,"population","fertility","25-29","births per 1000",49.5
"24020",2020,"population","fertility","25-29","births per 1000",24.2
"24030",2010,"population","fertility","25-29","births per 1000",65.1
"24030",2015,"population","fertility","25-29","births per 1000",46.5
"24030",2020,"population","fertility","25-29","births per 1000",24.3
"24040",2010,"population","fertility","25-29","births per 1000",80.2
"24040",2015,"population","fertility","25-29","births per 1000",63.6
"24040",2020,"population","fertility","25-29","births per 1000",30.5
"24050",2010,"population","fertility","25-29","births per 1000",131.5
"24050",2015,"population","fertility","25-29","births per 1000",88
"24050",2020,"population","fertility","25-29","births per 1000",39.8
"25010",2010,"population","fertility","25-29","births per 1000",78.9
"25010",2015,"population","fertility","25-29","births per 1000",69.8
"25010",2020,"population","fertility","25-29","births per 1000",30.3
"25020",2010,"population","fertility","25-29","births per 1000",72.8
"25020",2015,"population","fertility","25-29","births per 1000",62.5
"25020",2020,"population","fertility","25-29","births per 1000",25.7
"25030",2010,"population","fertility","25-29","births per 1000",68.7
"25030",2015,"population","fertility","25-29","births per 1000",59.4
"25030",2020,"population","fertility","25-29","births per 1000",30.1
"25040",2010,"population","fertility","25-29","births per 1000",100.5
"25040",2015,"population","fertility","25-29","births per 1000",77.6
"25040",2020,"population","fertility","25-29","births per 1000",32.8
"25050",2010,"population","fertility","25-29","births per 1000",84.1
"25050",2015,"population","fertility","25-29","births per 1000",73.3
"25050",2020,"population","fertility","25-29","births per 1000",29.7
"26010",2010,"population","fertility","25-29","births per 1000",81.5
"26010",2015,"population","fertility","25-29","births per 1000",72
"26010",2020,"population","fertility","25-29","births per 1000",28.5
"26020",2010,"population","fertility","25-29","births per 1000",84.9
"26020",2015,"population","fertility","25-29","births per 1000",75.3
"26020",2020,"population","fertility","25-29","births per 1000",33.7
"26030",2010,"population","fertility","25-29","births per 1000",108.6
"26030",2015,"population","fertility","25-29","births per 1000",101
"26030",2020,"population","fertility","25-29","births per 1000",42.1
"26040",2010,"population","fertility","25-29","births per 1000",146.4
"26040",2015,"population","fertility","25-29","births per 1000",107
"26040",2020,"population","fertility","25-29","births per 1000",63.4
"26310",2010,"population","fertility","25-29","births per 1000",117.8
"26310",2015,"population","fertility","25-29","births per 1000",86.2
"26310",2020,"population","fertility","25-29","births per 1000",52.3
"29010",2010,"population","fertility","25-29","births per 1000",NA
"29010",2015,"population","fertility","25-29","births per 1000",119.7
"29010",2020,"population","fertility","25-29","births per 1000",56
"31010",2010,"population","fertility","25-29","births per 1000",80.5
"31010",2015,"population","fertility","25-29","births per 1000",64.4
"31010",2020,"population","fertility","25-29","births per 1000",25.5
"31011",2010,"population","fertility","25-29","births per 1000",79.2
"31011",2015,"population","fertility","25-29","births per 1000",60
"31011",2020,"population","fertility","25-29","births per 1000",20.7
"31012",2010,"population","fertility","25-29","births per 1000",79.5
"31012",2015,"population","fertility","25-29","births per 1000",70.6
"31012",2020,"population","fertility","25-29","births per 1000",31.5
"31013",2010,"population","fertility","25-29","births per 1000",63
"31013",2015,"population","fertility","25-29","births per 1000",45.3
"31013",2020,"population","fertility","25-29","births per 1000",18.4
"31014",2010,"population","fertility","25-29","births per 1000",99.8
"31014",2015,"population","fertility","25-29","births per 1000",73
"31014",2020,"population","fertility","25-29","births per 1000",26.4
"31020",2010,"population","fertility","25-29","births per 1000",68
"31020",2015,"population","fertility","25-29","births per 1000",49.5
"31020",2020,"population","fertility","25-29","births per 1000",19.7
"31021",2010,"population","fertility","25-29","births per 1000",68.7
"31021",2015,"population","fertility","25-29","births per 1000",51.4
"31021",2020,"population","fertility","25-29","births per 1000",22.6
"31022",2010,"population","fertility","25-29","births per 1000",62.9
"31022",2015,"population","fertility","25-29","births per 1000",50.6
"31022",2020,"population","fertility","25-29","births per 1000",22.6
"31023",2010,"population","fertility","25-29","births per 1000",70.9
"31023",2015,"population","fertility","25-29","births per 1000",48.1
"31023",2020,"population","fertility","25-29","births per 1000",16.9
"31030",2010,"population","fertility","25-29","births per 1000",75.7
"31030",2015,"population","fertility","25-29","births per 1000",53.5
"31030",2020,"population","fertility","25-29","births per 1000",28.1
"31040",2010,"population","fertility","25-29","births per 1000",68.3
"31040",2015,"population","fertility","25-29","births per 1000",51.3
"31040",2020,"population","fertility","25-29","births per 1000",24.8
"31041",2010,"population","fertility","25-29","births per 1000",66.1
"31041",2015,"population","fertility","25-29","births per 1000",47.5
"31041",2020,"population","fertility","25-29","births per 1000",25
"31042",2010,"population","fertility","25-29","births per 1000",70.2
"31042",2015,"population","fertility","25-29","births per 1000",54.2
"31042",2020,"population","fertility","25-29","births per 1000",24.6
"31050",2010,"population","fertility","25-29","births per 1000",70.6
"31050",2015,"population","fertility","25-29","births per 1000",48.6
"31050",2020,"population","fertility","25-29","births per 1000",24.3
"31051",2010,"population","fertility","25-29","births per 1000",65.9
"31051",2015,"population","fertility","25-29","births per 1000",48.4
"31051",2020,"population","fertility","25-29","births per 1000",NA
"31052",2010,"population","fertility","25-29","births per 1000",71.6
"31052",2015,"population","fertility","25-29","births per 1000",48.5
"31052",2020,"population","fertility","25-29","births per 1000",NA
"31053",2010,"population","fertility","25-29","births per 1000",82.1
"31053",2015,"population","fertility","25-29","births per 1000",49.1
"31053",2020,"population","fertility","25-29","births per 1000",NA
"31060",2010,"population","fertility","25-29","births per 1000",86.2
"31060",2015,"population","fertility","25-29","births per 1000",57.2
"31060",2020,"population","fertility","25-29","births per 1000",23.9
"31070",2010,"population","fertility","25-29","births per 1000",112.5
"31070",2015,"population","fertility","25-29","births per 1000",93.2
"31070",2020,"population","fertility","25-29","births per 1000",52.7
"31080",2010,"population","fertility","25-29","births per 1000",112
"31080",2015,"population","fertility","25-29","births per 1000",80.1
"31080",2020,"population","fertility","25-29","births per 1000",46.7
"31090",2010,"population","fertility","25-29","births per 1000",87.4
"31090",2015,"population","fertility","25-29","births per 1000",65.1
"31090",2020,"population","fertility","25-29","births per 1000",31.9
"31091",2010,"population","fertility","25-29","births per 1000",85.8
"31091",2015,"population","fertility","25-29","births per 1000",68.1
"31091",2020,"population","fertility","25-29","births per 1000",29.5
"31092",2010,"population","fertility","25-29","births per 1000",89.2
"31092",2015,"population","fertility","25-29","births per 1000",61.5
"31092",2020,"population","fertility","25-29","births per 1000",34.6
"31100",2010,"population","fertility","25-29","births per 1000",71.7
"31100",2015,"population","fertility","25-29","births per 1000",52.4
"31100",2020,"population","fertility","25-29","births per 1000",24.8
"31101",2010,"population","fertility","25-29","births per 1000",80.2
"31101",2015,"population","fertility","25-29","births per 1000",61.3
"31101",2020,"population","fertility","25-29","births per 1000",29.1
"31102",2010,"population","fertility","25-29","births per 1000",NA
"31102",2015,"population","fertility","25-29","births per 1000",NA
"31102",2020,"population","fertility","25-29","births per 1000",NA
"31103",2010,"population","fertility","25-29","births per 1000",61.5
"31103",2015,"population","fertility","25-29","births per 1000",44.1
"31103",2020,"population","fertility","25-29","births per 1000",20.3
"31104",2010,"population","fertility","25-29","births per 1000",70.3
"31104",2015,"population","fertility","25-29","births per 1000",48.9
"31104",2020,"population","fertility","25-29","births per 1000",23.3
"31110",2010,"population","fertility","25-29","births per 1000",55.7
"31110",2015,"population","fertility","25-29","births per 1000",43.8
"31110",2020,"population","fertility","25-29","births per 1000",21.7
"31120",2010,"population","fertility","25-29","births per 1000",77
"31120",2015,"population","fertility","25-29","births per 1000",51.4
"31120",2020,"population","fertility","25-29","births per 1000",19.4
"31130",2010,"population","fertility","25-29","births per 1000",91
"31130",2015,"population","fertility","25-29","births per 1000",65.8
"31130",2020,"population","fertility","25-29","births per 1000",31.9
"31140",2010,"population","fertility","25-29","births per 1000",123.7
"31140",2015,"population","fertility","25-29","births per 1000",91.4
"31140",2020,"population","fertility","25-29","births per 1000",46.2
"31150",2010,"population","fertility","25-29","births per 1000",113.4
"31150",2015,"population","fertility","25-29","births per 1000",76.2
"31150",2020,"population","fertility","25-29","births per 1000",40.8
"31160",2010,"population","fertility","25-29","births per 1000",94.3
"31160",2015,"population","fertility","25-29","births per 1000",68.8
"31160",2020,"population","fertility","25-29","births per 1000",28.1
"31170",2010,"population","fertility","25-29","births per 1000",79.9
"31170",2015,"population","fertility","25-29","births per 1000",48.4
"31170",2020,"population","fertility","25-29","births per 1000",25.3
"31180",2010,"population","fertility","25-29","births per 1000",77.8
"31180",2015,"population","fertility","25-29","births per 1000",49.1
"31180",2020,"population","fertility","25-29","births per 1000",29
"31190",2010,"population","fertility","25-29","births per 1000",90.9
"31190",2015,"population","fertility","25-29","births per 1000",64.9
"31190",2020,"population","fertility","25-29","births per 1000",28.1
"31191",2010,"population","fertility","25-29","births per 1000",97.6
"31191",2015,"population","fertility","25-29","births per 1000",76.5
"31191",2020,"population","fertility","25-29","births per 1000",40.2
"31192",2010,"population","fertility","25-29","births per 1000",98.2
"31192",2015,"population","fertility","25-29","births per 1000",69
"31192",2020,"population","fertility","25-29","births per 1000",27.8
"31193",2010,"population","fertility","25-29","births per 1000",75.7
"31193",2015,"population","fertility","25-29","births per 1000",52
"31193",2020,"population","fertility","25-29","births per 1000",20.3
"31200",2010,"population","fertility","25-29","births per 1000",111.6
"31200",2015,"population","fertility","25-29","births per 1000",89.8
"31200",2020,"population","fertility","25-29","births per 1000",48.8
"31210",2010,"population","fertility","25-29","births per 1000",112.6
"31210",2015,"population","fertility","25-29","births per 1000",106.6
"31210",2020,"population","fertility","25-29","births per 1000",50.1
"31220",2010,"population","fertility","25-29","births per 1000",110.7
"31220",2015,"population","fertility","25-29","births per 1000",85.3
"31220",2020,"population","fertility","25-29","births per 1000",41.2
"31230",2010,"population","fertility","25-29","births per 1000",86.4
"31230",2015,"population","fertility","25-29","births per 1000",80.1
"31230",2020,"population","fertility","25-29","births per 1000",40.1
"31240",2010,"population","fertility","25-29","births per 1000",147.5
"31240",2015,"population","fertility","25-29","births per 1000",102.3
"31240",2020,"population","fertility","25-29","births per 1000",49.9
"31250",2010,"population","fertility","25-29","births per 1000",93
"31250",2015,"population","fertility","25-29","births per 1000",86
"31250",2020,"population","fertility","25-29","births per 1000",40.2
"31260",2010,"population","fertility","25-29","births per 1000",109.5
"31260",2015,"population","fertility","25-29","births per 1000",81
"31260",2020,"population","fertility","25-29","births per 1000",50.4
"31270",2010,"population","fertility","25-29","births per 1000",96.3
"31270",2015,"population","fertility","25-29","births per 1000",92.1
"31270",2020,"population","fertility","25-29","births per 1000",38.2
"31280",2010,"population","fertility","25-29","births per 1000",NA
"31280",2015,"population","fertility","25-29","births per 1000",83.6
"31280",2020,"population","fertility","25-29","births per 1000",56.8
"31310",2010,"population","fertility","25-29","births per 1000",NA
"31310",2015,"population","fertility","25-29","births per 1000",NA
"31310",2020,"population","fertility","25-29","births per 1000",NA
"31320",2010,"population","fertility","25-29","births per 1000",99.2
"31320",2015,"population","fertility","25-29","births per 1000",NA
"31320",2020,"population","fertility","25-29","births per 1000",NA
"31330",2010,"population","fertility","25-29","births per 1000",NA
"31330",2015,"population","fertility","25-29","births per 1000",NA
"31330",2020,"population","fertility","25-29","births per 1000",NA
"31340",2010,"population","fertility","25-29","births per 1000",NA
"31340",2015,"population","fertility","25-29","births per 1000",NA
"31340",2020,"population","fertility","25-29","births per 1000",NA
"31350",2010,"population","fertility","25-29","births per 1000",108.7
"31350",2015,"population","fertility","25-29","births per 1000",117
"31350",2020,"population","fertility","25-29","births per 1000",86.4
"31360",2010,"population","fertility","25-29","births per 1000",NA
"31360",2015,"population","fertility","25-29","births per 1000",NA
"31360",2020,"population","fertility","25-29","births per 1000",NA
"31370",2010,"population","fertility","25-29","births per 1000",90.8
"31370",2015,"population","fertility","25-29","births per 1000",83.9
"31370",2020,"population","fertility","25-29","births per 1000",53.2
"31380",2010,"population","fertility","25-29","births per 1000",87.5
"31380",2015,"population","fertility","25-29","births per 1000",69.6
"31380",2020,"population","fertility","25-29","births per 1000",40.1
"32010",2010,"population","fertility","25-29","births per 1000",85.6
"32010",2015,"population","fertility","25-29","births per 1000",67.5
"32010",2020,"population","fertility","25-29","births per 1000",41.3
"32020",2010,"population","fertility","25-29","births per 1000",98.4
"32020",2015,"population","fertility","25-29","births per 1000",72.2
"32020",2020,"population","fertility","25-29","births per 1000",43.9
"32030",2010,"population","fertility","25-29","births per 1000",84
"32030",2015,"population","fertility","25-29","births per 1000",70.1
"32030",2020,"population","fertility","25-29","births per 1000",44.3
"32040",2010,"population","fertility","25-29","births per 1000",95.8
"32040",2015,"population","fertility","25-29","births per 1000",74.5
"32040",2020,"population","fertility","25-29","births per 1000",54.6
"32050",2010,"population","fertility","25-29","births per 1000",103.7
"32050",2015,"population","fertility","25-29","births per 1000",78.5
"32050",2020,"population","fertility","25-29","births per 1000",42.5
"32060",2010,"population","fertility","25-29","births per 1000",94.6
"32060",2015,"population","fertility","25-29","births per 1000",96.5
"32060",2020,"population","fertility","25-29","births per 1000",57.4
"32070",2010,"population","fertility","25-29","births per 1000",87.1
"32070",2015,"population","fertility","25-29","births per 1000",69.4
"32070",2020,"population","fertility","25-29","births per 1000",68.6
"32310",2010,"population","fertility","25-29","births per 1000",102
"32310",2015,"population","fertility","25-29","births per 1000",92.8
"32310",2020,"population","fertility","25-29","births per 1000",65.2
"32320",2010,"population","fertility","25-29","births per 1000",99.8
"32320",2015,"population","fertility","25-29","births per 1000",58.5
"32320",2020,"population","fertility","25-29","births per 1000",53.5
"32330",2010,"population","fertility","25-29","births per 1000",79.6
"32330",2015,"population","fertility","25-29","births per 1000",63.4
"32330",2020,"population","fertility","25-29","births per 1000",35.1
"32340",2010,"population","fertility","25-29","births per 1000",99
"32340",2015,"population","fertility","25-29","births per 1000",63.6
"32340",2020,"population","fertility","25-29","births per 1000",38.1
"32350",2010,"population","fertility","25-29","births per 1000",76.4
"32350",2015,"population","fertility","25-29","births per 1000",61.9
"32350",2020,"population","fertility","25-29","births per 1000",38.2
"32360",2010,"population","fertility","25-29","births per 1000",151.4
"32360",2015,"population","fertility","25-29","births per 1000",132.9
"32360",2020,"population","fertility","25-29","births per 1000",115.1
"32370",2010,"population","fertility","25-29","births per 1000",163.8
"32370",2015,"population","fertility","25-29","births per 1000",144.2
"32370",2020,"population","fertility","25-29","births per 1000",100.8
"32380",2010,"population","fertility","25-29","births per 1000",130.1
"32380",2015,"population","fertility","25-29","births per 1000",102.2
"32380",2020,"population","fertility","25-29","births per 1000",105.2
"32390",2010,"population","fertility","25-29","births per 1000",187.3
"32390",2015,"population","fertility","25-29","births per 1000",152.1
"32390",2020,"population","fertility","25-29","births per 1000",106.3
"32400",2010,"population","fertility","25-29","births per 1000",77.8
"32400",2015,"population","fertility","25-29","births per 1000",73.8
"32400",2020,"population","fertility","25-29","births per 1000",38.2
"32410",2010,"population","fertility","25-29","births per 1000",95.8
"32410",2015,"population","fertility","25-29","births per 1000",71.2
"32410",2020,"population","fertility","25-29","births per 1000",45.6
"33010",2010,"population","fertility","25-29","births per 1000",99.8
"33010",2015,"population","fertility","25-29","births per 1000",NA
"33010",2020,"population","fertility","25-29","births per 1000",NA
"33011",2010,"population","fertility","25-29","births per 1000",94.6
"33011",2015,"population","fertility","25-29","births per 1000",NA
"33011",2020,"population","fertility","25-29","births per 1000",NA
"33012",2010,"population","fertility","25-29","births per 1000",102.5
"33012",2015,"population","fertility","25-29","births per 1000",NA
"33012",2020,"population","fertility","25-29","births per 1000",NA
"33020",2010,"population","fertility","25-29","births per 1000",101.4
"33020",2015,"population","fertility","25-29","births per 1000",72.8
"33020",2020,"population","fertility","25-29","births per 1000",53.1
"33030",2010,"population","fertility","25-29","births per 1000",88.6
"33030",2015,"population","fertility","25-29","births per 1000",85.4
"33030",2020,"population","fertility","25-29","births per 1000",43.6
"33040",2010,"population","fertility","25-29","births per 1000",NA
"33040",2015,"population","fertility","25-29","births per 1000",90.4
"33040",2020,"population","fertility","25-29","births per 1000",42.5
"33041",2010,"population","fertility","25-29","births per 1000",NA
"33041",2015,"population","fertility","25-29","births per 1000",82.4
"33041",2020,"population","fertility","25-29","births per 1000",42.1
"33042",2010,"population","fertility","25-29","births per 1000",NA
"33042",2015,"population","fertility","25-29","births per 1000",79.6
"33042",2020,"population","fertility","25-29","births per 1000",30.1
"33043",2010,"population","fertility","25-29","births per 1000",NA
"33043",2015,"population","fertility","25-29","births per 1000",88.2
"33043",2020,"population","fertility","25-29","births per 1000",42.2
"33044",2010,"population","fertility","25-29","births per 1000",NA
"33044",2015,"population","fertility","25-29","births per 1000",113.3
"33044",2020,"population","fertility","25-29","births per 1000",55.9
"33310",2010,"population","fertility","25-29","births per 1000",134.5
"33310",2015,"population","fertility","25-29","births per 1000",NA
"33310",2020,"population","fertility","25-29","births per 1000",NA
"33320",2010,"population","fertility","25-29","births per 1000",108.4
"33320",2015,"population","fertility","25-29","births per 1000",85.1
"33320",2020,"population","fertility","25-29","births per 1000",57.9
"33330",2010,"population","fertility","25-29","births per 1000",83.6
"33330",2015,"population","fertility","25-29","births per 1000",75.5
"33330",2020,"population","fertility","25-29","births per 1000",59
"33340",2010,"population","fertility","25-29","births per 1000",108.4
"33340",2015,"population","fertility","25-29","births per 1000",66
"33340",2020,"population","fertility","25-29","births per 1000",63.8
"33350",2010,"population","fertility","25-29","births per 1000",132.6
"33350",2015,"population","fertility","25-29","births per 1000",114.1
"33350",2020,"population","fertility","25-29","births per 1000",68
"33360",2010,"population","fertility","25-29","births per 1000",79.3
"33360",2015,"population","fertility","25-29","births per 1000",58.7
"33360",2020,"population","fertility","25-29","births per 1000",39.1
"33370",2010,"population","fertility","25-29","births per 1000",113.6
"33370",2015,"population","fertility","25-29","births per 1000",102
"33370",2020,"population","fertility","25-29","births per 1000",41.3
"33380",2010,"population","fertility","25-29","births per 1000",85.3
"33380",2015,"population","fertility","25-29","births per 1000",78.3
"33380",2020,"population","fertility","25-29","births per 1000",34.5
"33390",2010,"population","fertility","25-29","births per 1000",136.8
"33390",2015,"population","fertility","25-29","births per 1000",129.4
"33390",2020,"population","fertility","25-29","births per 1000",63.5
"34010",2010,"population","fertility","25-29","births per 1000",109.3
"34010",2015,"population","fertility","25-29","births per 1000",89.3
"34010",2020,"population","fertility","25-29","births per 1000",47.6
"34011",2010,"population","fertility","25-29","births per 1000",104.7
"34011",2015,"population","fertility","25-29","births per 1000",83.1
"34011",2020,"population","fertility","25-29","births per 1000",41.4
"34012",2010,"population","fertility","25-29","births per 1000",112.7
"34012",2015,"population","fertility","25-29","births per 1000",93.1
"34012",2020,"population","fertility","25-29","births per 1000",50.8
"34020",2010,"population","fertility","25-29","births per 1000",88.7
"34020",2015,"population","fertility","25-29","births per 1000",63.4
"34020",2020,"population","fertility","25-29","births per 1000",42.7
"34030",2010,"population","fertility","25-29","births per 1000",113.9
"34030",2015,"population","fertility","25-29","births per 1000",83.8
"34030",2020,"population","fertility","25-29","births per 1000",53.2
"34040",2010,"population","fertility","25-29","births per 1000",149
"34040",2015,"population","fertility","25-29","births per 1000",123.2
"34040",2020,"population","fertility","25-29","births per 1000",52.6
"34050",2010,"population","fertility","25-29","births per 1000",142.3
"34050",2015,"population","fertility","25-29","births per 1000",127.1
"34050",2020,"population","fertility","25-29","births per 1000",73.8
"34060",2010,"population","fertility","25-29","births per 1000",99.6
"34060",2015,"population","fertility","25-29","births per 1000",92.1
"34060",2020,"population","fertility","25-29","births per 1000",45.3
"34070",2010,"population","fertility","25-29","births per 1000",111.3
"34070",2015,"population","fertility","25-29","births per 1000",70.1
"34070",2020,"population","fertility","25-29","births per 1000",42.3
"34080",2010,"population","fertility","25-29","births per 1000",NA
"34080",2015,"population","fertility","25-29","births per 1000",142.3
"34080",2020,"population","fertility","25-29","births per 1000",78.6
"34310",2010,"population","fertility","25-29","births per 1000",121.7
"34310",2015,"population","fertility","25-29","births per 1000",75.5
"34310",2020,"population","fertility","25-29","births per 1000",46.2
"34320",2010,"population","fertility","25-29","births per 1000",142.3
"34320",2015,"population","fertility","25-29","births per 1000",NA
"34320",2020,"population","fertility","25-29","births per 1000",NA
"34330",2010,"population","fertility","25-29","births per 1000",82.8
"34330",2015,"population","fertility","25-29","births per 1000",69.7
"34330",2020,"population","fertility","25-29","births per 1000",38.5
"34340",2010,"population","fertility","25-29","births per 1000",105
"34340",2015,"population","fertility","25-29","births per 1000",62.7
"34340",2020,"population","fertility","25-29","births per 1000",47.8
"34350",2010,"population","fertility","25-29","births per 1000",121.3
"34350",2015,"population","fertility","25-29","births per 1000",91.3
"34350",2020,"population","fertility","25-29","births per 1000",29.9
"34360",2010,"population","fertility","25-29","births per 1000",94.8
"34360",2015,"population","fertility","25-29","births per 1000",82.8
"34360",2020,"population","fertility","25-29","births per 1000",63.7
"34370",2010,"population","fertility","25-29","births per 1000",84.3
"34370",2015,"population","fertility","25-29","births per 1000",65.1
"34370",2020,"population","fertility","25-29","births per 1000",36.8
"34380",2010,"population","fertility","25-29","births per 1000",107
"34380",2015,"population","fertility","25-29","births per 1000",81.6
"34380",2020,"population","fertility","25-29","births per 1000",49.5
"34390",2010,"population","fertility","25-29","births per 1000",119.3
"34390",2015,"population","fertility","25-29","births per 1000",NA
"34390",2020,"population","fertility","25-29","births per 1000",NA
"35010",2010,"population","fertility","25-29","births per 1000",87.6
"35010",2015,"population","fertility","25-29","births per 1000",69.6
"35010",2020,"population","fertility","25-29","births per 1000",33.3
"35011",2010,"population","fertility","25-29","births per 1000",80.8
"35011",2015,"population","fertility","25-29","births per 1000",65.3
"35011",2020,"population","fertility","25-29","births per 1000",29.7
"35012",2010,"population","fertility","25-29","births per 1000",95.5
"35012",2015,"population","fertility","25-29","births per 1000",75
"35012",2020,"population","fertility","25-29","births per 1000",37.5
"35020",2010,"population","fertility","25-29","births per 1000",108.2
"35020",2015,"population","fertility","25-29","births per 1000",96.4
"35020",2020,"population","fertility","25-29","births per 1000",49.2
"35030",2010,"population","fertility","25-29","births per 1000",102.2
"35030",2015,"population","fertility","25-29","births per 1000",81.6
"35030",2020,"population","fertility","25-29","births per 1000",42.3
"35040",2010,"population","fertility","25-29","births per 1000",91.3
"35040",2015,"population","fertility","25-29","births per 1000",72.8
"35040",2020,"population","fertility","25-29","births per 1000",37.5
"35050",2010,"population","fertility","25-29","births per 1000",89.6
"35050",2015,"population","fertility","25-29","births per 1000",85
"35050",2020,"population","fertility","25-29","births per 1000",57.8
"35060",2010,"population","fertility","25-29","births per 1000",98.9
"35060",2015,"population","fertility","25-29","births per 1000",66.6
"35060",2020,"population","fertility","25-29","births per 1000",38.2
"35310",2010,"population","fertility","25-29","births per 1000",138.7
"35310",2015,"population","fertility","25-29","births per 1000",105.3
"35310",2020,"population","fertility","25-29","births per 1000",37.7
"35320",2010,"population","fertility","25-29","births per 1000",176.7
"35320",2015,"population","fertility","25-29","births per 1000",83.9
"35320",2020,"population","fertility","25-29","births per 1000",65.6
"35330",2010,"population","fertility","25-29","births per 1000",100.2
"35330",2015,"population","fertility","25-29","births per 1000",82.8
"35330",2020,"population","fertility","25-29","births per 1000",60.2
"35340",2010,"population","fertility","25-29","births per 1000",134.2
"35340",2015,"population","fertility","25-29","births per 1000",59.7
"35340",2020,"population","fertility","25-29","births per 1000",59.7
"35350",2010,"population","fertility","25-29","births per 1000",131.5
"35350",2015,"population","fertility","25-29","births per 1000",87.5
"35350",2020,"population","fertility","25-29","births per 1000",58.4
"35360",2010,"population","fertility","25-29","births per 1000",124.1
"35360",2015,"population","fertility","25-29","births per 1000",75.3
"35360",2020,"population","fertility","25-29","births per 1000",69.9
"35370",2010,"population","fertility","25-29","births per 1000",95.4
"35370",2015,"population","fertility","25-29","births per 1000",70
"35370",2020,"population","fertility","25-29","births per 1000",52.2
"35380",2010,"population","fertility","25-29","births per 1000",74.6
"35380",2015,"population","fertility","25-29","births per 1000",60.5
"35380",2020,"population","fertility","25-29","births per 1000",48.5
"36010",2010,"population","fertility","25-29","births per 1000",98.9
"36010",2015,"population","fertility","25-29","births per 1000",79.3
"36010",2020,"population","fertility","25-29","births per 1000",37.6
"36020",2010,"population","fertility","25-29","births per 1000",102.3
"36020",2015,"population","fertility","25-29","births per 1000",93.9
"36020",2020,"population","fertility","25-29","births per 1000",49.6
"36030",2010,"population","fertility","25-29","births per 1000",93.5
"36030",2015,"population","fertility","25-29","births per 1000",81.4
"36030",2020,"population","fertility","25-29","births per 1000",49.4
"36040",2010,"population","fertility","25-29","births per 1000",96.3
"36040",2015,"population","fertility","25-29","births per 1000",92.5
"36040",2020,"population","fertility","25-29","births per 1000",48.2
"36060",2010,"population","fertility","25-29","births per 1000",166.8
"36060",2015,"population","fertility","25-29","births per 1000",127.9
"36060",2020,"population","fertility","25-29","births per 1000",64.3
"36310",2010,"population","fertility","25-29","births per 1000",102.1
"36310",2015,"population","fertility","25-29","births per 1000",79.6
"36310",2020,"population","fertility","25-29","births per 1000",51.5
"36320",2010,"population","fertility","25-29","births per 1000",95.7
"36320",2015,"population","fertility","25-29","births per 1000",51.8
"36320",2020,"population","fertility","25-29","births per 1000",31.3
"36330",2010,"population","fertility","25-29","births per 1000",79.2
"36330",2015,"population","fertility","25-29","births per 1000",77.2
"36330",2020,"population","fertility","25-29","births per 1000",36.6
"36350",2010,"population","fertility","25-29","births per 1000",98
"36350",2015,"population","fertility","25-29","births per 1000",62.6
"36350",2020,"population","fertility","25-29","births per 1000",69.3
"36360",2010,"population","fertility","25-29","births per 1000",146.7
"36360",2015,"population","fertility","25-29","births per 1000",89.5
"36360",2020,"population","fertility","25-29","births per 1000",57.2
"36370",2010,"population","fertility","25-29","births per 1000",99.6
"36370",2015,"population","fertility","25-29","births per 1000",68
"36370",2020,"population","fertility","25-29","births per 1000",46.1
"36380",2010,"population","fertility","25-29","births per 1000",89.8
"36380",2015,"population","fertility","25-29","births per 1000",61.8
"36380",2020,"population","fertility","25-29","births per 1000",78.2
"36390",2010,"population","fertility","25-29","births per 1000",164.8
"36390",2015,"population","fertility","25-29","births per 1000",103.8
"36390",2020,"population","fertility","25-29","births per 1000",48.3
"36400",2010,"population","fertility","25-29","births per 1000",121
"36400",2015,"population","fertility","25-29","births per 1000",133
"36400",2020,"population","fertility","25-29","births per 1000",72.9
"36410",2010,"population","fertility","25-29","births per 1000",180.2
"36410",2015,"population","fertility","25-29","births per 1000",130.9
"36410",2020,"population","fertility","25-29","births per 1000",79.8
"36420",2010,"population","fertility","25-29","births per 1000",136.2
"36420",2015,"population","fertility","25-29","births per 1000",100.7
"36420",2020,"population","fertility","25-29","births per 1000",50.4
"36430",2010,"population","fertility","25-29","births per 1000",106
"36430",2015,"population","fertility","25-29","births per 1000",81.3
"36430",2020,"population","fertility","25-29","births per 1000",46.3
"36440",2010,"population","fertility","25-29","births per 1000",115.8
"36440",2015,"population","fertility","25-29","births per 1000",77.5
"36440",2020,"population","fertility","25-29","births per 1000",116.3
"36450",2010,"population","fertility","25-29","births per 1000",124.5
"36450",2015,"population","fertility","25-29","births per 1000",116.6
"36450",2020,"population","fertility","25-29","births per 1000",75.4
"36460",2010,"population","fertility","25-29","births per 1000",141.9
"36460",2015,"population","fertility","25-29","births per 1000",122.9
"36460",2020,"population","fertility","25-29","births per 1000",68.6
"36470",2010,"population","fertility","25-29","births per 1000",99.1
"36470",2015,"population","fertility","25-29","births per 1000",101.3
"36470",2020,"population","fertility","25-29","births per 1000",64.4
"36480",2010,"population","fertility","25-29","births per 1000",99.9
"36480",2015,"population","fertility","25-29","births per 1000",85.6
"36480",2020,"population","fertility","25-29","births per 1000",55.4
"37010",2010,"population","fertility","25-29","births per 1000",98.5
"37010",2015,"population","fertility","25-29","births per 1000",87.6
"37010",2020,"population","fertility","25-29","births per 1000",46.3
"37011",2010,"population","fertility","25-29","births per 1000",101.4
"37011",2015,"population","fertility","25-29","births per 1000",96.5
"37011",2020,"population","fertility","25-29","births per 1000",46.1
"37012",2010,"population","fertility","25-29","births per 1000",95.4
"37012",2015,"population","fertility","25-29","births per 1000",79.3
"37012",2020,"population","fertility","25-29","births per 1000",46.5
"37020",2010,"population","fertility","25-29","births per 1000",87.2
"37020",2015,"population","fertility","25-29","births per 1000",73.2
"37020",2020,"population","fertility","25-29","births per 1000",45.7
"37030",2010,"population","fertility","25-29","births per 1000",105.9
"37030",2015,"population","fertility","25-29","births per 1000",87.7
"37030",2020,"population","fertility","25-29","births per 1000",56.3
"37040",2010,"population","fertility","25-29","births per 1000",112.6
"37040",2015,"population","fertility","25-29","births per 1000",88.5
"37040",2020,"population","fertility","25-29","births per 1000",45.7
"37050",2010,"population","fertility","25-29","births per 1000",109.4
"37050",2015,"population","fertility","25-29","births per 1000",95.5
"37050",2020,"population","fertility","25-29","births per 1000",51.8
"37060",2010,"population","fertility","25-29","births per 1000",93
"37060",2015,"population","fertility","25-29","births per 1000",78.1
"37060",2020,"population","fertility","25-29","births per 1000",54.5
"37070",2010,"population","fertility","25-29","births per 1000",102.8
"37070",2015,"population","fertility","25-29","births per 1000",91.6
"37070",2020,"population","fertility","25-29","births per 1000",48.3
"37080",2010,"population","fertility","25-29","births per 1000",98.2
"37080",2015,"population","fertility","25-29","births per 1000",78.5
"37080",2020,"population","fertility","25-29","births per 1000",51.4
"37090",2010,"population","fertility","25-29","births per 1000",90.5
"37090",2015,"population","fertility","25-29","births per 1000",89.4
"37090",2020,"population","fertility","25-29","births per 1000",54.7
"37100",2010,"population","fertility","25-29","births per 1000",93.4
"37100",2015,"population","fertility","25-29","births per 1000",80.5
"37100",2020,"population","fertility","25-29","births per 1000",37.2
"37310",2010,"population","fertility","25-29","births per 1000",67.1
"37310",2015,"population","fertility","25-29","births per 1000",61.3
"37310",2020,"population","fertility","25-29","births per 1000",45.1
"37320",2010,"population","fertility","25-29","births per 1000",95.5
"37320",2015,"population","fertility","25-29","births per 1000",62.5
"37320",2020,"population","fertility","25-29","births per 1000",63.1
"37330",2010,"population","fertility","25-29","births per 1000",66
"37330",2015,"population","fertility","25-29","births per 1000",68.6
"37330",2020,"population","fertility","25-29","births per 1000",28.3
"37340",2010,"population","fertility","25-29","births per 1000",86
"37340",2015,"population","fertility","25-29","births per 1000",102.8
"37340",2020,"population","fertility","25-29","births per 1000",62.2
"37350",2010,"population","fertility","25-29","births per 1000",90.8
"37350",2015,"population","fertility","25-29","births per 1000",74.5
"37350",2020,"population","fertility","25-29","births per 1000",69.7
"37360",2010,"population","fertility","25-29","births per 1000",61.4
"37360",2015,"population","fertility","25-29","births per 1000",47.9
"37360",2020,"population","fertility","25-29","births per 1000",41.5
"37370",2010,"population","fertility","25-29","births per 1000",110.1
"37370",2015,"population","fertility","25-29","births per 1000",89.8
"37370",2020,"population","fertility","25-29","births per 1000",33.7
"37380",2010,"population","fertility","25-29","births per 1000",79.5
"37380",2015,"population","fertility","25-29","births per 1000",77.2
"37380",2020,"population","fertility","25-29","births per 1000",44.1
"37390",2010,"population","fertility","25-29","births per 1000",152.7
"37390",2015,"population","fertility","25-29","births per 1000",112.2
"37390",2020,"population","fertility","25-29","births per 1000",32.8
"37400",2010,"population","fertility","25-29","births per 1000",82.6
"37400",2015,"population","fertility","25-29","births per 1000",93.4
"37400",2020,"population","fertility","25-29","births per 1000",85.2
"37410",2010,"population","fertility","25-29","births per 1000",128
"37410",2015,"population","fertility","25-29","births per 1000",91.8
"37410",2020,"population","fertility","25-29","births per 1000",43
"37420",2010,"population","fertility","25-29","births per 1000",91.6
"37420",2015,"population","fertility","25-29","births per 1000",92
"37420",2020,"population","fertility","25-29","births per 1000",59.9
"37430",2010,"population","fertility","25-29","births per 1000",50.5
"37430",2015,"population","fertility","25-29","births per 1000",74.4
"37430",2020,"population","fertility","25-29","births per 1000",34.4
"38010",2010,"population","fertility","25-29","births per 1000",NA
"38010",2015,"population","fertility","25-29","births per 1000",NA
"38010",2020,"population","fertility","25-29","births per 1000",NA
"38020",2010,"population","fertility","25-29","births per 1000",NA
"38020",2015,"population","fertility","25-29","births per 1000",NA
"38020",2020,"population","fertility","25-29","births per 1000",NA
"38021",2010,"population","fertility","25-29","births per 1000",NA
"38021",2015,"population","fertility","25-29","births per 1000",NA
"38021",2020,"population","fertility","25-29","births per 1000",NA
"38022",2010,"population","fertility","25-29","births per 1000",NA
"38022",2015,"population","fertility","25-29","births per 1000",NA
"38022",2020,"population","fertility","25-29","births per 1000",NA
"38030",2010,"population","fertility","25-29","births per 1000",88.1
"38030",2015,"population","fertility","25-29","births per 1000",73
"38030",2020,"population","fertility","25-29","births per 1000",40.2
"38040",2010,"population","fertility","25-29","births per 1000",NA
"38040",2015,"population","fertility","25-29","births per 1000",NA
"38040",2020,"population","fertility","25-29","births per 1000",NA
"38050",2010,"population","fertility","25-29","births per 1000",126.3
"38050",2015,"population","fertility","25-29","births per 1000",93.1
"38050",2020,"population","fertility","25-29","births per 1000",34.8
"38060",2010,"population","fertility","25-29","births per 1000",110.1
"38060",2015,"population","fertility","25-29","births per 1000",101.5
"38060",2020,"population","fertility","25-29","births per 1000",60.1
"38070",2010,"population","fertility","25-29","births per 1000",115.2
"38070",2015,"population","fertility","25-29","births per 1000",88.7
"38070",2020,"population","fertility","25-29","births per 1000",43.2
"38080",2010,"population","fertility","25-29","births per 1000",69.4
"38080",2015,"population","fertility","25-29","births per 1000",65.8
"38080",2020,"population","fertility","25-29","births per 1000",42.3
"38090",2010,"population","fertility","25-29","births per 1000",165.3
"38090",2015,"population","fertility","25-29","births per 1000",138.2
"38090",2020,"population","fertility","25-29","births per 1000",56.1
"38100",2010,"population","fertility","25-29","births per 1000",105.7
"38100",2015,"population","fertility","25-29","births per 1000",81.8
"38100",2020,"population","fertility","25-29","births per 1000",45.5
"38110",2010,"population","fertility","25-29","births per 1000",96.9
"38110",2015,"population","fertility","25-29","births per 1000",74.3
"38110",2020,"population","fertility","25-29","births per 1000",38.4
"38111",2010,"population","fertility","25-29","births per 1000",87.5
"38111",2015,"population","fertility","25-29","births per 1000",72.3
"38111",2020,"population","fertility","25-29","births per 1000",35.9
"38112",2010,"population","fertility","25-29","births per 1000",109.6
"38112",2015,"population","fertility","25-29","births per 1000",71.3
"38112",2020,"population","fertility","25-29","births per 1000",33.4
"38113",2010,"population","fertility","25-29","births per 1000",71.4
"38113",2015,"population","fertility","25-29","births per 1000",62.5
"38113",2020,"population","fertility","25-29","births per 1000",31.6
"38114",2010,"population","fertility","25-29","births per 1000",76.1
"38114",2015,"population","fertility","25-29","births per 1000",65.7
"38114",2020,"population","fertility","25-29","births per 1000",33.9
"38115",2010,"population","fertility","25-29","births per 1000",146.1
"38115",2015,"population","fertility","25-29","births per 1000",104.7
"38115",2020,"population","fertility","25-29","births per 1000",62.3
"38310",2010,"population","fertility","25-29","births per 1000",116.5
"38310",2015,"population","fertility","25-29","births per 1000",87.3
"38310",2020,"population","fertility","25-29","births per 1000",47.3
"38320",2010,"population","fertility","25-29","births per 1000",100.7
"38320",2015,"population","fertility","25-29","births per 1000",75.5
"38320",2020,"population","fertility","25-29","births per 1000",38.8
"38330",2010,"population","fertility","25-29","births per 1000",79.6
"38330",2015,"population","fertility","25-29","births per 1000",84.8
"38330",2020,"population","fertility","25-29","births per 1000",55.1
"38340",2010,"population","fertility","25-29","births per 1000",111.1
"38340",2015,"population","fertility","25-29","births per 1000",63.9
"38340",2020,"population","fertility","25-29","births per 1000",45.4
"38350",2010,"population","fertility","25-29","births per 1000",80.8
"38350",2015,"population","fertility","25-29","births per 1000",64
"38350",2020,"population","fertility","25-29","births per 1000",31.2
"38360",2010,"population","fertility","25-29","births per 1000",86.7
"38360",2015,"population","fertility","25-29","births per 1000",60.6
"38360",2020,"population","fertility","25-29","births per 1000",43.8
"38370",2010,"population","fertility","25-29","births per 1000",100
"38370",2015,"population","fertility","25-29","births per 1000",99.7
"38370",2020,"population","fertility","25-29","births per 1000",33.4
"38380",2010,"population","fertility","25-29","births per 1000",106.7
"38380",2015,"population","fertility","25-29","births per 1000",87.3
"38380",2020,"population","fertility","25-29","births per 1000",28.4
"38390",2010,"population","fertility","25-29","births per 1000",94.2
"38390",2015,"population","fertility","25-29","births per 1000",69.3
"38390",2020,"population","fertility","25-29","births per 1000",54.8
"38400",2010,"population","fertility","25-29","births per 1000",69.4
"38400",2015,"population","fertility","25-29","births per 1000",53.9
"38400",2020,"population","fertility","25-29","births per 1000",44.2
"39010",2010,"population","fertility","25-29","births per 1000",94.6
"39010",2015,"population","fertility","25-29","births per 1000",83.1
"39010",2020,"population","fertility","25-29","births per 1000",42.8
"39020",2010,"population","fertility","25-29","births per 1000",102.3
"39020",2015,"population","fertility","25-29","births per 1000",66.9
"39020",2020,"population","fertility","25-29","births per 1000",42.1
"39310",2010,"population","fertility","25-29","births per 1000",NA
"39310",2015,"population","fertility","25-29","births per 1000",NA
"39310",2020,"population","fertility","25-29","births per 1000",NA
"39320",2010,"population","fertility","25-29","births per 1000",NA
"39320",2015,"population","fertility","25-29","births per 1000",NA
"39320",2020,"population","fertility","25-29","births per 1000",NA
"23090",2020,"population","fertility","25-29","births per 1000",31.6
"11010",2010,"population","fertility","30-34","births per 1000",86.1
"11010",2015,"population","fertility","30-34","births per 1000",79.9
"11010",2020,"population","fertility","30-34","births per 1000",45.7
"11020",2010,"population","fertility","30-34","births per 1000",104.9
"11020",2015,"population","fertility","30-34","births per 1000",93
"11020",2020,"population","fertility","30-34","births per 1000",62
"11030",2010,"population","fertility","30-34","births per 1000",95.3
"11030",2015,"population","fertility","30-34","births per 1000",101
"11030",2020,"population","fertility","30-34","births per 1000",56.3
"11040",2010,"population","fertility","30-34","births per 1000",107.3
"11040",2015,"population","fertility","30-34","births per 1000",109.9
"11040",2020,"population","fertility","30-34","births per 1000",77.1
"11050",2010,"population","fertility","30-34","births per 1000",96
"11050",2015,"population","fertility","30-34","births per 1000",91.2
"11050",2020,"population","fertility","30-34","births per 1000",47.9
"11060",2010,"population","fertility","30-34","births per 1000",95.9
"11060",2015,"population","fertility","30-34","births per 1000",97
"11060",2020,"population","fertility","30-34","births per 1000",63.3
"11070",2010,"population","fertility","30-34","births per 1000",97.7
"11070",2015,"population","fertility","30-34","births per 1000",103.4
"11070",2020,"population","fertility","30-34","births per 1000",58.6
"11080",2010,"population","fertility","30-34","births per 1000",105.6
"11080",2015,"population","fertility","30-34","births per 1000",101.1
"11080",2020,"population","fertility","30-34","births per 1000",66.8
"11090",2010,"population","fertility","30-34","births per 1000",91.9
"11090",2015,"population","fertility","30-34","births per 1000",86
"11090",2020,"population","fertility","30-34","births per 1000",50.7
"11100",2010,"population","fertility","30-34","births per 1000",109.1
"11100",2015,"population","fertility","30-34","births per 1000",102.7
"11100",2020,"population","fertility","30-34","births per 1000",56.5
"11110",2010,"population","fertility","30-34","births per 1000",115.6
"11110",2015,"population","fertility","30-34","births per 1000",113.4
"11110",2020,"population","fertility","30-34","births per 1000",70.6
"11120",2010,"population","fertility","30-34","births per 1000",98.4
"11120",2015,"population","fertility","30-34","births per 1000",95
"11120",2020,"population","fertility","30-34","births per 1000",57.5
"11130",2010,"population","fertility","30-34","births per 1000",98.6
"11130",2015,"population","fertility","30-34","births per 1000",88.8
"11130",2020,"population","fertility","30-34","births per 1000",64.8
"11140",2010,"population","fertility","30-34","births per 1000",97.3
"11140",2015,"population","fertility","30-34","births per 1000",96.6
"11140",2020,"population","fertility","30-34","births per 1000",55.9
"11150",2010,"population","fertility","30-34","births per 1000",105.1
"11150",2015,"population","fertility","30-34","births per 1000",106.6
"11150",2020,"population","fertility","30-34","births per 1000",62.7
"11160",2010,"population","fertility","30-34","births per 1000",107.7
"11160",2015,"population","fertility","30-34","births per 1000",110.6
"11160",2020,"population","fertility","30-34","births per 1000",63
"11170",2010,"population","fertility","30-34","births per 1000",120.9
"11170",2015,"population","fertility","30-34","births per 1000",117.6
"11170",2020,"population","fertility","30-34","births per 1000",69.9
"11180",2010,"population","fertility","30-34","births per 1000",97.1
"11180",2015,"population","fertility","30-34","births per 1000",104.1
"11180",2020,"population","fertility","30-34","births per 1000",60
"11190",2010,"population","fertility","30-34","births per 1000",114.1
"11190",2015,"population","fertility","30-34","births per 1000",110.7
"11190",2020,"population","fertility","30-34","births per 1000",65.1
"11200",2010,"population","fertility","30-34","births per 1000",102.3
"11200",2015,"population","fertility","30-34","births per 1000",102.2
"11200",2020,"population","fertility","30-34","births per 1000",62.9
"11210",2010,"population","fertility","30-34","births per 1000",87.2
"11210",2015,"population","fertility","30-34","births per 1000",83.1
"11210",2020,"population","fertility","30-34","births per 1000",38.7
"11220",2010,"population","fertility","30-34","births per 1000",110.9
"11220",2015,"population","fertility","30-34","births per 1000",106.4
"11220",2020,"population","fertility","30-34","births per 1000",60.3
"11230",2010,"population","fertility","30-34","births per 1000",90.9
"11230",2015,"population","fertility","30-34","births per 1000",84.6
"11230",2020,"population","fertility","30-34","births per 1000",49.6
"11240",2010,"population","fertility","30-34","births per 1000",111.7
"11240",2015,"population","fertility","30-34","births per 1000",103.6
"11240",2020,"population","fertility","30-34","births per 1000",65.9
"11250",2010,"population","fertility","30-34","births per 1000",112.3
"11250",2015,"population","fertility","30-34","births per 1000",104.3
"11250",2020,"population","fertility","30-34","births per 1000",71
"21010",2010,"population","fertility","30-34","births per 1000",104.7
"21010",2015,"population","fertility","30-34","births per 1000",84.9
"21010",2020,"population","fertility","30-34","births per 1000",36.9
"21020",2010,"population","fertility","30-34","births per 1000",75.5
"21020",2015,"population","fertility","30-34","births per 1000",82.2
"21020",2020,"population","fertility","30-34","births per 1000",68
"21030",2010,"population","fertility","30-34","births per 1000",82.7
"21030",2015,"population","fertility","30-34","births per 1000",74.4
"21030",2020,"population","fertility","30-34","births per 1000",74.5
"21040",2010,"population","fertility","30-34","births per 1000",83.7
"21040",2015,"population","fertility","30-34","births per 1000",83.1
"21040",2020,"population","fertility","30-34","births per 1000",48.9
"21050",2010,"population","fertility","30-34","births per 1000",103
"21050",2015,"population","fertility","30-34","births per 1000",107
"21050",2020,"population","fertility","30-34","births per 1000",61.1
"21060",2010,"population","fertility","30-34","births per 1000",103.8
"21060",2015,"population","fertility","30-34","births per 1000",102.5
"21060",2020,"population","fertility","30-34","births per 1000",80.3
"21070",2010,"population","fertility","30-34","births per 1000",109
"21070",2015,"population","fertility","30-34","births per 1000",98.8
"21070",2020,"population","fertility","30-34","births per 1000",68.2
"21080",2010,"population","fertility","30-34","births per 1000",113.5
"21080",2015,"population","fertility","30-34","births per 1000",123.1
"21080",2020,"population","fertility","30-34","births per 1000",73.9
"21090",2010,"population","fertility","30-34","births per 1000",102.6
"21090",2015,"population","fertility","30-34","births per 1000",104.9
"21090",2020,"population","fertility","30-34","births per 1000",69.7
"21100",2010,"population","fertility","30-34","births per 1000",108.1
"21100",2015,"population","fertility","30-34","births per 1000",114
"21100",2020,"population","fertility","30-34","births per 1000",74.1
"21110",2010,"population","fertility","30-34","births per 1000",97.4
"21110",2015,"population","fertility","30-34","births per 1000",98.9
"21110",2020,"population","fertility","30-34","births per 1000",60.5
"21120",2010,"population","fertility","30-34","births per 1000",138.4
"21120",2015,"population","fertility","30-34","births per 1000",176.1
"21120",2020,"population","fertility","30-34","births per 1000",120
"21130",2010,"population","fertility","30-34","births per 1000",105.9
"21130",2015,"population","fertility","30-34","births per 1000",107
"21130",2020,"population","fertility","30-34","births per 1000",77.2
"21140",2010,"population","fertility","30-34","births per 1000",95.9
"21140",2015,"population","fertility","30-34","births per 1000",101.3
"21140",2020,"population","fertility","30-34","births per 1000",59.7
"21150",2010,"population","fertility","30-34","births per 1000",111.6
"21150",2015,"population","fertility","30-34","births per 1000",115.2
"21150",2020,"population","fertility","30-34","births per 1000",63
"21310",2010,"population","fertility","30-34","births per 1000",142.1
"21310",2015,"population","fertility","30-34","births per 1000",150.9
"21310",2020,"population","fertility","30-34","births per 1000",96.6
"22010",2010,"population","fertility","30-34","births per 1000",77.2
"22010",2015,"population","fertility","30-34","births per 1000",108.3
"22010",2020,"population","fertility","30-34","births per 1000",78.2
"22020",2010,"population","fertility","30-34","births per 1000",113.9
"22020",2015,"population","fertility","30-34","births per 1000",125
"22020",2020,"population","fertility","30-34","births per 1000",80.8
"22030",2010,"population","fertility","30-34","births per 1000",80.2
"22030",2015,"population","fertility","30-34","births per 1000",94
"22030",2020,"population","fertility","30-34","births per 1000",42
"22040",2010,"population","fertility","30-34","births per 1000",72.8
"22040",2015,"population","fertility","30-34","births per 1000",86
"22040",2020,"population","fertility","30-34","births per 1000",53.8
"22050",2010,"population","fertility","30-34","births per 1000",118.7
"22050",2015,"population","fertility","30-34","births per 1000",135.5
"22050",2020,"population","fertility","30-34","births per 1000",85.4
"22060",2010,"population","fertility","30-34","births per 1000",100.3
"22060",2015,"population","fertility","30-34","births per 1000",105.2
"22060",2020,"population","fertility","30-34","births per 1000",62.5
"22070",2010,"population","fertility","30-34","births per 1000",121.7
"22070",2015,"population","fertility","30-34","births per 1000",127.4
"22070",2020,"population","fertility","30-34","births per 1000",75
"22310",2010,"population","fertility","30-34","births per 1000",135.9
"22310",2015,"population","fertility","30-34","births per 1000",143.3
"22310",2020,"population","fertility","30-34","births per 1000",122.5
"23010",2010,"population","fertility","30-34","births per 1000",112.2
"23010",2015,"population","fertility","30-34","births per 1000",121.6
"23010",2020,"population","fertility","30-34","births per 1000",70
"23020",2010,"population","fertility","30-34","births per 1000",106.4
"23020",2015,"population","fertility","30-34","births per 1000",122.2
"23020",2020,"population","fertility","30-34","births per 1000",63.9
"23030",2010,"population","fertility","30-34","births per 1000",103.4
"23030",2015,"population","fertility","30-34","births per 1000",96.1
"23030",2020,"population","fertility","30-34","births per 1000",NA
"23040",2010,"population","fertility","30-34","births per 1000",114.4
"23040",2015,"population","fertility","30-34","births per 1000",123.3
"23040",2020,"population","fertility","30-34","births per 1000",97.6
"23050",2010,"population","fertility","30-34","births per 1000",107.7
"23050",2015,"population","fertility","30-34","births per 1000",113.7
"23050",2020,"population","fertility","30-34","births per 1000",74.5
"23060",2010,"population","fertility","30-34","births per 1000",108
"23060",2015,"population","fertility","30-34","births per 1000",110.3
"23060",2020,"population","fertility","30-34","births per 1000",64.5
"23070",2010,"population","fertility","30-34","births per 1000",113.8
"23070",2015,"population","fertility","30-34","births per 1000",108.7
"23070",2020,"population","fertility","30-34","births per 1000",64.3
"23080",2010,"population","fertility","30-34","births per 1000",115.7
"23080",2015,"population","fertility","30-34","births per 1000",125.1
"23080",2020,"population","fertility","30-34","births per 1000",85.8
"23310",2010,"population","fertility","30-34","births per 1000",88.7
"23310",2015,"population","fertility","30-34","births per 1000",83.6
"23310",2020,"population","fertility","30-34","births per 1000",134.1
"23320",2010,"population","fertility","30-34","births per 1000",124.6
"23320",2015,"population","fertility","30-34","births per 1000",95.1
"23320",2020,"population","fertility","30-34","births per 1000",102
"24010",2010,"population","fertility","30-34","births per 1000",81.4
"24010",2015,"population","fertility","30-34","births per 1000",100.6
"24010",2020,"population","fertility","30-34","births per 1000",80.7
"24020",2010,"population","fertility","30-34","births per 1000",105.8
"24020",2015,"population","fertility","30-34","births per 1000",98
"24020",2020,"population","fertility","30-34","births per 1000",65.7
"24030",2010,"population","fertility","30-34","births per 1000",104.3
"24030",2015,"population","fertility","30-34","births per 1000",108
"24030",2020,"population","fertility","30-34","births per 1000",71.8
"24040",2010,"population","fertility","30-34","births per 1000",108.4
"24040",2015,"population","fertility","30-34","births per 1000",115.3
"24040",2020,"population","fertility","30-34","births per 1000",75.7
"24050",2010,"population","fertility","30-34","births per 1000",123.9
"24050",2015,"population","fertility","30-34","births per 1000",126.9
"24050",2020,"population","fertility","30-34","births per 1000",84.3
"25010",2010,"population","fertility","30-34","births per 1000",109.9
"25010",2015,"population","fertility","30-34","births per 1000",112.6
"25010",2020,"population","fertility","30-34","births per 1000",71.5
"25020",2010,"population","fertility","30-34","births per 1000",99.9
"25020",2015,"population","fertility","30-34","births per 1000",106.4
"25020",2020,"population","fertility","30-34","births per 1000",62.4
"25030",2010,"population","fertility","30-34","births per 1000",110.1
"25030",2015,"population","fertility","30-34","births per 1000",116.8
"25030",2020,"population","fertility","30-34","births per 1000",72.8
"25040",2010,"population","fertility","30-34","births per 1000",125.6
"25040",2015,"population","fertility","30-34","births per 1000",148.4
"25040",2020,"population","fertility","30-34","births per 1000",91.9
"25050",2010,"population","fertility","30-34","births per 1000",107.6
"25050",2015,"population","fertility","30-34","births per 1000",100.8
"25050",2020,"population","fertility","30-34","births per 1000",65.9
"26010",2010,"population","fertility","30-34","births per 1000",108.9
"26010",2015,"population","fertility","30-34","births per 1000",131
"26010",2020,"population","fertility","30-34","births per 1000",79.8
"26020",2010,"population","fertility","30-34","births per 1000",121.4
"26020",2015,"population","fertility","30-34","births per 1000",131.4
"26020",2020,"population","fertility","30-34","births per 1000",91.9
"26030",2010,"population","fertility","30-34","births per 1000",126.5
"26030",2015,"population","fertility","30-34","births per 1000",150.5
"26030",2020,"population","fertility","30-34","births per 1000",84.1
"26040",2010,"population","fertility","30-34","births per 1000",137.3
"26040",2015,"population","fertility","30-34","births per 1000",158.3
"26040",2020,"population","fertility","30-34","births per 1000",125.3
"26310",2010,"population","fertility","30-34","births per 1000",134.7
"26310",2015,"population","fertility","30-34","births per 1000",147.6
"26310",2020,"population","fertility","30-34","births per 1000",111.1
"29010",2010,"population","fertility","30-34","births per 1000",NA
"29010",2015,"population","fertility","30-34","births per 1000",169.7
"29010",2020,"population","fertility","30-34","births per 1000",128
"31010",2010,"population","fertility","30-34","births per 1000",119.7
"31010",2015,"population","fertility","30-34","births per 1000",126
"31010",2020,"population","fertility","30-34","births per 1000",78.9
"31011",2010,"population","fertility","30-34","births per 1000",119
"31011",2015,"population","fertility","30-34","births per 1000",123.2
"31011",2020,"population","fertility","30-34","births per 1000",70.5
"31012",2010,"population","fertility","30-34","births per 1000",111.1
"31012",2015,"population","fertility","30-34","births per 1000",117.2
"31012",2020,"population","fertility","30-34","births per 1000",79.4
"31013",2010,"population","fertility","30-34","births per 1000",104.1
"31013",2015,"population","fertility","30-34","births per 1000",101.6
"31013",2020,"population","fertility","30-34","births per 1000",57.2
"31014",2010,"population","fertility","30-34","births per 1000",140.8
"31014",2015,"population","fertility","30-34","births per 1000",149.3
"31014",2020,"population","fertility","30-34","births per 1000",90.8
"31020",2010,"population","fertility","30-34","births per 1000",116.1
"31020",2015,"population","fertility","30-34","births per 1000",117.1
"31020",2020,"population","fertility","30-34","births per 1000",75.7
"31021",2010,"population","fertility","30-34","births per 1000",100.2
"31021",2015,"population","fertility","30-34","births per 1000",101.8
"31021",2020,"population","fertility","30-34","births per 1000",73.1
"31022",2010,"population","fertility","30-34","births per 1000",105.1
"31022",2015,"population","fertility","30-34","births per 1000",104.8
"31022",2020,"population","fertility","30-34","births per 1000",71
"31023",2010,"population","fertility","30-34","births per 1000",130.6
"31023",2015,"population","fertility","30-34","births per 1000",129.7
"31023",2020,"population","fertility","30-34","births per 1000",78.8
"31030",2010,"population","fertility","30-34","births per 1000",106.2
"31030",2015,"population","fertility","30-34","births per 1000",102.2
"31030",2020,"population","fertility","30-34","births per 1000",72.3
"31040",2010,"population","fertility","30-34","births per 1000",121.8
"31040",2015,"population","fertility","30-34","births per 1000",118
"31040",2020,"population","fertility","30-34","births per 1000",86.5
"31041",2010,"population","fertility","30-34","births per 1000",110.7
"31041",2015,"population","fertility","30-34","births per 1000",104.2
"31041",2020,"population","fertility","30-34","births per 1000",84.3
"31042",2010,"population","fertility","30-34","births per 1000",130.1
"31042",2015,"population","fertility","30-34","births per 1000",127.4
"31042",2020,"population","fertility","30-34","births per 1000",88.1
"31050",2010,"population","fertility","30-34","births per 1000",116.8
"31050",2015,"population","fertility","30-34","births per 1000",106.7
"31050",2020,"population","fertility","30-34","births per 1000",67.6
"31051",2010,"population","fertility","30-34","births per 1000",122.7
"31051",2015,"population","fertility","30-34","births per 1000",114.1
"31051",2020,"population","fertility","30-34","births per 1000",NA
"31052",2010,"population","fertility","30-34","births per 1000",117.8
"31052",2015,"population","fertility","30-34","births per 1000",101.6
"31052",2020,"population","fertility","30-34","births per 1000",NA
"31053",2010,"population","fertility","30-34","births per 1000",100.3
"31053",2015,"population","fertility","30-34","births per 1000",91.6
"31053",2020,"population","fertility","30-34","births per 1000",NA
"31060",2010,"population","fertility","30-34","births per 1000",133.1
"31060",2015,"population","fertility","30-34","births per 1000",125.2
"31060",2020,"population","fertility","30-34","births per 1000",81.8
"31070",2010,"population","fertility","30-34","births per 1000",113.7
"31070",2015,"population","fertility","30-34","births per 1000",121.8
"31070",2020,"population","fertility","30-34","births per 1000",92.7
"31080",2010,"population","fertility","30-34","births per 1000",100.2
"31080",2015,"population","fertility","30-34","births per 1000",101.6
"31080",2020,"population","fertility","30-34","births per 1000",58.9
"31090",2010,"population","fertility","30-34","births per 1000",107.7
"31090",2015,"population","fertility","30-34","births per 1000",113.6
"31090",2020,"population","fertility","30-34","births per 1000",80.5
"31091",2010,"population","fertility","30-34","births per 1000",106.7
"31091",2015,"population","fertility","30-34","births per 1000",116.2
"31091",2020,"population","fertility","30-34","births per 1000",71.3
"31092",2010,"population","fertility","30-34","births per 1000",108.8
"31092",2015,"population","fertility","30-34","births per 1000",110.5
"31092",2020,"population","fertility","30-34","births per 1000",90.2
"31100",2010,"population","fertility","30-34","births per 1000",112.4
"31100",2015,"population","fertility","30-34","births per 1000",115.1
"31100",2020,"population","fertility","30-34","births per 1000",76.7
"31101",2010,"population","fertility","30-34","births per 1000",118.9
"31101",2015,"population","fertility","30-34","births per 1000",117.3
"31101",2020,"population","fertility","30-34","births per 1000",87.7
"31102",2010,"population","fertility","30-34","births per 1000",NA
"31102",2015,"population","fertility","30-34","births per 1000",NA
"31102",2020,"population","fertility","30-34","births per 1000",NA
"31103",2010,"population","fertility","30-34","births per 1000",99.9
"31103",2015,"population","fertility","30-34","births per 1000",102.8
"31103",2020,"population","fertility","30-34","births per 1000",62.1
"31104",2010,"population","fertility","30-34","births per 1000",114.5
"31104",2015,"population","fertility","30-34","births per 1000",124.7
"31104",2020,"population","fertility","30-34","births per 1000",73.1
"31110",2010,"population","fertility","30-34","births per 1000",120.2
"31110",2015,"population","fertility","30-34","births per 1000",109.7
"31110",2020,"population","fertility","30-34","births per 1000",107.5
"31120",2010,"population","fertility","30-34","births per 1000",116.3
"31120",2015,"population","fertility","30-34","births per 1000",114.1
"31120",2020,"population","fertility","30-34","births per 1000",76.8
"31130",2010,"population","fertility","30-34","births per 1000",118.3
"31130",2015,"population","fertility","30-34","births per 1000",115.4
"31130",2020,"population","fertility","30-34","births per 1000",81.6
"31140",2010,"population","fertility","30-34","births per 1000",123.5
"31140",2015,"population","fertility","30-34","births per 1000",126.1
"31140",2020,"population","fertility","30-34","births per 1000",79.1
"31150",2010,"population","fertility","30-34","births per 1000",116.4
"31150",2015,"population","fertility","30-34","births per 1000",114.1
"31150",2020,"population","fertility","30-34","births per 1000",89.7
"31160",2010,"population","fertility","30-34","births per 1000",142.5
"31160",2015,"population","fertility","30-34","births per 1000",141.6
"31160",2020,"population","fertility","30-34","births per 1000",89
"31170",2010,"population","fertility","30-34","births per 1000",128
"31170",2015,"population","fertility","30-34","births per 1000",121
"31170",2020,"population","fertility","30-34","births per 1000",88.6
"31180",2010,"population","fertility","30-34","births per 1000",113.5
"31180",2015,"population","fertility","30-34","births per 1000",102.3
"31180",2020,"population","fertility","30-34","births per 1000",86.3
"31190",2010,"population","fertility","30-34","births per 1000",122.3
"31190",2015,"population","fertility","30-34","births per 1000",130.5
"31190",2020,"population","fertility","30-34","births per 1000",93.2
"31191",2010,"population","fertility","30-34","births per 1000",107.8
"31191",2015,"population","fertility","30-34","births per 1000",118.4
"31191",2020,"population","fertility","30-34","births per 1000",82.4
"31192",2010,"population","fertility","30-34","births per 1000",130.2
"31192",2015,"population","fertility","30-34","births per 1000",132.9
"31192",2020,"population","fertility","30-34","births per 1000",93
"31193",2010,"population","fertility","30-34","births per 1000",120.4
"31193",2015,"population","fertility","30-34","births per 1000",134.6
"31193",2020,"population","fertility","30-34","births per 1000",99.9
"31200",2010,"population","fertility","30-34","births per 1000",124.6
"31200",2015,"population","fertility","30-34","births per 1000",125.5
"31200",2020,"population","fertility","30-34","births per 1000",78
"31210",2010,"population","fertility","30-34","births per 1000",114.1
"31210",2015,"population","fertility","30-34","births per 1000",119.3
"31210",2020,"population","fertility","30-34","births per 1000",79
"31220",2010,"population","fertility","30-34","births per 1000",107.1
"31220",2015,"population","fertility","30-34","births per 1000",108
"31220",2020,"population","fertility","30-34","births per 1000",73.5
"31230",2010,"population","fertility","30-34","births per 1000",118
"31230",2015,"population","fertility","30-34","births per 1000",135.2
"31230",2020,"population","fertility","30-34","births per 1000",93.2
"31240",2010,"population","fertility","30-34","births per 1000",147.5
"31240",2015,"population","fertility","30-34","births per 1000",137.2
"31240",2020,"population","fertility","30-34","births per 1000",104.6
"31250",2010,"population","fertility","30-34","births per 1000",113.3
"31250",2015,"population","fertility","30-34","births per 1000",126.2
"31250",2020,"population","fertility","30-34","births per 1000",84.3
"31260",2010,"population","fertility","30-34","births per 1000",106
"31260",2015,"population","fertility","30-34","births per 1000",106.7
"31260",2020,"population","fertility","30-34","births per 1000",84.8
"31270",2010,"population","fertility","30-34","births per 1000",96.7
"31270",2015,"population","fertility","30-34","births per 1000",103.8
"31270",2020,"population","fertility","30-34","births per 1000",78.2
"31280",2010,"population","fertility","30-34","births per 1000",NA
"31280",2015,"population","fertility","30-34","births per 1000",101.6
"31280",2020,"population","fertility","30-34","births per 1000",83.6
"31310",2010,"population","fertility","30-34","births per 1000",NA
"31310",2015,"population","fertility","30-34","births per 1000",NA
"31310",2020,"population","fertility","30-34","births per 1000",NA
"31320",2010,"population","fertility","30-34","births per 1000",96.4
"31320",2015,"population","fertility","30-34","births per 1000",NA
"31320",2020,"population","fertility","30-34","births per 1000",NA
"31330",2010,"population","fertility","30-34","births per 1000",NA
"31330",2015,"population","fertility","30-34","births per 1000",NA
"31330",2020,"population","fertility","30-34","births per 1000",NA
"31340",2010,"population","fertility","30-34","births per 1000",NA
"31340",2015,"population","fertility","30-34","births per 1000",NA
"31340",2020,"population","fertility","30-34","births per 1000",NA
"31350",2010,"population","fertility","30-34","births per 1000",117.9
"31350",2015,"population","fertility","30-34","births per 1000",126
"31350",2020,"population","fertility","30-34","births per 1000",85.6
"31360",2010,"population","fertility","30-34","births per 1000",NA
"31360",2015,"population","fertility","30-34","births per 1000",NA
"31360",2020,"population","fertility","30-34","births per 1000",NA
"31370",2010,"population","fertility","30-34","births per 1000",100.2
"31370",2015,"population","fertility","30-34","births per 1000",93.9
"31370",2020,"population","fertility","30-34","births per 1000",79.4
"31380",2010,"population","fertility","30-34","births per 1000",99.3
"31380",2015,"population","fertility","30-34","births per 1000",91.8
"31380",2020,"population","fertility","30-34","births per 1000",76.1
"32010",2010,"population","fertility","30-34","births per 1000",107.5
"32010",2015,"population","fertility","30-34","births per 1000",109.8
"32010",2020,"population","fertility","30-34","births per 1000",93.1
"32020",2010,"population","fertility","30-34","births per 1000",110.8
"32020",2015,"population","fertility","30-34","births per 1000",116.2
"32020",2020,"population","fertility","30-34","births per 1000",89.8
"32030",2010,"population","fertility","30-34","births per 1000",98.5
"32030",2015,"population","fertility","30-34","births per 1000",108.9
"32030",2020,"population","fertility","30-34","births per 1000",80.7
"32040",2010,"population","fertility","30-34","births per 1000",104.8
"32040",2015,"population","fertility","30-34","births per 1000",117.2
"32040",2020,"population","fertility","30-34","births per 1000",98.4
"32050",2010,"population","fertility","30-34","births per 1000",133.7
"32050",2015,"population","fertility","30-34","births per 1000",118.2
"32050",2020,"population","fertility","30-34","births per 1000",97.1
"32060",2010,"population","fertility","30-34","births per 1000",118.7
"32060",2015,"population","fertility","30-34","births per 1000",119.5
"32060",2020,"population","fertility","30-34","births per 1000",92.8
"32070",2010,"population","fertility","30-34","births per 1000",99.6
"32070",2015,"population","fertility","30-34","births per 1000",126.5
"32070",2020,"population","fertility","30-34","births per 1000",129.1
"32310",2010,"population","fertility","30-34","births per 1000",101.6
"32310",2015,"population","fertility","30-34","births per 1000",124.8
"32310",2020,"population","fertility","30-34","births per 1000",82.5
"32320",2010,"population","fertility","30-34","births per 1000",98.6
"32320",2015,"population","fertility","30-34","births per 1000",109.7
"32320",2020,"population","fertility","30-34","births per 1000",81.7
"32330",2010,"population","fertility","30-34","births per 1000",112.1
"32330",2015,"population","fertility","30-34","births per 1000",88.9
"32330",2020,"population","fertility","30-34","births per 1000",98.6
"32340",2010,"population","fertility","30-34","births per 1000",94.3
"32340",2015,"population","fertility","30-34","births per 1000",83.4
"32340",2020,"population","fertility","30-34","births per 1000",54.6
"32350",2010,"population","fertility","30-34","births per 1000",102.5
"32350",2015,"population","fertility","30-34","births per 1000",81.7
"32350",2020,"population","fertility","30-34","births per 1000",97.4
"32360",2010,"population","fertility","30-34","births per 1000",119
"32360",2015,"population","fertility","30-34","births per 1000",120.3
"32360",2020,"population","fertility","30-34","births per 1000",121.7
"32370",2010,"population","fertility","30-34","births per 1000",113.8
"32370",2015,"population","fertility","30-34","births per 1000",136.6
"32370",2020,"population","fertility","30-34","births per 1000",100.9
"32380",2010,"population","fertility","30-34","births per 1000",119.8
"32380",2015,"population","fertility","30-34","births per 1000",139.3
"32380",2020,"population","fertility","30-34","births per 1000",112.2
"32390",2010,"population","fertility","30-34","births per 1000",141.5
"32390",2015,"population","fertility","30-34","births per 1000",162.8
"32390",2020,"population","fertility","30-34","births per 1000",124.7
"32400",2010,"population","fertility","30-34","births per 1000",108.1
"32400",2015,"population","fertility","30-34","births per 1000",104.7
"32400",2020,"population","fertility","30-34","births per 1000",84.5
"32410",2010,"population","fertility","30-34","births per 1000",108.7
"32410",2015,"population","fertility","30-34","births per 1000",111.3
"32410",2020,"population","fertility","30-34","births per 1000",84.2
"33010",2010,"population","fertility","30-34","births per 1000",116.3
"33010",2015,"population","fertility","30-34","births per 1000",NA
"33010",2020,"population","fertility","30-34","births per 1000",NA
"33011",2010,"population","fertility","30-34","births per 1000",109.5
"33011",2015,"population","fertility","30-34","births per 1000",NA
"33011",2020,"population","fertility","30-34","births per 1000",NA
"33012",2010,"population","fertility","30-34","births per 1000",119.7
"33012",2015,"population","fertility","30-34","births per 1000",NA
"33012",2020,"population","fertility","30-34","births per 1000",NA
"33020",2010,"population","fertility","30-34","births per 1000",116.3
"33020",2015,"population","fertility","30-34","births per 1000",109.5
"33020",2020,"population","fertility","30-34","births per 1000",92.1
"33030",2010,"population","fertility","30-34","births per 1000",115.7
"33030",2015,"population","fertility","30-34","births per 1000",107.5
"33030",2020,"population","fertility","30-34","births per 1000",90.2
"33040",2010,"population","fertility","30-34","births per 1000",NA
"33040",2015,"population","fertility","30-34","births per 1000",128.4
"33040",2020,"population","fertility","30-34","births per 1000",92.2
"33041",2010,"population","fertility","30-34","births per 1000",NA
"33041",2015,"population","fertility","30-34","births per 1000",118.5
"33041",2020,"population","fertility","30-34","births per 1000",92.9
"33042",2010,"population","fertility","30-34","births per 1000",NA
"33042",2015,"population","fertility","30-34","births per 1000",125.2
"33042",2020,"population","fertility","30-34","births per 1000",75
"33043",2010,"population","fertility","30-34","births per 1000",NA
"33043",2015,"population","fertility","30-34","births per 1000",125
"33043",2020,"population","fertility","30-34","births per 1000",94.3
"33044",2010,"population","fertility","30-34","births per 1000",NA
"33044",2015,"population","fertility","30-34","births per 1000",143.4
"33044",2020,"population","fertility","30-34","births per 1000",102.1
"33310",2010,"population","fertility","30-34","births per 1000",131.8
"33310",2015,"population","fertility","30-34","births per 1000",NA
"33310",2020,"population","fertility","30-34","births per 1000",NA
"33320",2010,"population","fertility","30-34","births per 1000",77.9
"33320",2015,"population","fertility","30-34","births per 1000",125
"33320",2020,"population","fertility","30-34","births per 1000",110.7
"33330",2010,"population","fertility","30-34","births per 1000",103.5
"33330",2015,"population","fertility","30-34","births per 1000",102.5
"33330",2020,"population","fertility","30-34","births per 1000",74.5
"33340",2010,"population","fertility","30-34","births per 1000",109.7
"33340",2015,"population","fertility","30-34","births per 1000",104.5
"33340",2020,"population","fertility","30-34","births per 1000",118
"33350",2010,"population","fertility","30-34","births per 1000",112.4
"33350",2015,"population","fertility","30-34","births per 1000",130.3
"33350",2020,"population","fertility","30-34","births per 1000",89.6
"33360",2010,"population","fertility","30-34","births per 1000",110.6
"33360",2015,"population","fertility","30-34","births per 1000",77.3
"33360",2020,"population","fertility","30-34","births per 1000",54.9
"33370",2010,"population","fertility","30-34","births per 1000",114.9
"33370",2015,"population","fertility","30-34","births per 1000",122.5
"33370",2020,"population","fertility","30-34","births per 1000",67.3
"33380",2010,"population","fertility","30-34","births per 1000",94.1
"33380",2015,"population","fertility","30-34","births per 1000",99.5
"33380",2020,"population","fertility","30-34","births per 1000",61.7
"33390",2010,"population","fertility","30-34","births per 1000",138.8
"33390",2015,"population","fertility","30-34","births per 1000",136.9
"33390",2020,"population","fertility","30-34","births per 1000",78.6
"34010",2010,"population","fertility","30-34","births per 1000",112.3
"34010",2015,"population","fertility","30-34","births per 1000",118.3
"34010",2020,"population","fertility","30-34","births per 1000",92.5
"34011",2010,"population","fertility","30-34","births per 1000",110.6
"34011",2015,"population","fertility","30-34","births per 1000",112.1
"34011",2020,"population","fertility","30-34","births per 1000",78
"34012",2010,"population","fertility","30-34","births per 1000",113.5
"34012",2015,"population","fertility","30-34","births per 1000",122.4
"34012",2020,"population","fertility","30-34","births per 1000",98.9
"34020",2010,"population","fertility","30-34","births per 1000",103.5
"34020",2015,"population","fertility","30-34","births per 1000",99.6
"34020",2020,"population","fertility","30-34","births per 1000",91.3
"34030",2010,"population","fertility","30-34","births per 1000",108.1
"34030",2015,"population","fertility","30-34","births per 1000",99.9
"34030",2020,"population","fertility","30-34","births per 1000",76.2
"34040",2010,"population","fertility","30-34","births per 1000",125.7
"34040",2015,"population","fertility","30-34","births per 1000",136.1
"34040",2020,"population","fertility","30-34","births per 1000",87.8
"34050",2010,"population","fertility","30-34","births per 1000",122.6
"34050",2015,"population","fertility","30-34","births per 1000",133
"34050",2020,"population","fertility","30-34","births per 1000",111.5
"34060",2010,"population","fertility","30-34","births per 1000",102.2
"34060",2015,"population","fertility","30-34","births per 1000",111.1
"34060",2020,"population","fertility","30-34","births per 1000",83.6
"34070",2010,"population","fertility","30-34","births per 1000",121
"34070",2015,"population","fertility","30-34","births per 1000",125.9
"34070",2020,"population","fertility","30-34","births per 1000",91.3
"34080",2010,"population","fertility","30-34","births per 1000",NA
"34080",2015,"population","fertility","30-34","births per 1000",153.8
"34080",2020,"population","fertility","30-34","births per 1000",103.8
"34310",2010,"population","fertility","30-34","births per 1000",144.4
"34310",2015,"population","fertility","30-34","births per 1000",110
"34310",2020,"population","fertility","30-34","births per 1000",93.1
"34320",2010,"population","fertility","30-34","births per 1000",117
"34320",2015,"population","fertility","30-34","births per 1000",NA
"34320",2020,"population","fertility","30-34","births per 1000",NA
"34330",2010,"population","fertility","30-34","births per 1000",106.1
"34330",2015,"population","fertility","30-34","births per 1000",108.6
"34330",2020,"population","fertility","30-34","births per 1000",62.9
"34340",2010,"population","fertility","30-34","births per 1000",104.7
"34340",2015,"population","fertility","30-34","births per 1000",107.7
"34340",2020,"population","fertility","30-34","births per 1000",94.9
"34350",2010,"population","fertility","30-34","births per 1000",84.2
"34350",2015,"population","fertility","30-34","births per 1000",125.5
"34350",2020,"population","fertility","30-34","births per 1000",89.9
"34360",2010,"population","fertility","30-34","births per 1000",102
"34360",2015,"population","fertility","30-34","births per 1000",116.6
"34360",2020,"population","fertility","30-34","births per 1000",103
"34370",2010,"population","fertility","30-34","births per 1000",99.8
"34370",2015,"population","fertility","30-34","births per 1000",95.9
"34370",2020,"population","fertility","30-34","births per 1000",87.2
"34380",2010,"population","fertility","30-34","births per 1000",89
"34380",2015,"population","fertility","30-34","births per 1000",112
"34380",2020,"population","fertility","30-34","births per 1000",81.5
"34390",2010,"population","fertility","30-34","births per 1000",101.3
"34390",2015,"population","fertility","30-34","births per 1000",NA
"34390",2020,"population","fertility","30-34","births per 1000",NA
"35010",2010,"population","fertility","30-34","births per 1000",106.5
"35010",2015,"population","fertility","30-34","births per 1000",114.2
"35010",2020,"population","fertility","30-34","births per 1000",78
"35011",2010,"population","fertility","30-34","births per 1000",102.1
"35011",2015,"population","fertility","30-34","births per 1000",106.9
"35011",2020,"population","fertility","30-34","births per 1000",66.7
"35012",2010,"population","fertility","30-34","births per 1000",111.5
"35012",2015,"population","fertility","30-34","births per 1000",123.1
"35012",2020,"population","fertility","30-34","births per 1000",89.2
"35020",2010,"population","fertility","30-34","births per 1000",111.9
"35020",2015,"population","fertility","30-34","births per 1000",126.2
"35020",2020,"population","fertility","30-34","births per 1000",83.7
"35030",2010,"population","fertility","30-34","births per 1000",106.8
"35030",2015,"population","fertility","30-34","births per 1000",112.6
"35030",2020,"population","fertility","30-34","births per 1000",72.1
"35040",2010,"population","fertility","30-34","births per 1000",108.8
"35040",2015,"population","fertility","30-34","births per 1000",109.6
"35040",2020,"population","fertility","30-34","births per 1000",73.2
"35050",2010,"population","fertility","30-34","births per 1000",133.4
"35050",2015,"population","fertility","30-34","births per 1000",112.4
"35050",2020,"population","fertility","30-34","births per 1000",103
"35060",2010,"population","fertility","30-34","births per 1000",110.6
"35060",2015,"population","fertility","30-34","births per 1000",115.6
"35060",2020,"population","fertility","30-34","births per 1000",90.9
"35310",2010,"population","fertility","30-34","births per 1000",142.9
"35310",2015,"population","fertility","30-34","births per 1000",148.1
"35310",2020,"population","fertility","30-34","births per 1000",84.3
"35320",2010,"population","fertility","30-34","births per 1000",185.6
"35320",2015,"population","fertility","30-34","births per 1000",172.4
"35320",2020,"population","fertility","30-34","births per 1000",145.8
"35330",2010,"population","fertility","30-34","births per 1000",134.3
"35330",2015,"population","fertility","30-34","births per 1000",124.5
"35330",2020,"population","fertility","30-34","births per 1000",81.2
"35340",2010,"population","fertility","30-34","births per 1000",120.1
"35340",2015,"population","fertility","30-34","births per 1000",140.7
"35340",2020,"population","fertility","30-34","births per 1000",101.4
"35350",2010,"population","fertility","30-34","births per 1000",128.4
"35350",2015,"population","fertility","30-34","births per 1000",165.4
"35350",2020,"population","fertility","30-34","births per 1000",163.9
"35360",2010,"population","fertility","30-34","births per 1000",106.5
"35360",2015,"population","fertility","30-34","births per 1000",136.4
"35360",2020,"population","fertility","30-34","births per 1000",151.3
"35370",2010,"population","fertility","30-34","births per 1000",104.8
"35370",2015,"population","fertility","30-34","births per 1000",107.2
"35370",2020,"population","fertility","30-34","births per 1000",94.4
"35380",2010,"population","fertility","30-34","births per 1000",110.8
"35380",2015,"population","fertility","30-34","births per 1000",101
"35380",2020,"population","fertility","30-34","births per 1000",75.2
"36010",2010,"population","fertility","30-34","births per 1000",119.8
"36010",2015,"population","fertility","30-34","births per 1000",107.7
"36010",2020,"population","fertility","30-34","births per 1000",71.8
"36020",2010,"population","fertility","30-34","births per 1000",114
"36020",2015,"population","fertility","30-34","births per 1000",139.2
"36020",2020,"population","fertility","30-34","births per 1000",98.1
"36030",2010,"population","fertility","30-34","births per 1000",105.5
"36030",2015,"population","fertility","30-34","births per 1000",121.3
"36030",2020,"population","fertility","30-34","births per 1000",100.7
"36040",2010,"population","fertility","30-34","births per 1000",96.5
"36040",2015,"population","fertility","30-34","births per 1000",143.4
"36040",2020,"population","fertility","30-34","births per 1000",94.2
"36060",2010,"population","fertility","30-34","births per 1000",144.3
"36060",2015,"population","fertility","30-34","births per 1000",153.4
"36060",2020,"population","fertility","30-34","births per 1000",113
"36310",2010,"population","fertility","30-34","births per 1000",128.9
"36310",2015,"population","fertility","30-34","births per 1000",149.2
"36310",2020,"population","fertility","30-34","births per 1000",101
"36320",2010,"population","fertility","30-34","births per 1000",117.8
"36320",2015,"population","fertility","30-34","births per 1000",138.5
"36320",2020,"population","fertility","30-34","births per 1000",64.9
"36330",2010,"population","fertility","30-34","births per 1000",94.4
"36330",2015,"population","fertility","30-34","births per 1000",150.4
"36330",2020,"population","fertility","30-34","births per 1000",101.5
"36350",2010,"population","fertility","30-34","births per 1000",118.9
"36350",2015,"population","fertility","30-34","births per 1000",85.6
"36350",2020,"population","fertility","30-34","births per 1000",124.9
"36360",2010,"population","fertility","30-34","births per 1000",166.9
"36360",2015,"population","fertility","30-34","births per 1000",149.3
"36360",2020,"population","fertility","30-34","births per 1000",84.7
"36370",2010,"population","fertility","30-34","births per 1000",110
"36370",2015,"population","fertility","30-34","births per 1000",99.6
"36370",2020,"population","fertility","30-34","births per 1000",104.6
"36380",2010,"population","fertility","30-34","births per 1000",102.6
"36380",2015,"population","fertility","30-34","births per 1000",94.1
"36380",2020,"population","fertility","30-34","births per 1000",154.7
"36390",2010,"population","fertility","30-34","births per 1000",194.3
"36390",2015,"population","fertility","30-34","births per 1000",146
"36390",2020,"population","fertility","30-34","births per 1000",89.6
"36400",2010,"population","fertility","30-34","births per 1000",120.2
"36400",2015,"population","fertility","30-34","births per 1000",224.5
"36400",2020,"population","fertility","30-34","births per 1000",155.5
"36410",2010,"population","fertility","30-34","births per 1000",156.6
"36410",2015,"population","fertility","30-34","births per 1000",189.5
"36410",2020,"population","fertility","30-34","births per 1000",111.9
"36420",2010,"population","fertility","30-34","births per 1000",132.7
"36420",2015,"population","fertility","30-34","births per 1000",116.5
"36420",2020,"population","fertility","30-34","births per 1000",89.4
"36430",2010,"population","fertility","30-34","births per 1000",125.7
"36430",2015,"population","fertility","30-34","births per 1000",155.1
"36430",2020,"population","fertility","30-34","births per 1000",97
"36440",2010,"population","fertility","30-34","births per 1000",132.1
"36440",2015,"population","fertility","30-34","births per 1000",153.8
"36440",2020,"population","fertility","30-34","births per 1000",232.9
"36450",2010,"population","fertility","30-34","births per 1000",139.2
"36450",2015,"population","fertility","30-34","births per 1000",182.2
"36450",2020,"population","fertility","30-34","births per 1000",118.8
"36460",2010,"population","fertility","30-34","births per 1000",134.3
"36460",2015,"population","fertility","30-34","births per 1000",144.1
"36460",2020,"population","fertility","30-34","births per 1000",116.8
"36470",2010,"population","fertility","30-34","births per 1000",150
"36470",2015,"population","fertility","30-34","births per 1000",142.7
"36470",2020,"population","fertility","30-34","births per 1000",72
"36480",2010,"population","fertility","30-34","births per 1000",132.9
"36480",2015,"population","fertility","30-34","births per 1000",125.5
"36480",2020,"population","fertility","30-34","births per 1000",103.3
"37010",2010,"population","fertility","30-34","births per 1000",116.8
"37010",2015,"population","fertility","30-34","births per 1000",136.8
"37010",2020,"population","fertility","30-34","births per 1000",87.2
"37011",2010,"population","fertility","30-34","births per 1000",113.8
"37011",2015,"population","fertility","30-34","births per 1000",134.5
"37011",2020,"population","fertility","30-34","births per 1000",79.9
"37012",2010,"population","fertility","30-34","births per 1000",119.8
"37012",2015,"population","fertility","30-34","births per 1000",138.9
"37012",2020,"population","fertility","30-34","births per 1000",93.2
"37020",2010,"population","fertility","30-34","births per 1000",108.7
"37020",2015,"population","fertility","30-34","births per 1000",111.5
"37020",2020,"population","fertility","30-34","births per 1000",89.2
"37030",2010,"population","fertility","30-34","births per 1000",115
"37030",2015,"population","fertility","30-34","births per 1000",130.4
"37030",2020,"population","fertility","30-34","births per 1000",112.7
"37040",2010,"population","fertility","30-34","births per 1000",130.7
"37040",2015,"population","fertility","30-34","births per 1000",152.2
"37040",2020,"population","fertility","30-34","births per 1000",95.7
"37050",2010,"population","fertility","30-34","births per 1000",112.1
"37050",2015,"population","fertility","30-34","births per 1000",124.7
"37050",2020,"population","fertility","30-34","births per 1000",83.7
"37060",2010,"population","fertility","30-34","births per 1000",112.2
"37060",2015,"population","fertility","30-34","births per 1000",122.4
"37060",2020,"population","fertility","30-34","births per 1000",75.7
"37070",2010,"population","fertility","30-34","births per 1000",131.6
"37070",2015,"population","fertility","30-34","births per 1000",143.9
"37070",2020,"population","fertility","30-34","births per 1000",129.9
"37080",2010,"population","fertility","30-34","births per 1000",112.4
"37080",2015,"population","fertility","30-34","births per 1000",119.4
"37080",2020,"population","fertility","30-34","births per 1000",98.3
"37090",2010,"population","fertility","30-34","births per 1000",137
"37090",2015,"population","fertility","30-34","births per 1000",134.2
"37090",2020,"population","fertility","30-34","births per 1000",126.2
"37100",2010,"population","fertility","30-34","births per 1000",115.2
"37100",2015,"population","fertility","30-34","births per 1000",132.8
"37100",2020,"population","fertility","30-34","births per 1000",84.1
"37310",2010,"population","fertility","30-34","births per 1000",117
"37310",2015,"population","fertility","30-34","births per 1000",103
"37310",2020,"population","fertility","30-34","births per 1000",78.4
"37320",2010,"population","fertility","30-34","births per 1000",131.3
"37320",2015,"population","fertility","30-34","births per 1000",167.8
"37320",2020,"population","fertility","30-34","births per 1000",153.3
"37330",2010,"population","fertility","30-34","births per 1000",103.2
"37330",2015,"population","fertility","30-34","births per 1000",162.3
"37330",2020,"population","fertility","30-34","births per 1000",140.5
"37340",2010,"population","fertility","30-34","births per 1000",90
"37340",2015,"population","fertility","30-34","births per 1000",110.4
"37340",2020,"population","fertility","30-34","births per 1000",84.8
"37350",2010,"population","fertility","30-34","births per 1000",126.9
"37350",2015,"population","fertility","30-34","births per 1000",141.8
"37350",2020,"population","fertility","30-34","births per 1000",103.2
"37360",2010,"population","fertility","30-34","births per 1000",83.2
"37360",2015,"population","fertility","30-34","births per 1000",101.6
"37360",2020,"population","fertility","30-34","births per 1000",72.6
"37370",2010,"population","fertility","30-34","births per 1000",109
"37370",2015,"population","fertility","30-34","births per 1000",162.3
"37370",2020,"population","fertility","30-34","births per 1000",95.3
"37380",2010,"population","fertility","30-34","births per 1000",106.7
"37380",2015,"population","fertility","30-34","births per 1000",158.8
"37380",2020,"population","fertility","30-34","births per 1000",111.1
"37390",2010,"population","fertility","30-34","births per 1000",142
"37390",2015,"population","fertility","30-34","births per 1000",128.8
"37390",2020,"population","fertility","30-34","births per 1000",65.8
"37400",2010,"population","fertility","30-34","births per 1000",108.1
"37400",2015,"population","fertility","30-34","births per 1000",126.7
"37400",2020,"population","fertility","30-34","births per 1000",115.4
"37410",2010,"population","fertility","30-34","births per 1000",172.7
"37410",2015,"population","fertility","30-34","births per 1000",133.6
"37410",2020,"population","fertility","30-34","births per 1000",141.4
"37420",2010,"population","fertility","30-34","births per 1000",107.2
"37420",2015,"population","fertility","30-34","births per 1000",149.2
"37420",2020,"population","fertility","30-34","births per 1000",96.5
"37430",2010,"population","fertility","30-34","births per 1000",65.7
"37430",2015,"population","fertility","30-34","births per 1000",90.2
"37430",2020,"population","fertility","30-34","births per 1000",90
"38010",2010,"population","fertility","30-34","births per 1000",NA
"38010",2015,"population","fertility","30-34","births per 1000",NA
"38010",2020,"population","fertility","30-34","births per 1000",NA
"38020",2010,"population","fertility","30-34","births per 1000",NA
"38020",2015,"population","fertility","30-34","births per 1000",NA
"38020",2020,"population","fertility","30-34","births per 1000",NA
"38021",2010,"population","fertility","30-34","births per 1000",NA
"38021",2015,"population","fertility","30-34","births per 1000",NA
"38021",2020,"population","fertility","30-34","births per 1000",NA
"38022",2010,"population","fertility","30-34","births per 1000",NA
"38022",2015,"population","fertility","30-34","births per 1000",NA
"38022",2020,"population","fertility","30-34","births per 1000",NA
"38030",2010,"population","fertility","30-34","births per 1000",117
"38030",2015,"population","fertility","30-34","births per 1000",119.3
"38030",2020,"population","fertility","30-34","births per 1000",91.8
"38040",2010,"population","fertility","30-34","births per 1000",NA
"38040",2015,"population","fertility","30-34","births per 1000",NA
"38040",2020,"population","fertility","30-34","births per 1000",NA
"38050",2010,"population","fertility","30-34","births per 1000",132.5
"38050",2015,"population","fertility","30-34","births per 1000",123.6
"38050",2020,"population","fertility","30-34","births per 1000",68.6
"38060",2010,"population","fertility","30-34","births per 1000",121.7
"38060",2015,"population","fertility","30-34","births per 1000",131.3
"38060",2020,"population","fertility","30-34","births per 1000",91.9
"38070",2010,"population","fertility","30-34","births per 1000",125.4
"38070",2015,"population","fertility","30-34","births per 1000",140
"38070",2020,"population","fertility","30-34","births per 1000",92.5
"38080",2010,"population","fertility","30-34","births per 1000",109.4
"38080",2015,"population","fertility","30-34","births per 1000",121.3
"38080",2020,"population","fertility","30-34","births per 1000",79.8
"38090",2010,"population","fertility","30-34","births per 1000",136.4
"38090",2015,"population","fertility","30-34","births per 1000",157.4
"38090",2020,"population","fertility","30-34","births per 1000",96.5
"38100",2010,"population","fertility","30-34","births per 1000",116.5
"38100",2015,"population","fertility","30-34","births per 1000",141.4
"38100",2020,"population","fertility","30-34","births per 1000",104.5
"38110",2010,"population","fertility","30-34","births per 1000",121.8
"38110",2015,"population","fertility","30-34","births per 1000",129.6
"38110",2020,"population","fertility","30-34","births per 1000",88.6
"38111",2010,"population","fertility","30-34","births per 1000",111.4
"38111",2015,"population","fertility","30-34","births per 1000",134.6
"38111",2020,"population","fertility","30-34","births per 1000",100.5
"38112",2010,"population","fertility","30-34","births per 1000",135
"38112",2015,"population","fertility","30-34","births per 1000",134
"38112",2020,"population","fertility","30-34","births per 1000",84.9
"38113",2010,"population","fertility","30-34","births per 1000",111.5
"38113",2015,"population","fertility","30-34","births per 1000",118.2
"38113",2020,"population","fertility","30-34","births per 1000",79.3
"38114",2010,"population","fertility","30-34","births per 1000",111.1
"38114",2015,"population","fertility","30-34","births per 1000",116.6
"38114",2020,"population","fertility","30-34","births per 1000",74.5
"38115",2010,"population","fertility","30-34","births per 1000",135.8
"38115",2015,"population","fertility","30-34","births per 1000",139.8
"38115",2020,"population","fertility","30-34","births per 1000",95.7
"38310",2010,"population","fertility","30-34","births per 1000",122.8
"38310",2015,"population","fertility","30-34","births per 1000",112
"38310",2020,"population","fertility","30-34","births per 1000",91.1
"38320",2010,"population","fertility","30-34","births per 1000",130.2
"38320",2015,"population","fertility","30-34","births per 1000",135
"38320",2020,"population","fertility","30-34","births per 1000",65.9
"38330",2010,"population","fertility","30-34","births per 1000",105.3
"38330",2015,"population","fertility","30-34","births per 1000",115.7
"38330",2020,"population","fertility","30-34","births per 1000",109.9
"38340",2010,"population","fertility","30-34","births per 1000",124.7
"38340",2015,"population","fertility","30-34","births per 1000",121.3
"38340",2020,"population","fertility","30-34","births per 1000",53.3
"38350",2010,"population","fertility","30-34","births per 1000",94.3
"38350",2015,"population","fertility","30-34","births per 1000",113.5
"38350",2020,"population","fertility","30-34","births per 1000",75.7
"38360",2010,"population","fertility","30-34","births per 1000",113
"38360",2015,"population","fertility","30-34","births per 1000",129.3
"38360",2020,"population","fertility","30-34","births per 1000",95.7
"38370",2010,"population","fertility","30-34","births per 1000",118.8
"38370",2015,"population","fertility","30-34","births per 1000",165.1
"38370",2020,"population","fertility","30-34","births per 1000",67.7
"38380",2010,"population","fertility","30-34","births per 1000",117.5
"38380",2015,"population","fertility","30-34","births per 1000",129.5
"38380",2020,"population","fertility","30-34","births per 1000",78.4
"38390",2010,"population","fertility","30-34","births per 1000",101
"38390",2015,"population","fertility","30-34","births per 1000",117.7
"38390",2020,"population","fertility","30-34","births per 1000",92.3
"38400",2010,"population","fertility","30-34","births per 1000",113.9
"38400",2015,"population","fertility","30-34","births per 1000",91.3
"38400",2020,"population","fertility","30-34","births per 1000",76.8
"39010",2010,"population","fertility","30-34","births per 1000",124.6
"39010",2015,"population","fertility","30-34","births per 1000",127.1
"39010",2020,"population","fertility","30-34","births per 1000",91
"39020",2010,"population","fertility","30-34","births per 1000",121.3
"39020",2015,"population","fertility","30-34","births per 1000",118.3
"39020",2020,"population","fertility","30-34","births per 1000",78.2
"39310",2010,"population","fertility","30-34","births per 1000",NA
"39310",2015,"population","fertility","30-34","births per 1000",NA
"39310",2020,"population","fertility","30-34","births per 1000",NA
"39320",2010,"population","fertility","30-34","births per 1000",NA
"39320",2015,"population","fertility","30-34","births per 1000",NA
"39320",2020,"population","fertility","30-34","births per 1000",NA
"23090",2020,"population","fertility","30-34","births per 1000",68.9
"11010",2010,"population","fertility","35-39","births per 1000",30.7
"11010",2015,"population","fertility","35-39","births per 1000",45.1
"11010",2020,"population","fertility","35-39","births per 1000",37.8
"11020",2010,"population","fertility","35-39","births per 1000",42.8
"11020",2015,"population","fertility","35-39","births per 1000",49.6
"11020",2020,"population","fertility","35-39","births per 1000",51.8
"11030",2010,"population","fertility","35-39","births per 1000",39.9
"11030",2015,"population","fertility","35-39","births per 1000",53.2
"11030",2020,"population","fertility","35-39","births per 1000",43.3
"11040",2010,"population","fertility","35-39","births per 1000",34.9
"11040",2015,"population","fertility","35-39","births per 1000",55.6
"11040",2020,"population","fertility","35-39","births per 1000",54.6
"11050",2010,"population","fertility","35-39","births per 1000",35.3
"11050",2015,"population","fertility","35-39","births per 1000",46.6
"11050",2020,"population","fertility","35-39","births per 1000",35.3
"11060",2010,"population","fertility","35-39","births per 1000",35.7
"11060",2015,"population","fertility","35-39","births per 1000",46.9
"11060",2020,"population","fertility","35-39","births per 1000",47.2
"11070",2010,"population","fertility","35-39","births per 1000",36.2
"11070",2015,"population","fertility","35-39","births per 1000",51.6
"11070",2020,"population","fertility","35-39","births per 1000",42.5
"11080",2010,"population","fertility","35-39","births per 1000",38.7
"11080",2015,"population","fertility","35-39","births per 1000",47.1
"11080",2020,"population","fertility","35-39","births per 1000",42.2
"11090",2010,"population","fertility","35-39","births per 1000",35.2
"11090",2015,"population","fertility","35-39","births per 1000",42.8
"11090",2020,"population","fertility","35-39","births per 1000",32.5
"11100",2010,"population","fertility","35-39","births per 1000",34.6
"11100",2015,"population","fertility","35-39","births per 1000",45.9
"11100",2020,"population","fertility","35-39","births per 1000",37.2
"11110",2010,"population","fertility","35-39","births per 1000",32.9
"11110",2015,"population","fertility","35-39","births per 1000",47.1
"11110",2020,"population","fertility","35-39","births per 1000",39.9
"11120",2010,"population","fertility","35-39","births per 1000",33.5
"11120",2015,"population","fertility","35-39","births per 1000",46.3
"11120",2020,"population","fertility","35-39","births per 1000",38.5
"11130",2010,"population","fertility","35-39","births per 1000",34.4
"11130",2015,"population","fertility","35-39","births per 1000",46.9
"11130",2020,"population","fertility","35-39","births per 1000",45.4
"11140",2010,"population","fertility","35-39","births per 1000",37.2
"11140",2015,"population","fertility","35-39","births per 1000",49.4
"11140",2020,"population","fertility","35-39","births per 1000",40.9
"11150",2010,"population","fertility","35-39","births per 1000",27.5
"11150",2015,"population","fertility","35-39","births per 1000",46.7
"11150",2020,"population","fertility","35-39","births per 1000",38.8
"11160",2010,"population","fertility","35-39","births per 1000",37.2
"11160",2015,"population","fertility","35-39","births per 1000",54.6
"11160",2020,"population","fertility","35-39","births per 1000",43.8
"11170",2010,"population","fertility","35-39","births per 1000",41.5
"11170",2015,"population","fertility","35-39","births per 1000",56.2
"11170",2020,"population","fertility","35-39","births per 1000",45.6
"11180",2010,"population","fertility","35-39","births per 1000",31.6
"11180",2015,"population","fertility","35-39","births per 1000",53
"11180",2020,"population","fertility","35-39","births per 1000",41.8
"11190",2010,"population","fertility","35-39","births per 1000",40.1
"11190",2015,"population","fertility","35-39","births per 1000",56
"11190",2020,"population","fertility","35-39","births per 1000",49.8
"11200",2010,"population","fertility","35-39","births per 1000",39.1
"11200",2015,"population","fertility","35-39","births per 1000",55.7
"11200",2020,"population","fertility","35-39","births per 1000",45.3
"11210",2010,"population","fertility","35-39","births per 1000",35
"11210",2015,"population","fertility","35-39","births per 1000",43.8
"11210",2020,"population","fertility","35-39","births per 1000",37.3
"11220",2010,"population","fertility","35-39","births per 1000",43.7
"11220",2015,"population","fertility","35-39","births per 1000",52
"11220",2020,"population","fertility","35-39","births per 1000",47.3
"11230",2010,"population","fertility","35-39","births per 1000",35.1
"11230",2015,"population","fertility","35-39","births per 1000",46.6
"11230",2020,"population","fertility","35-39","births per 1000",36.3
"11240",2010,"population","fertility","35-39","births per 1000",35.4
"11240",2015,"population","fertility","35-39","births per 1000",49.3
"11240",2020,"population","fertility","35-39","births per 1000",41.2
"11250",2010,"population","fertility","35-39","births per 1000",34.6
"11250",2015,"population","fertility","35-39","births per 1000",51.4
"11250",2020,"population","fertility","35-39","births per 1000",47
"21010",2010,"population","fertility","35-39","births per 1000",40.3
"21010",2015,"population","fertility","35-39","births per 1000",39.9
"21010",2020,"population","fertility","35-39","births per 1000",23.1
"21020",2010,"population","fertility","35-39","births per 1000",23
"21020",2015,"population","fertility","35-39","births per 1000",40.4
"21020",2020,"population","fertility","35-39","births per 1000",36.1
"21030",2010,"population","fertility","35-39","births per 1000",28
"21030",2015,"population","fertility","35-39","births per 1000",47.2
"21030",2020,"population","fertility","35-39","births per 1000",35.7
"21040",2010,"population","fertility","35-39","births per 1000",30.4
"21040",2015,"population","fertility","35-39","births per 1000",44.4
"21040",2020,"population","fertility","35-39","births per 1000",29.8
"21050",2010,"population","fertility","35-39","births per 1000",34
"21050",2015,"population","fertility","35-39","births per 1000",48.2
"21050",2020,"population","fertility","35-39","births per 1000",33.5
"21060",2010,"population","fertility","35-39","births per 1000",32.8
"21060",2015,"population","fertility","35-39","births per 1000",47.9
"21060",2020,"population","fertility","35-39","births per 1000",39.5
"21070",2010,"population","fertility","35-39","births per 1000",33.9
"21070",2015,"population","fertility","35-39","births per 1000",49.3
"21070",2020,"population","fertility","35-39","births per 1000",37.1
"21080",2010,"population","fertility","35-39","births per 1000",28.2
"21080",2015,"population","fertility","35-39","births per 1000",49.1
"21080",2020,"population","fertility","35-39","births per 1000",38.3
"21090",2010,"population","fertility","35-39","births per 1000",32.8
"21090",2015,"population","fertility","35-39","births per 1000",48.4
"21090",2020,"population","fertility","35-39","births per 1000",40.5
"21100",2010,"population","fertility","35-39","births per 1000",31.4
"21100",2015,"population","fertility","35-39","births per 1000",49.5
"21100",2020,"population","fertility","35-39","births per 1000",35.1
"21110",2010,"population","fertility","35-39","births per 1000",29.4
"21110",2015,"population","fertility","35-39","births per 1000",48.8
"21110",2020,"population","fertility","35-39","births per 1000",34.5
"21120",2010,"population","fertility","35-39","births per 1000",41.5
"21120",2015,"population","fertility","35-39","births per 1000",72.1
"21120",2020,"population","fertility","35-39","births per 1000",45.3
"21130",2010,"population","fertility","35-39","births per 1000",31
"21130",2015,"population","fertility","35-39","births per 1000",48.2
"21130",2020,"population","fertility","35-39","births per 1000",45.2
"21140",2010,"population","fertility","35-39","births per 1000",30.2
"21140",2015,"population","fertility","35-39","births per 1000",43.8
"21140",2020,"population","fertility","35-39","births per 1000",38.6
"21150",2010,"population","fertility","35-39","births per 1000",29.9
"21150",2015,"population","fertility","35-39","births per 1000",52.1
"21150",2020,"population","fertility","35-39","births per 1000",36.7
"21310",2010,"population","fertility","35-39","births per 1000",42.3
"21310",2015,"population","fertility","35-39","births per 1000",59
"21310",2020,"population","fertility","35-39","births per 1000",49.3
"22010",2010,"population","fertility","35-39","births per 1000",32.9
"22010",2015,"population","fertility","35-39","births per 1000",51.1
"22010",2020,"population","fertility","35-39","births per 1000",44.3
"22020",2010,"population","fertility","35-39","births per 1000",32.4
"22020",2015,"population","fertility","35-39","births per 1000",53.3
"22020",2020,"population","fertility","35-39","births per 1000",39.5
"22030",2010,"population","fertility","35-39","births per 1000",19.3
"22030",2015,"population","fertility","35-39","births per 1000",39.8
"22030",2020,"population","fertility","35-39","births per 1000",24.3
"22040",2010,"population","fertility","35-39","births per 1000",28.4
"22040",2015,"population","fertility","35-39","births per 1000",35.5
"22040",2020,"population","fertility","35-39","births per 1000",27
"22050",2010,"population","fertility","35-39","births per 1000",27.7
"22050",2015,"population","fertility","35-39","births per 1000",48.9
"22050",2020,"population","fertility","35-39","births per 1000",39.2
"22060",2010,"population","fertility","35-39","births per 1000",23.7
"22060",2015,"population","fertility","35-39","births per 1000",41.2
"22060",2020,"population","fertility","35-39","births per 1000",32.8
"22070",2010,"population","fertility","35-39","births per 1000",26.1
"22070",2015,"population","fertility","35-39","births per 1000",48.2
"22070",2020,"population","fertility","35-39","births per 1000",34.3
"22310",2010,"population","fertility","35-39","births per 1000",36.8
"22310",2015,"population","fertility","35-39","births per 1000",52.9
"22310",2020,"population","fertility","35-39","births per 1000",54.6
"23010",2010,"population","fertility","35-39","births per 1000",34.2
"23010",2015,"population","fertility","35-39","births per 1000",45.8
"23010",2020,"population","fertility","35-39","births per 1000",45.2
"23020",2010,"population","fertility","35-39","births per 1000",32.7
"23020",2015,"population","fertility","35-39","births per 1000",49.4
"23020",2020,"population","fertility","35-39","births per 1000",36.2
"23030",2010,"population","fertility","35-39","births per 1000",30.1
"23030",2015,"population","fertility","35-39","births per 1000",43.6
"23030",2020,"population","fertility","35-39","births per 1000",NA
"23040",2010,"population","fertility","35-39","births per 1000",32.2
"23040",2015,"population","fertility","35-39","births per 1000",42.6
"23040",2020,"population","fertility","35-39","births per 1000",45.9
"23050",2010,"population","fertility","35-39","births per 1000",33.4
"23050",2015,"population","fertility","35-39","births per 1000",49
"23050",2020,"population","fertility","35-39","births per 1000",40.3
"23060",2010,"population","fertility","35-39","births per 1000",31.1
"23060",2015,"population","fertility","35-39","births per 1000",48
"23060",2020,"population","fertility","35-39","births per 1000",40.9
"23070",2010,"population","fertility","35-39","births per 1000",31.4
"23070",2015,"population","fertility","35-39","births per 1000",44.6
"23070",2020,"population","fertility","35-39","births per 1000",36.1
"23080",2010,"population","fertility","35-39","births per 1000",31.6
"23080",2015,"population","fertility","35-39","births per 1000",48.4
"23080",2020,"population","fertility","35-39","births per 1000",47.3
"23310",2010,"population","fertility","35-39","births per 1000",33.1
"23310",2015,"population","fertility","35-39","births per 1000",36.8
"23310",2020,"population","fertility","35-39","births per 1000",62.8
"23320",2010,"population","fertility","35-39","births per 1000",46
"23320",2015,"population","fertility","35-39","births per 1000",51.2
"23320",2020,"population","fertility","35-39","births per 1000",46.6
"24010",2010,"population","fertility","35-39","births per 1000",29.8
"24010",2015,"population","fertility","35-39","births per 1000",50.3
"24010",2020,"population","fertility","35-39","births per 1000",44.1
"24020",2010,"population","fertility","35-39","births per 1000",26.7
"24020",2015,"population","fertility","35-39","births per 1000",40.8
"24020",2020,"population","fertility","35-39","births per 1000",39.5
"24030",2010,"population","fertility","35-39","births per 1000",31.1
"24030",2015,"population","fertility","35-39","births per 1000",45.1
"24030",2020,"population","fertility","35-39","births per 1000",40.7
"24040",2010,"population","fertility","35-39","births per 1000",28
"24040",2015,"population","fertility","35-39","births per 1000",47.8
"24040",2020,"population","fertility","35-39","births per 1000",42.5
"24050",2010,"population","fertility","35-39","births per 1000",31.8
"24050",2015,"population","fertility","35-39","births per 1000",44.5
"24050",2020,"population","fertility","35-39","births per 1000",38.9
"25010",2010,"population","fertility","35-39","births per 1000",29.1
"25010",2015,"population","fertility","35-39","births per 1000",47.4
"25010",2020,"population","fertility","35-39","births per 1000",38.7
"25020",2010,"population","fertility","35-39","births per 1000",30.7
"25020",2015,"population","fertility","35-39","births per 1000",45.4
"25020",2020,"population","fertility","35-39","births per 1000",35.5
"25030",2010,"population","fertility","35-39","births per 1000",29.4
"25030",2015,"population","fertility","35-39","births per 1000",49.7
"25030",2020,"population","fertility","35-39","births per 1000",39.8
"25040",2010,"population","fertility","35-39","births per 1000",37.4
"25040",2015,"population","fertility","35-39","births per 1000",49.8
"25040",2020,"population","fertility","35-39","births per 1000",43
"25050",2010,"population","fertility","35-39","births per 1000",30.9
"25050",2015,"population","fertility","35-39","births per 1000",43.3
"25050",2020,"population","fertility","35-39","births per 1000",37.4
"26010",2010,"population","fertility","35-39","births per 1000",21.3
"26010",2015,"population","fertility","35-39","births per 1000",44.5
"26010",2020,"population","fertility","35-39","births per 1000",34
"26020",2010,"population","fertility","35-39","births per 1000",25.7
"26020",2015,"population","fertility","35-39","births per 1000",49
"26020",2020,"population","fertility","35-39","births per 1000",36.3
"26030",2010,"population","fertility","35-39","births per 1000",33.3
"26030",2015,"population","fertility","35-39","births per 1000",52.9
"26030",2020,"population","fertility","35-39","births per 1000",31.4
"26040",2010,"population","fertility","35-39","births per 1000",32.2
"26040",2015,"population","fertility","35-39","births per 1000",47.7
"26040",2020,"population","fertility","35-39","births per 1000",44.7
"26310",2010,"population","fertility","35-39","births per 1000",32.7
"26310",2015,"population","fertility","35-39","births per 1000",52.5
"26310",2020,"population","fertility","35-39","births per 1000",49.7
"29010",2010,"population","fertility","35-39","births per 1000",NA
"29010",2015,"population","fertility","35-39","births per 1000",64
"29010",2020,"population","fertility","35-39","births per 1000",54.8
"31010",2010,"population","fertility","35-39","births per 1000",30.4
"31010",2015,"population","fertility","35-39","births per 1000",51.6
"31010",2020,"population","fertility","35-39","births per 1000",42.5
"31011",2010,"population","fertility","35-39","births per 1000",30
"31011",2015,"population","fertility","35-39","births per 1000",48.8
"31011",2020,"population","fertility","35-39","births per 1000",39.8
"31012",2010,"population","fertility","35-39","births per 1000",28.6
"31012",2015,"population","fertility","35-39","births per 1000",51
"31012",2020,"population","fertility","35-39","births per 1000",42.3
"31013",2010,"population","fertility","35-39","births per 1000",33.7
"31013",2015,"population","fertility","35-39","births per 1000",46.3
"31013",2020,"population","fertility","35-39","births per 1000",35.6
"31014",2010,"population","fertility","35-39","births per 1000",30.5
"31014",2015,"population","fertility","35-39","births per 1000",56.8
"31014",2020,"population","fertility","35-39","births per 1000",46.4
"31020",2010,"population","fertility","35-39","births per 1000",36.1
"31020",2015,"population","fertility","35-39","births per 1000",53.1
"31020",2020,"population","fertility","35-39","births per 1000",45
"31021",2010,"population","fertility","35-39","births per 1000",37.3
"31021",2015,"population","fertility","35-39","births per 1000",51.5
"31021",2020,"population","fertility","35-39","births per 1000",46.5
"31022",2010,"population","fertility","35-39","births per 1000",31.2
"31022",2015,"population","fertility","35-39","births per 1000",49.1
"31022",2020,"population","fertility","35-39","births per 1000",40.4
"31023",2010,"population","fertility","35-39","births per 1000",37.9
"31023",2015,"population","fertility","35-39","births per 1000",55.3
"31023",2020,"population","fertility","35-39","births per 1000",46.1
"31030",2010,"population","fertility","35-39","births per 1000",32.7
"31030",2015,"population","fertility","35-39","births per 1000",45.6
"31030",2020,"population","fertility","35-39","births per 1000",41.8
"31040",2010,"population","fertility","35-39","births per 1000",35.7
"31040",2015,"population","fertility","35-39","births per 1000",51.1
"31040",2020,"population","fertility","35-39","births per 1000",49.9
"31041",2010,"population","fertility","35-39","births per 1000",35.8
"31041",2015,"population","fertility","35-39","births per 1000",49.2
"31041",2020,"population","fertility","35-39","births per 1000",48
"31042",2010,"population","fertility","35-39","births per 1000",35.7
"31042",2015,"population","fertility","35-39","births per 1000",52.3
"31042",2020,"population","fertility","35-39","births per 1000",51.1
"31050",2010,"population","fertility","35-39","births per 1000",32.5
"31050",2015,"population","fertility","35-39","births per 1000",45.7
"31050",2020,"population","fertility","35-39","births per 1000",43.7
"31051",2010,"population","fertility","35-39","births per 1000",32.4
"31051",2015,"population","fertility","35-39","births per 1000",47.2
"31051",2020,"population","fertility","35-39","births per 1000",NA
"31052",2010,"population","fertility","35-39","births per 1000",33.4
"31052",2015,"population","fertility","35-39","births per 1000",43.9
"31052",2020,"population","fertility","35-39","births per 1000",NA
"31053",2010,"population","fertility","35-39","births per 1000",31.9
"31053",2015,"population","fertility","35-39","births per 1000",43.7
"31053",2020,"population","fertility","35-39","births per 1000",NA
"31060",2010,"population","fertility","35-39","births per 1000",35.3
"31060",2015,"population","fertility","35-39","births per 1000",51.3
"31060",2020,"population","fertility","35-39","births per 1000",46.9
"31070",2010,"population","fertility","35-39","births per 1000",31.6
"31070",2015,"population","fertility","35-39","births per 1000",46.3
"31070",2020,"population","fertility","35-39","births per 1000",44.5
"31080",2010,"population","fertility","35-39","births per 1000",37.9
"31080",2015,"population","fertility","35-39","births per 1000",42.8
"31080",2020,"population","fertility","35-39","births per 1000",32.4
"31090",2010,"population","fertility","35-39","births per 1000",29.3
"31090",2015,"population","fertility","35-39","births per 1000",41.2
"31090",2020,"population","fertility","35-39","births per 1000",43.3
"31091",2010,"population","fertility","35-39","births per 1000",30
"31091",2015,"population","fertility","35-39","births per 1000",43.9
"31091",2020,"population","fertility","35-39","births per 1000",42.4
"31092",2010,"population","fertility","35-39","births per 1000",28.4
"31092",2015,"population","fertility","35-39","births per 1000",38.1
"31092",2020,"population","fertility","35-39","births per 1000",44.2
"31100",2010,"population","fertility","35-39","births per 1000",33.2
"31100",2015,"population","fertility","35-39","births per 1000",48.5
"31100",2020,"population","fertility","35-39","births per 1000",43.1
"31101",2010,"population","fertility","35-39","births per 1000",37.5
"31101",2015,"population","fertility","35-39","births per 1000",52.6
"31101",2020,"population","fertility","35-39","births per 1000",45.4
"31102",2010,"population","fertility","35-39","births per 1000",NA
"31102",2015,"population","fertility","35-39","births per 1000",NA
"31102",2020,"population","fertility","35-39","births per 1000",NA
"31103",2010,"population","fertility","35-39","births per 1000",29.8
"31103",2015,"population","fertility","35-39","births per 1000",44.1
"31103",2020,"population","fertility","35-39","births per 1000",37.6
"31104",2010,"population","fertility","35-39","births per 1000",30.8
"31104",2015,"population","fertility","35-39","births per 1000",46.6
"31104",2020,"population","fertility","35-39","births per 1000",44.8
"31110",2010,"population","fertility","35-39","births per 1000",42.3
"31110",2015,"population","fertility","35-39","births per 1000",51.5
"31110",2020,"population","fertility","35-39","births per 1000",54.2
"31120",2010,"population","fertility","35-39","births per 1000",34.5
"31120",2015,"population","fertility","35-39","births per 1000",49.1
"31120",2020,"population","fertility","35-39","births per 1000",48.1
"31130",2010,"population","fertility","35-39","births per 1000",37.3
"31130",2015,"population","fertility","35-39","births per 1000",51.1
"31130",2020,"population","fertility","35-39","births per 1000",43.9
"31140",2010,"population","fertility","35-39","births per 1000",33.4
"31140",2015,"population","fertility","35-39","births per 1000",47.4
"31140",2020,"population","fertility","35-39","births per 1000",39.6
"31150",2010,"population","fertility","35-39","births per 1000",32.8
"31150",2015,"population","fertility","35-39","births per 1000",45.1
"31150",2020,"population","fertility","35-39","births per 1000",46.8
"31160",2010,"population","fertility","35-39","births per 1000",38.1
"31160",2015,"population","fertility","35-39","births per 1000",56.3
"31160",2020,"population","fertility","35-39","births per 1000",50.8
"31170",2010,"population","fertility","35-39","births per 1000",40
"31170",2015,"population","fertility","35-39","births per 1000",57.1
"31170",2020,"population","fertility","35-39","births per 1000",49.9
"31180",2010,"population","fertility","35-39","births per 1000",34.4
"31180",2015,"population","fertility","35-39","births per 1000",52.3
"31180",2020,"population","fertility","35-39","births per 1000",47.5
"31190",2010,"population","fertility","35-39","births per 1000",37
"31190",2015,"population","fertility","35-39","births per 1000",50.8
"31190",2020,"population","fertility","35-39","births per 1000",46.4
"31191",2010,"population","fertility","35-39","births per 1000",35.3
"31191",2015,"population","fertility","35-39","births per 1000",45.2
"31191",2020,"population","fertility","35-39","births per 1000",42.2
"31192",2010,"population","fertility","35-39","births per 1000",39.6
"31192",2015,"population","fertility","35-39","births per 1000",54.8
"31192",2020,"population","fertility","35-39","births per 1000",46.1
"31193",2010,"population","fertility","35-39","births per 1000",34.9
"31193",2015,"population","fertility","35-39","births per 1000",48.6
"31193",2020,"population","fertility","35-39","births per 1000",49.3
"31200",2010,"population","fertility","35-39","births per 1000",34.8
"31200",2015,"population","fertility","35-39","births per 1000",45.3
"31200",2020,"population","fertility","35-39","births per 1000",38.9
"31210",2010,"population","fertility","35-39","births per 1000",25.8
"31210",2015,"population","fertility","35-39","births per 1000",40.5
"31210",2020,"population","fertility","35-39","births per 1000",36.7
"31220",2010,"population","fertility","35-39","births per 1000",33
"31220",2015,"population","fertility","35-39","births per 1000",47.1
"31220",2020,"population","fertility","35-39","births per 1000",31.6
"31230",2010,"population","fertility","35-39","births per 1000",34.9
"31230",2015,"population","fertility","35-39","births per 1000",54.7
"31230",2020,"population","fertility","35-39","births per 1000",43.9
"31240",2010,"population","fertility","35-39","births per 1000",41.1
"31240",2015,"population","fertility","35-39","births per 1000",50
"31240",2020,"population","fertility","35-39","births per 1000",45.6
"31250",2010,"population","fertility","35-39","births per 1000",35.9
"31250",2015,"population","fertility","35-39","births per 1000",51.2
"31250",2020,"population","fertility","35-39","births per 1000",47.7
"31260",2010,"population","fertility","35-39","births per 1000",41.6
"31260",2015,"population","fertility","35-39","births per 1000",46.9
"31260",2020,"population","fertility","35-39","births per 1000",40.6
"31270",2010,"population","fertility","35-39","births per 1000",29.8
"31270",2015,"population","fertility","35-39","births per 1000",39
"31270",2020,"population","fertility","35-39","births per 1000",34
"31280",2010,"population","fertility","35-39","births per 1000",NA
"31280",2015,"population","fertility","35-39","births per 1000",47.8
"31280",2020,"population","fertility","35-39","births per 1000",42.6
"31310",2010,"population","fertility","35-39","births per 1000",NA
"31310",2015,"population","fertility","35-39","births per 1000",NA
"31310",2020,"population","fertility","35-39","births per 1000",NA
"31320",2010,"population","fertility","35-39","births per 1000",30.8
"31320",2015,"population","fertility","35-39","births per 1000",NA
"31320",2020,"population","fertility","35-39","births per 1000",NA
"31330",2010,"population","fertility","35-39","births per 1000",NA
"31330",2015,"population","fertility","35-39","births per 1000",NA
"31330",2020,"population","fertility","35-39","births per 1000",NA
"31340",2010,"population","fertility","35-39","births per 1000",NA
"31340",2015,"population","fertility","35-39","births per 1000",NA
"31340",2020,"population","fertility","35-39","births per 1000",NA
"31350",2010,"population","fertility","35-39","births per 1000",37.5
"31350",2015,"population","fertility","35-39","births per 1000",52.9
"31350",2020,"population","fertility","35-39","births per 1000",53.8
"31360",2010,"population","fertility","35-39","births per 1000",NA
"31360",2015,"population","fertility","35-39","births per 1000",NA
"31360",2020,"population","fertility","35-39","births per 1000",NA
"31370",2010,"population","fertility","35-39","births per 1000",34
"31370",2015,"population","fertility","35-39","births per 1000",46
"31370",2020,"population","fertility","35-39","births per 1000",42.4
"31380",2010,"population","fertility","35-39","births per 1000",30.9
"31380",2015,"population","fertility","35-39","births per 1000",41.3
"31380",2020,"population","fertility","35-39","births per 1000",51.2
"32010",2010,"population","fertility","35-39","births per 1000",30.7
"32010",2015,"population","fertility","35-39","births per 1000",43
"32010",2020,"population","fertility","35-39","births per 1000",42.2
"32020",2010,"population","fertility","35-39","births per 1000",27.5
"32020",2015,"population","fertility","35-39","births per 1000",39
"32020",2020,"population","fertility","35-39","births per 1000",42.3
"32030",2010,"population","fertility","35-39","births per 1000",33.6
"32030",2015,"population","fertility","35-39","births per 1000",43.4
"32030",2020,"population","fertility","35-39","births per 1000",42.3
"32040",2010,"population","fertility","35-39","births per 1000",25.7
"32040",2015,"population","fertility","35-39","births per 1000",47
"32040",2020,"population","fertility","35-39","births per 1000",38
"32050",2010,"population","fertility","35-39","births per 1000",30.9
"32050",2015,"population","fertility","35-39","births per 1000",40.1
"32050",2020,"population","fertility","35-39","births per 1000",37
"32060",2010,"population","fertility","35-39","births per 1000",28.2
"32060",2015,"population","fertility","35-39","births per 1000",45.9
"32060",2020,"population","fertility","35-39","births per 1000",37.7
"32070",2010,"population","fertility","35-39","births per 1000",30.9
"32070",2015,"population","fertility","35-39","births per 1000",42.3
"32070",2020,"population","fertility","35-39","births per 1000",51.7
"32310",2010,"population","fertility","35-39","births per 1000",28.1
"32310",2015,"population","fertility","35-39","births per 1000",43.3
"32310",2020,"population","fertility","35-39","births per 1000",48.5
"32320",2010,"population","fertility","35-39","births per 1000",27.7
"32320",2015,"population","fertility","35-39","births per 1000",42.5
"32320",2020,"population","fertility","35-39","births per 1000",40.8
"32330",2010,"population","fertility","35-39","births per 1000",26.5
"32330",2015,"population","fertility","35-39","births per 1000",33.2
"32330",2020,"population","fertility","35-39","births per 1000",44.5
"32340",2010,"population","fertility","35-39","births per 1000",27.3
"32340",2015,"population","fertility","35-39","births per 1000",41.1
"32340",2020,"population","fertility","35-39","births per 1000",40.9
"32350",2010,"population","fertility","35-39","births per 1000",25.9
"32350",2015,"population","fertility","35-39","births per 1000",54.2
"32350",2020,"population","fertility","35-39","births per 1000",44.5
"32360",2010,"population","fertility","35-39","births per 1000",31.3
"32360",2015,"population","fertility","35-39","births per 1000",44.8
"32360",2020,"population","fertility","35-39","births per 1000",57.4
"32370",2010,"population","fertility","35-39","births per 1000",32.4
"32370",2015,"population","fertility","35-39","births per 1000",43.5
"32370",2020,"population","fertility","35-39","births per 1000",31.4
"32380",2010,"population","fertility","35-39","births per 1000",39.6
"32380",2015,"population","fertility","35-39","births per 1000",48.9
"32380",2020,"population","fertility","35-39","births per 1000",47.4
"32390",2010,"population","fertility","35-39","births per 1000",25.6
"32390",2015,"population","fertility","35-39","births per 1000",55.9
"32390",2020,"population","fertility","35-39","births per 1000",40.2
"32400",2010,"population","fertility","35-39","births per 1000",19.1
"32400",2015,"population","fertility","35-39","births per 1000",40.9
"32400",2020,"population","fertility","35-39","births per 1000",60.8
"32410",2010,"population","fertility","35-39","births per 1000",32.4
"32410",2015,"population","fertility","35-39","births per 1000",38.6
"32410",2020,"population","fertility","35-39","births per 1000",23.7
"33010",2010,"population","fertility","35-39","births per 1000",27.7
"33010",2015,"population","fertility","35-39","births per 1000",NA
"33010",2020,"population","fertility","35-39","births per 1000",NA
"33011",2010,"population","fertility","35-39","births per 1000",24.9
"33011",2015,"population","fertility","35-39","births per 1000",NA
"33011",2020,"population","fertility","35-39","births per 1000",NA
"33012",2010,"population","fertility","35-39","births per 1000",29.2
"33012",2015,"population","fertility","35-39","births per 1000",NA
"33012",2020,"population","fertility","35-39","births per 1000",NA
"33020",2010,"population","fertility","35-39","births per 1000",26.9
"33020",2015,"population","fertility","35-39","births per 1000",42
"33020",2020,"population","fertility","35-39","births per 1000",39.3
"33030",2010,"population","fertility","35-39","births per 1000",28.7
"33030",2015,"population","fertility","35-39","births per 1000",38.8
"33030",2020,"population","fertility","35-39","births per 1000",48.2
"33040",2010,"population","fertility","35-39","births per 1000",NA
"33040",2015,"population","fertility","35-39","births per 1000",46
"33040",2020,"population","fertility","35-39","births per 1000",40.8
"33041",2010,"population","fertility","35-39","births per 1000",NA
"33041",2015,"population","fertility","35-39","births per 1000",41.8
"33041",2020,"population","fertility","35-39","births per 1000",44
"33042",2010,"population","fertility","35-39","births per 1000",NA
"33042",2015,"population","fertility","35-39","births per 1000",45.4
"33042",2020,"population","fertility","35-39","births per 1000",36.8
"33043",2010,"population","fertility","35-39","births per 1000",NA
"33043",2015,"population","fertility","35-39","births per 1000",45
"33043",2020,"population","fertility","35-39","births per 1000",41.6
"33044",2010,"population","fertility","35-39","births per 1000",NA
"33044",2015,"population","fertility","35-39","births per 1000",51.4
"33044",2020,"population","fertility","35-39","births per 1000",40.5
"33310",2010,"population","fertility","35-39","births per 1000",31.7
"33310",2015,"population","fertility","35-39","births per 1000",NA
"33310",2020,"population","fertility","35-39","births per 1000",NA
"33320",2010,"population","fertility","35-39","births per 1000",27
"33320",2015,"population","fertility","35-39","births per 1000",55.2
"33320",2020,"population","fertility","35-39","births per 1000",39.8
"33330",2010,"population","fertility","35-39","births per 1000",25.7
"33330",2015,"population","fertility","35-39","births per 1000",44
"33330",2020,"population","fertility","35-39","births per 1000",44.5
"33340",2010,"population","fertility","35-39","births per 1000",35.2
"33340",2015,"population","fertility","35-39","births per 1000",47.5
"33340",2020,"population","fertility","35-39","births per 1000",64.9
"33350",2010,"population","fertility","35-39","births per 1000",32.2
"33350",2015,"population","fertility","35-39","births per 1000",44.5
"33350",2020,"population","fertility","35-39","births per 1000",45.1
"33360",2010,"population","fertility","35-39","births per 1000",25.6
"33360",2015,"population","fertility","35-39","births per 1000",45.5
"33360",2020,"population","fertility","35-39","births per 1000",21.5
"33370",2010,"population","fertility","35-39","births per 1000",36.5
"33370",2015,"population","fertility","35-39","births per 1000",44
"33370",2020,"population","fertility","35-39","births per 1000",38.8
"33380",2010,"population","fertility","35-39","births per 1000",23.7
"33380",2015,"population","fertility","35-39","births per 1000",41.3
"33380",2020,"population","fertility","35-39","births per 1000",37.4
"33390",2010,"population","fertility","35-39","births per 1000",33.9
"33390",2015,"population","fertility","35-39","births per 1000",46.4
"33390",2020,"population","fertility","35-39","births per 1000",29.3
"34010",2010,"population","fertility","35-39","births per 1000",28.2
"34010",2015,"population","fertility","35-39","births per 1000",42.8
"34010",2020,"population","fertility","35-39","births per 1000",38.2
"34011",2010,"population","fertility","35-39","births per 1000",29.1
"34011",2015,"population","fertility","35-39","births per 1000",43.8
"34011",2020,"population","fertility","35-39","births per 1000",35.8
"34012",2010,"population","fertility","35-39","births per 1000",27.5
"34012",2015,"population","fertility","35-39","births per 1000",42.1
"34012",2020,"population","fertility","35-39","births per 1000",39.4
"34020",2010,"population","fertility","35-39","births per 1000",25.9
"34020",2015,"population","fertility","35-39","births per 1000",36.4
"34020",2020,"population","fertility","35-39","births per 1000",50.7
"34030",2010,"population","fertility","35-39","births per 1000",26.9
"34030",2015,"population","fertility","35-39","births per 1000",43.7
"34030",2020,"population","fertility","35-39","births per 1000",42.2
"34040",2010,"population","fertility","35-39","births per 1000",37.1
"34040",2015,"population","fertility","35-39","births per 1000",47.7
"34040",2020,"population","fertility","35-39","births per 1000",36.7
"34050",2010,"population","fertility","35-39","births per 1000",29.7
"34050",2015,"population","fertility","35-39","births per 1000",45.7
"34050",2020,"population","fertility","35-39","births per 1000",38.3
"34060",2010,"population","fertility","35-39","births per 1000",30.7
"34060",2015,"population","fertility","35-39","births per 1000",42.3
"34060",2020,"population","fertility","35-39","births per 1000",40.9
"34070",2010,"population","fertility","35-39","births per 1000",35.4
"34070",2015,"population","fertility","35-39","births per 1000",43.9
"34070",2020,"population","fertility","35-39","births per 1000",31.2
"34080",2010,"population","fertility","35-39","births per 1000",NA
"34080",2015,"population","fertility","35-39","births per 1000",53.5
"34080",2020,"population","fertility","35-39","births per 1000",41.8
"34310",2010,"population","fertility","35-39","births per 1000",41.9
"34310",2015,"population","fertility","35-39","births per 1000",44.4
"34310",2020,"population","fertility","35-39","births per 1000",41.4
"34320",2010,"population","fertility","35-39","births per 1000",35.6
"34320",2015,"population","fertility","35-39","births per 1000",NA
"34320",2020,"population","fertility","35-39","births per 1000",NA
"34330",2010,"population","fertility","35-39","births per 1000",27.1
"34330",2015,"population","fertility","35-39","births per 1000",45
"34330",2020,"population","fertility","35-39","births per 1000",36.4
"34340",2010,"population","fertility","35-39","births per 1000",27.7
"34340",2015,"population","fertility","35-39","births per 1000",38.8
"34340",2020,"population","fertility","35-39","births per 1000",52.7
"34350",2010,"population","fertility","35-39","births per 1000",40.2
"34350",2015,"population","fertility","35-39","births per 1000",43.9
"34350",2020,"population","fertility","35-39","births per 1000",47.5
"34360",2010,"population","fertility","35-39","births per 1000",32
"34360",2015,"population","fertility","35-39","births per 1000",41.6
"34360",2020,"population","fertility","35-39","births per 1000",44.5
"34370",2010,"population","fertility","35-39","births per 1000",28.7
"34370",2015,"population","fertility","35-39","births per 1000",40.6
"34370",2020,"population","fertility","35-39","births per 1000",36.9
"34380",2010,"population","fertility","35-39","births per 1000",32.6
"34380",2015,"population","fertility","35-39","births per 1000",41.4
"34380",2020,"population","fertility","35-39","births per 1000",46.1
"34390",2010,"population","fertility","35-39","births per 1000",34.5
"34390",2015,"population","fertility","35-39","births per 1000",NA
"34390",2020,"population","fertility","35-39","births per 1000",NA
"35010",2010,"population","fertility","35-39","births per 1000",29.5
"35010",2015,"population","fertility","35-39","births per 1000",44.3
"35010",2020,"population","fertility","35-39","births per 1000",36.6
"35011",2010,"population","fertility","35-39","births per 1000",28.4
"35011",2015,"population","fertility","35-39","births per 1000",45.7
"35011",2020,"population","fertility","35-39","births per 1000",34.7
"35012",2010,"population","fertility","35-39","births per 1000",30.9
"35012",2015,"population","fertility","35-39","births per 1000",42.7
"35012",2020,"population","fertility","35-39","births per 1000",38.4
"35020",2010,"population","fertility","35-39","births per 1000",29.2
"35020",2015,"population","fertility","35-39","births per 1000",45.4
"35020",2020,"population","fertility","35-39","births per 1000",37.1
"35030",2010,"population","fertility","35-39","births per 1000",27.6
"35030",2015,"population","fertility","35-39","births per 1000",46.5
"35030",2020,"population","fertility","35-39","births per 1000",36.3
"35040",2010,"population","fertility","35-39","births per 1000",35.4
"35040",2015,"population","fertility","35-39","births per 1000",47.4
"35040",2020,"population","fertility","35-39","births per 1000",38.1
"35050",2010,"population","fertility","35-39","births per 1000",34
"35050",2015,"population","fertility","35-39","births per 1000",43.3
"35050",2020,"population","fertility","35-39","births per 1000",57.5
"35060",2010,"population","fertility","35-39","births per 1000",37.9
"35060",2015,"population","fertility","35-39","births per 1000",39.2
"35060",2020,"population","fertility","35-39","births per 1000",45.8
"35310",2010,"population","fertility","35-39","births per 1000",46.2
"35310",2015,"population","fertility","35-39","births per 1000",55.7
"35310",2020,"population","fertility","35-39","births per 1000",41.2
"35320",2010,"population","fertility","35-39","births per 1000",51.1
"35320",2015,"population","fertility","35-39","births per 1000",69.9
"35320",2020,"population","fertility","35-39","births per 1000",75.5
"35330",2010,"population","fertility","35-39","births per 1000",24.4
"35330",2015,"population","fertility","35-39","births per 1000",65.3
"35330",2020,"population","fertility","35-39","births per 1000",64.7
"35340",2010,"population","fertility","35-39","births per 1000",57.6
"35340",2015,"population","fertility","35-39","births per 1000",54.3
"35340",2020,"population","fertility","35-39","births per 1000",55.1
"35350",2010,"population","fertility","35-39","births per 1000",51.5
"35350",2015,"population","fertility","35-39","births per 1000",40.7
"35350",2020,"population","fertility","35-39","births per 1000",97.3
"35360",2010,"population","fertility","35-39","births per 1000",27.1
"35360",2015,"population","fertility","35-39","births per 1000",53.2
"35360",2020,"population","fertility","35-39","births per 1000",85.6
"35370",2010,"population","fertility","35-39","births per 1000",33.6
"35370",2015,"population","fertility","35-39","births per 1000",48.5
"35370",2020,"population","fertility","35-39","births per 1000",51
"35380",2010,"population","fertility","35-39","births per 1000",37.2
"35380",2015,"population","fertility","35-39","births per 1000",42.9
"35380",2020,"population","fertility","35-39","births per 1000",43.5
"36010",2010,"population","fertility","35-39","births per 1000",32.8
"36010",2015,"population","fertility","35-39","births per 1000",40.3
"36010",2020,"population","fertility","35-39","births per 1000",30.9
"36020",2010,"population","fertility","35-39","births per 1000",29.1
"36020",2015,"population","fertility","35-39","births per 1000",46.9
"36020",2020,"population","fertility","35-39","births per 1000",45.7
"36030",2010,"population","fertility","35-39","births per 1000",24.9
"36030",2015,"population","fertility","35-39","births per 1000",42
"36030",2020,"population","fertility","35-39","births per 1000",41.6
"36040",2010,"population","fertility","35-39","births per 1000",30.2
"36040",2015,"population","fertility","35-39","births per 1000",57.8
"36040",2020,"population","fertility","35-39","births per 1000",51
"36060",2010,"population","fertility","35-39","births per 1000",31.7
"36060",2015,"population","fertility","35-39","births per 1000",49.2
"36060",2020,"population","fertility","35-39","births per 1000",44.7
"36310",2010,"population","fertility","35-39","births per 1000",40.4
"36310",2015,"population","fertility","35-39","births per 1000",55.7
"36310",2020,"population","fertility","35-39","births per 1000",82.4
"36320",2010,"population","fertility","35-39","births per 1000",31.6
"36320",2015,"population","fertility","35-39","births per 1000",57.4
"36320",2020,"population","fertility","35-39","births per 1000",50.9
"36330",2010,"population","fertility","35-39","births per 1000",46.2
"36330",2015,"population","fertility","35-39","births per 1000",47.1
"36330",2020,"population","fertility","35-39","births per 1000",48.5
"36350",2010,"population","fertility","35-39","births per 1000",30.6
"36350",2015,"population","fertility","35-39","births per 1000",43.3
"36350",2020,"population","fertility","35-39","births per 1000",67.1
"36360",2010,"population","fertility","35-39","births per 1000",43.7
"36360",2015,"population","fertility","35-39","births per 1000",64
"36360",2020,"population","fertility","35-39","births per 1000",39.2
"36370",2010,"population","fertility","35-39","births per 1000",37.7
"36370",2015,"population","fertility","35-39","births per 1000",49.4
"36370",2020,"population","fertility","35-39","births per 1000",48.1
"36380",2010,"population","fertility","35-39","births per 1000",32.4
"36380",2015,"population","fertility","35-39","births per 1000",49.2
"36380",2020,"population","fertility","35-39","births per 1000",88.7
"36390",2010,"population","fertility","35-39","births per 1000",58.4
"36390",2015,"population","fertility","35-39","births per 1000",72.4
"36390",2020,"population","fertility","35-39","births per 1000",53.2
"36400",2010,"population","fertility","35-39","births per 1000",36.2
"36400",2015,"population","fertility","35-39","births per 1000",81.9
"36400",2020,"population","fertility","35-39","births per 1000",63.5
"36410",2010,"population","fertility","35-39","births per 1000",31.9
"36410",2015,"population","fertility","35-39","births per 1000",57.4
"36410",2020,"population","fertility","35-39","births per 1000",54.8
"36420",2010,"population","fertility","35-39","births per 1000",37.1
"36420",2015,"population","fertility","35-39","births per 1000",42.7
"36420",2020,"population","fertility","35-39","births per 1000",39.2
"36430",2010,"population","fertility","35-39","births per 1000",42.7
"36430",2015,"population","fertility","35-39","births per 1000",52.5
"36430",2020,"population","fertility","35-39","births per 1000",90.6
"36440",2010,"population","fertility","35-39","births per 1000",45.3
"36440",2015,"population","fertility","35-39","births per 1000",67.9
"36440",2020,"population","fertility","35-39","births per 1000",98.2
"36450",2010,"population","fertility","35-39","births per 1000",40.4
"36450",2015,"population","fertility","35-39","births per 1000",71.6
"36450",2020,"population","fertility","35-39","births per 1000",71.5
"36460",2010,"population","fertility","35-39","births per 1000",46.7
"36460",2015,"population","fertility","35-39","births per 1000",45.3
"36460",2020,"population","fertility","35-39","births per 1000",62.6
"36470",2010,"population","fertility","35-39","births per 1000",49.9
"36470",2015,"population","fertility","35-39","births per 1000",42.7
"36470",2020,"population","fertility","35-39","births per 1000",46.9
"36480",2010,"population","fertility","35-39","births per 1000",33.6
"36480",2015,"population","fertility","35-39","births per 1000",59.2
"36480",2020,"population","fertility","35-39","births per 1000",80.1
"37010",2010,"population","fertility","35-39","births per 1000",28
"37010",2015,"population","fertility","35-39","births per 1000",47.7
"37010",2020,"population","fertility","35-39","births per 1000",38.1
"37011",2010,"population","fertility","35-39","births per 1000",28.7
"37011",2015,"population","fertility","35-39","births per 1000",47
"37011",2020,"population","fertility","35-39","births per 1000",36.7
"37012",2010,"population","fertility","35-39","births per 1000",27.3
"37012",2015,"population","fertility","35-39","births per 1000",48.3
"37012",2020,"population","fertility","35-39","births per 1000",39.2
"37020",2010,"population","fertility","35-39","births per 1000",29.2
"37020",2015,"population","fertility","35-39","births per 1000",48.7
"37020",2020,"population","fertility","35-39","births per 1000",40.3
"37030",2010,"population","fertility","35-39","births per 1000",26.7
"37030",2015,"population","fertility","35-39","births per 1000",41.7
"37030",2020,"population","fertility","35-39","births per 1000",55.5
"37040",2010,"population","fertility","35-39","births per 1000",32.9
"37040",2015,"population","fertility","35-39","births per 1000",58.1
"37040",2020,"population","fertility","35-39","births per 1000",44.1
"37050",2010,"population","fertility","35-39","births per 1000",22.1
"37050",2015,"population","fertility","35-39","births per 1000",40.2
"37050",2020,"population","fertility","35-39","births per 1000",36.2
"37060",2010,"population","fertility","35-39","births per 1000",25.5
"37060",2015,"population","fertility","35-39","births per 1000",46
"37060",2020,"population","fertility","35-39","births per 1000",41.9
"37070",2010,"population","fertility","35-39","births per 1000",31.3
"37070",2015,"population","fertility","35-39","births per 1000",45.8
"37070",2020,"population","fertility","35-39","births per 1000",68.2
"37080",2010,"population","fertility","35-39","births per 1000",32.9
"37080",2015,"population","fertility","35-39","births per 1000",53
"37080",2020,"population","fertility","35-39","births per 1000",43.7
"37090",2010,"population","fertility","35-39","births per 1000",25.4
"37090",2015,"population","fertility","35-39","births per 1000",55.7
"37090",2020,"population","fertility","35-39","births per 1000",50.1
"37100",2010,"population","fertility","35-39","births per 1000",30.8
"37100",2015,"population","fertility","35-39","births per 1000",50.8
"37100",2020,"population","fertility","35-39","births per 1000",39
"37310",2010,"population","fertility","35-39","births per 1000",27.4
"37310",2015,"population","fertility","35-39","births per 1000",61.5
"37310",2020,"population","fertility","35-39","births per 1000",59.9
"37320",2010,"population","fertility","35-39","births per 1000",32.4
"37320",2015,"population","fertility","35-39","births per 1000",51.9
"37320",2020,"population","fertility","35-39","births per 1000",73.1
"37330",2010,"population","fertility","35-39","births per 1000",36.4
"37330",2015,"population","fertility","35-39","births per 1000",65.4
"37330",2020,"population","fertility","35-39","births per 1000",50
"37340",2010,"population","fertility","35-39","births per 1000",12.4
"37340",2015,"population","fertility","35-39","births per 1000",58.7
"37340",2020,"population","fertility","35-39","births per 1000",37.8
"37350",2010,"population","fertility","35-39","births per 1000",30.2
"37350",2015,"population","fertility","35-39","births per 1000",59.2
"37350",2020,"population","fertility","35-39","births per 1000",67.3
"37360",2010,"population","fertility","35-39","births per 1000",24.3
"37360",2015,"population","fertility","35-39","births per 1000",49.8
"37360",2020,"population","fertility","35-39","births per 1000",50.1
"37370",2010,"population","fertility","35-39","births per 1000",26.8
"37370",2015,"population","fertility","35-39","births per 1000",62.7
"37370",2020,"population","fertility","35-39","births per 1000",48.5
"37380",2010,"population","fertility","35-39","births per 1000",37
"37380",2015,"population","fertility","35-39","births per 1000",64.2
"37380",2020,"population","fertility","35-39","births per 1000",63.6
"37390",2010,"population","fertility","35-39","births per 1000",34.7
"37390",2015,"population","fertility","35-39","births per 1000",43.1
"37390",2020,"population","fertility","35-39","births per 1000",31.2
"37400",2010,"population","fertility","35-39","births per 1000",20.4
"37400",2015,"population","fertility","35-39","births per 1000",55.5
"37400",2020,"population","fertility","35-39","births per 1000",51
"37410",2010,"population","fertility","35-39","births per 1000",51.4
"37410",2015,"population","fertility","35-39","births per 1000",73.7
"37410",2020,"population","fertility","35-39","births per 1000",36.6
"37420",2010,"population","fertility","35-39","births per 1000",29.7
"37420",2015,"population","fertility","35-39","births per 1000",62.7
"37420",2020,"population","fertility","35-39","births per 1000",47.5
"37430",2010,"population","fertility","35-39","births per 1000",35.3
"37430",2015,"population","fertility","35-39","births per 1000",32.5
"37430",2020,"population","fertility","35-39","births per 1000",35.5
"38010",2010,"population","fertility","35-39","births per 1000",NA
"38010",2015,"population","fertility","35-39","births per 1000",NA
"38010",2020,"population","fertility","35-39","births per 1000",NA
"38020",2010,"population","fertility","35-39","births per 1000",NA
"38020",2015,"population","fertility","35-39","births per 1000",NA
"38020",2020,"population","fertility","35-39","births per 1000",NA
"38021",2010,"population","fertility","35-39","births per 1000",NA
"38021",2015,"population","fertility","35-39","births per 1000",NA
"38021",2020,"population","fertility","35-39","births per 1000",NA
"38022",2010,"population","fertility","35-39","births per 1000",NA
"38022",2015,"population","fertility","35-39","births per 1000",NA
"38022",2020,"population","fertility","35-39","births per 1000",NA
"38030",2010,"population","fertility","35-39","births per 1000",25.1
"38030",2015,"population","fertility","35-39","births per 1000",46.3
"38030",2020,"population","fertility","35-39","births per 1000",41.3
"38040",2010,"population","fertility","35-39","births per 1000",NA
"38040",2015,"population","fertility","35-39","births per 1000",NA
"38040",2020,"population","fertility","35-39","births per 1000",NA
"38050",2010,"population","fertility","35-39","births per 1000",33.9
"38050",2015,"population","fertility","35-39","births per 1000",47.3
"38050",2020,"population","fertility","35-39","births per 1000",34.8
"38060",2010,"population","fertility","35-39","births per 1000",34.4
"38060",2015,"population","fertility","35-39","births per 1000",45.2
"38060",2020,"population","fertility","35-39","births per 1000",42.7
"38070",2010,"population","fertility","35-39","births per 1000",30.7
"38070",2015,"population","fertility","35-39","births per 1000",45.1
"38070",2020,"population","fertility","35-39","births per 1000",38.3
"38080",2010,"population","fertility","35-39","births per 1000",28.5
"38080",2015,"population","fertility","35-39","births per 1000",48.7
"38080",2020,"population","fertility","35-39","births per 1000",44.9
"38090",2010,"population","fertility","35-39","births per 1000",32.4
"38090",2015,"population","fertility","35-39","births per 1000",53.9
"38090",2020,"population","fertility","35-39","births per 1000",32.4
"38100",2010,"population","fertility","35-39","births per 1000",31.6
"38100",2015,"population","fertility","35-39","births per 1000",51.3
"38100",2020,"population","fertility","35-39","births per 1000",45.5
"38110",2010,"population","fertility","35-39","births per 1000",28.6
"38110",2015,"population","fertility","35-39","births per 1000",45
"38110",2020,"population","fertility","35-39","births per 1000",38.1
"38111",2010,"population","fertility","35-39","births per 1000",26.1
"38111",2015,"population","fertility","35-39","births per 1000",47.9
"38111",2020,"population","fertility","35-39","births per 1000",42.1
"38112",2010,"population","fertility","35-39","births per 1000",28.2
"38112",2015,"population","fertility","35-39","births per 1000",45.6
"38112",2020,"population","fertility","35-39","births per 1000",34.7
"38113",2010,"population","fertility","35-39","births per 1000",25.7
"38113",2015,"population","fertility","35-39","births per 1000",47.3
"38113",2020,"population","fertility","35-39","births per 1000",33.4
"38114",2010,"population","fertility","35-39","births per 1000",27.4
"38114",2015,"population","fertility","35-39","births per 1000",40.2
"38114",2020,"population","fertility","35-39","births per 1000",37.3
"38115",2010,"population","fertility","35-39","births per 1000",35.8
"38115",2015,"population","fertility","35-39","births per 1000",44.3
"38115",2020,"population","fertility","35-39","births per 1000",40.6
"38310",2010,"population","fertility","35-39","births per 1000",37.2
"38310",2015,"population","fertility","35-39","births per 1000",50
"38310",2020,"population","fertility","35-39","births per 1000",42.3
"38320",2010,"population","fertility","35-39","births per 1000",38.3
"38320",2015,"population","fertility","35-39","births per 1000",49.7
"38320",2020,"population","fertility","35-39","births per 1000",33.5
"38330",2010,"population","fertility","35-39","births per 1000",23.6
"38330",2015,"population","fertility","35-39","births per 1000",48.9
"38330",2020,"population","fertility","35-39","births per 1000",33.9
"38340",2010,"population","fertility","35-39","births per 1000",32.7
"38340",2015,"population","fertility","35-39","births per 1000",46.2
"38340",2020,"population","fertility","35-39","births per 1000",42.5
"38350",2010,"population","fertility","35-39","births per 1000",23.7
"38350",2015,"population","fertility","35-39","births per 1000",43
"38350",2020,"population","fertility","35-39","births per 1000",54.2
"38360",2010,"population","fertility","35-39","births per 1000",31.5
"38360",2015,"population","fertility","35-39","births per 1000",55.2
"38360",2020,"population","fertility","35-39","births per 1000",48.3
"38370",2010,"population","fertility","35-39","births per 1000",32.5
"38370",2015,"population","fertility","35-39","births per 1000",76.1
"38370",2020,"population","fertility","35-39","births per 1000",57.2
"38380",2010,"population","fertility","35-39","births per 1000",33.6
"38380",2015,"population","fertility","35-39","births per 1000",37.4
"38380",2020,"population","fertility","35-39","births per 1000",44.9
"38390",2010,"population","fertility","35-39","births per 1000",31
"38390",2015,"population","fertility","35-39","births per 1000",35.4
"38390",2020,"population","fertility","35-39","births per 1000",40
"38400",2010,"population","fertility","35-39","births per 1000",18.9
"38400",2015,"population","fertility","35-39","births per 1000",41.4
"38400",2020,"population","fertility","35-39","births per 1000",43.5
"39010",2010,"population","fertility","35-39","births per 1000",39.2
"39010",2015,"population","fertility","35-39","births per 1000",58.8
"39010",2020,"population","fertility","35-39","births per 1000",49.6
"39020",2010,"population","fertility","35-39","births per 1000",44
"39020",2015,"population","fertility","35-39","births per 1000",60.2
"39020",2020,"population","fertility","35-39","births per 1000",48.2
"39310",2010,"population","fertility","35-39","births per 1000",NA
"39310",2015,"population","fertility","35-39","births per 1000",NA
"39310",2020,"population","fertility","35-39","births per 1000",NA
"39320",2010,"population","fertility","35-39","births per 1000",NA
"39320",2015,"population","fertility","35-39","births per 1000",NA
"39320",2020,"population","fertility","35-39","births per 1000",NA
"23090",2020,"population","fertility","35-39","births per 1000",37.5
"11010",2010,"population","fertility","40-44","births per 1000",5.2
"11010",2015,"population","fertility","40-44","births per 1000",4.9
"11010",2020,"population","fertility","40-44","births per 1000",6
"11020",2010,"population","fertility","40-44","births per 1000",5.7
"11020",2015,"population","fertility","40-44","births per 1000",7.7
"11020",2020,"population","fertility","40-44","births per 1000",8.3
"11030",2010,"population","fertility","40-44","births per 1000",6.6
"11030",2015,"population","fertility","40-44","births per 1000",7.8
"11030",2020,"population","fertility","40-44","births per 1000",11.5
"11040",2010,"population","fertility","40-44","births per 1000",4.4
"11040",2015,"population","fertility","40-44","births per 1000",7.7
"11040",2020,"population","fertility","40-44","births per 1000",7.7
"11050",2010,"population","fertility","40-44","births per 1000",5.1
"11050",2015,"population","fertility","40-44","births per 1000",6.2
"11050",2020,"population","fertility","40-44","births per 1000",7.1
"11060",2010,"population","fertility","40-44","births per 1000",4.3
"11060",2015,"population","fertility","40-44","births per 1000",6.5
"11060",2020,"population","fertility","40-44","births per 1000",8.5
"11070",2010,"population","fertility","40-44","births per 1000",4.2
"11070",2015,"population","fertility","40-44","births per 1000",6.7
"11070",2020,"population","fertility","40-44","births per 1000",7
"11080",2010,"population","fertility","40-44","births per 1000",4.8
"11080",2015,"population","fertility","40-44","births per 1000",6.3
"11080",2020,"population","fertility","40-44","births per 1000",7.6
"11090",2010,"population","fertility","40-44","births per 1000",4.2
"11090",2015,"population","fertility","40-44","births per 1000",6.3
"11090",2020,"population","fertility","40-44","births per 1000",6.8
"11100",2010,"population","fertility","40-44","births per 1000",3.9
"11100",2015,"population","fertility","40-44","births per 1000",4.9
"11100",2020,"population","fertility","40-44","births per 1000",6.3
"11110",2010,"population","fertility","40-44","births per 1000",4
"11110",2015,"population","fertility","40-44","births per 1000",4.6
"11110",2020,"population","fertility","40-44","births per 1000",6.2
"11120",2010,"population","fertility","40-44","births per 1000",4
"11120",2015,"population","fertility","40-44","births per 1000",5.8
"11120",2020,"population","fertility","40-44","births per 1000",8
"11130",2010,"population","fertility","40-44","births per 1000",6
"11130",2015,"population","fertility","40-44","births per 1000",7
"11130",2020,"population","fertility","40-44","births per 1000",7.3
"11140",2010,"population","fertility","40-44","births per 1000",5.4
"11140",2015,"population","fertility","40-44","births per 1000",6.8
"11140",2020,"population","fertility","40-44","births per 1000",7.9
"11150",2010,"population","fertility","40-44","births per 1000",3.1
"11150",2015,"population","fertility","40-44","births per 1000",4.3
"11150",2020,"population","fertility","40-44","births per 1000",5.6
"11160",2010,"population","fertility","40-44","births per 1000",4.4
"11160",2015,"population","fertility","40-44","births per 1000",5.5
"11160",2020,"population","fertility","40-44","births per 1000",7.7
"11170",2010,"population","fertility","40-44","births per 1000",4.9
"11170",2015,"population","fertility","40-44","births per 1000",6.6
"11170",2020,"population","fertility","40-44","births per 1000",9.4
"11180",2010,"population","fertility","40-44","births per 1000",4.6
"11180",2015,"population","fertility","40-44","births per 1000",4.9
"11180",2020,"population","fertility","40-44","births per 1000",7.2
"11190",2010,"population","fertility","40-44","births per 1000",4.8
"11190",2015,"population","fertility","40-44","births per 1000",6.1
"11190",2020,"population","fertility","40-44","births per 1000",10.1
"11200",2010,"population","fertility","40-44","births per 1000",4.4
"11200",2015,"population","fertility","40-44","births per 1000",6.5
"11200",2020,"population","fertility","40-44","births per 1000",8.3
"11210",2010,"population","fertility","40-44","births per 1000",5.6
"11210",2015,"population","fertility","40-44","births per 1000",6.2
"11210",2020,"population","fertility","40-44","births per 1000",7.8
"11220",2010,"population","fertility","40-44","births per 1000",6.3
"11220",2015,"population","fertility","40-44","births per 1000",6.7
"11220",2020,"population","fertility","40-44","births per 1000",8.3
"11230",2010,"population","fertility","40-44","births per 1000",4
"11230",2015,"population","fertility","40-44","births per 1000",6.6
"11230",2020,"population","fertility","40-44","births per 1000",7.1
"11240",2010,"population","fertility","40-44","births per 1000",4.1
"11240",2015,"population","fertility","40-44","births per 1000",5.1
"11240",2020,"population","fertility","40-44","births per 1000",8.2
"11250",2010,"population","fertility","40-44","births per 1000",4.1
"11250",2015,"population","fertility","40-44","births per 1000",5.3
"11250",2020,"population","fertility","40-44","births per 1000",8
"21010",2010,"population","fertility","40-44","births per 1000",6.2
"21010",2015,"population","fertility","40-44","births per 1000",10.7
"21010",2020,"population","fertility","40-44","births per 1000",9.5
"21020",2010,"population","fertility","40-44","births per 1000",3.8
"21020",2015,"population","fertility","40-44","births per 1000",5.3
"21020",2020,"population","fertility","40-44","births per 1000",4.2
"21030",2010,"population","fertility","40-44","births per 1000",4.7
"21030",2015,"population","fertility","40-44","births per 1000",7.6
"21030",2020,"population","fertility","40-44","births per 1000",6.3
"21040",2010,"population","fertility","40-44","births per 1000",3.1
"21040",2015,"population","fertility","40-44","births per 1000",4.6
"21040",2020,"population","fertility","40-44","births per 1000",5.6
"21050",2010,"population","fertility","40-44","births per 1000",3.6
"21050",2015,"population","fertility","40-44","births per 1000",6
"21050",2020,"population","fertility","40-44","births per 1000",6.5
"21060",2010,"population","fertility","40-44","births per 1000",4
"21060",2015,"population","fertility","40-44","births per 1000",5.6
"21060",2020,"population","fertility","40-44","births per 1000",5.7
"21070",2010,"population","fertility","40-44","births per 1000",4.5
"21070",2015,"population","fertility","40-44","births per 1000",5.7
"21070",2020,"population","fertility","40-44","births per 1000",5.2
"21080",2010,"population","fertility","40-44","births per 1000",2.1
"21080",2015,"population","fertility","40-44","births per 1000",5
"21080",2020,"population","fertility","40-44","births per 1000",7.5
"21090",2010,"population","fertility","40-44","births per 1000",4
"21090",2015,"population","fertility","40-44","births per 1000",4.8
"21090",2020,"population","fertility","40-44","births per 1000",6.7
"21100",2010,"population","fertility","40-44","births per 1000",3.5
"21100",2015,"population","fertility","40-44","births per 1000",4.7
"21100",2020,"population","fertility","40-44","births per 1000",5.4
"21110",2010,"population","fertility","40-44","births per 1000",2.5
"21110",2015,"population","fertility","40-44","births per 1000",5.7
"21110",2020,"population","fertility","40-44","births per 1000",6.3
"21120",2010,"population","fertility","40-44","births per 1000",2.6
"21120",2015,"population","fertility","40-44","births per 1000",10.4
"21120",2020,"population","fertility","40-44","births per 1000",10.9
"21130",2010,"population","fertility","40-44","births per 1000",3.3
"21130",2015,"population","fertility","40-44","births per 1000",5.3
"21130",2020,"population","fertility","40-44","births per 1000",7.1
"21140",2010,"population","fertility","40-44","births per 1000",3.5
"21140",2015,"population","fertility","40-44","births per 1000",7.5
"21140",2020,"population","fertility","40-44","births per 1000",6.9
"21150",2010,"population","fertility","40-44","births per 1000",3.2
"21150",2015,"population","fertility","40-44","births per 1000",5.9
"21150",2020,"population","fertility","40-44","births per 1000",5.3
"21310",2010,"population","fertility","40-44","births per 1000",3.9
"21310",2015,"population","fertility","40-44","births per 1000",7.6
"21310",2020,"population","fertility","40-44","births per 1000",8.5
"22010",2010,"population","fertility","40-44","births per 1000",3.1
"22010",2015,"population","fertility","40-44","births per 1000",6.7
"22010",2020,"population","fertility","40-44","births per 1000",10
"22020",2010,"population","fertility","40-44","births per 1000",4
"22020",2015,"population","fertility","40-44","births per 1000",5.6
"22020",2020,"population","fertility","40-44","births per 1000",7.1
"22030",2010,"population","fertility","40-44","births per 1000",2.2
"22030",2015,"population","fertility","40-44","births per 1000",3.8
"22030",2020,"population","fertility","40-44","births per 1000",4.3
"22040",2010,"population","fertility","40-44","births per 1000",5.5
"22040",2015,"population","fertility","40-44","births per 1000",5.8
"22040",2020,"population","fertility","40-44","births per 1000",6.7
"22050",2010,"population","fertility","40-44","births per 1000",3.5
"22050",2015,"population","fertility","40-44","births per 1000",4.3
"22050",2020,"population","fertility","40-44","births per 1000",6.2
"22060",2010,"population","fertility","40-44","births per 1000",2.5
"22060",2015,"population","fertility","40-44","births per 1000",4.3
"22060",2020,"population","fertility","40-44","births per 1000",4.8
"22070",2010,"population","fertility","40-44","births per 1000",2.7
"22070",2015,"population","fertility","40-44","births per 1000",4.6
"22070",2020,"population","fertility","40-44","births per 1000",4.4
"22310",2010,"population","fertility","40-44","births per 1000",4.7
"22310",2015,"population","fertility","40-44","births per 1000",6.3
"22310",2020,"population","fertility","40-44","births per 1000",7.8
"23010",2010,"population","fertility","40-44","births per 1000",5.5
"23010",2015,"population","fertility","40-44","births per 1000",7.9
"23010",2020,"population","fertility","40-44","births per 1000",7.7
"23020",2010,"population","fertility","40-44","births per 1000",4.1
"23020",2015,"population","fertility","40-44","births per 1000",6.9
"23020",2020,"population","fertility","40-44","births per 1000",2.4
"23030",2010,"population","fertility","40-44","births per 1000",4.2
"23030",2015,"population","fertility","40-44","births per 1000",4.8
"23030",2020,"population","fertility","40-44","births per 1000",NA
"23040",2010,"population","fertility","40-44","births per 1000",3.7
"23040",2015,"population","fertility","40-44","births per 1000",4.3
"23040",2020,"population","fertility","40-44","births per 1000",7.9
"23050",2010,"population","fertility","40-44","births per 1000",3.6
"23050",2015,"population","fertility","40-44","births per 1000",6.2
"23050",2020,"population","fertility","40-44","births per 1000",7.3
"23060",2010,"population","fertility","40-44","births per 1000",3.5
"23060",2015,"population","fertility","40-44","births per 1000",6.1
"23060",2020,"population","fertility","40-44","births per 1000",5
"23070",2010,"population","fertility","40-44","births per 1000",3.4
"23070",2015,"population","fertility","40-44","births per 1000",4.5
"23070",2020,"population","fertility","40-44","births per 1000",4.8
"23080",2010,"population","fertility","40-44","births per 1000",4
"23080",2015,"population","fertility","40-44","births per 1000",6.4
"23080",2020,"population","fertility","40-44","births per 1000",7.5
"23310",2010,"population","fertility","40-44","births per 1000",9.2
"23310",2015,"population","fertility","40-44","births per 1000",5
"23310",2020,"population","fertility","40-44","births per 1000",10.1
"23320",2010,"population","fertility","40-44","births per 1000",8.5
"23320",2015,"population","fertility","40-44","births per 1000",2.2
"23320",2020,"population","fertility","40-44","births per 1000",4.7
"24010",2010,"population","fertility","40-44","births per 1000",5.2
"24010",2015,"population","fertility","40-44","births per 1000",6.8
"24010",2020,"population","fertility","40-44","births per 1000",4.7
"24020",2010,"population","fertility","40-44","births per 1000",4.1
"24020",2015,"population","fertility","40-44","births per 1000",5.4
"24020",2020,"population","fertility","40-44","births per 1000",6.3
"24030",2010,"population","fertility","40-44","births per 1000",4
"24030",2015,"population","fertility","40-44","births per 1000",6.2
"24030",2020,"population","fertility","40-44","births per 1000",6.1
"24040",2010,"population","fertility","40-44","births per 1000",3.7
"24040",2015,"population","fertility","40-44","births per 1000",5.6
"24040",2020,"population","fertility","40-44","births per 1000",7.2
"24050",2010,"population","fertility","40-44","births per 1000",4
"24050",2015,"population","fertility","40-44","births per 1000",5.2
"24050",2020,"population","fertility","40-44","births per 1000",7
"25010",2010,"population","fertility","40-44","births per 1000",3.1
"25010",2015,"population","fertility","40-44","births per 1000",5
"25010",2020,"population","fertility","40-44","births per 1000",7.7
"25020",2010,"population","fertility","40-44","births per 1000",2.8
"25020",2015,"population","fertility","40-44","births per 1000",4.9
"25020",2020,"population","fertility","40-44","births per 1000",5.5
"25030",2010,"population","fertility","40-44","births per 1000",3.5
"25030",2015,"population","fertility","40-44","births per 1000",4.4
"25030",2020,"population","fertility","40-44","births per 1000",6.5
"25040",2010,"population","fertility","40-44","births per 1000",3.3
"25040",2015,"population","fertility","40-44","births per 1000",5.8
"25040",2020,"population","fertility","40-44","births per 1000",6.2
"25050",2010,"population","fertility","40-44","births per 1000",5.1
"25050",2015,"population","fertility","40-44","births per 1000",5.2
"25050",2020,"population","fertility","40-44","births per 1000",6.6
"26010",2010,"population","fertility","40-44","births per 1000",2.7
"26010",2015,"population","fertility","40-44","births per 1000",4.5
"26010",2020,"population","fertility","40-44","births per 1000",4.1
"26020",2010,"population","fertility","40-44","births per 1000",2.1
"26020",2015,"population","fertility","40-44","births per 1000",3.4
"26020",2020,"population","fertility","40-44","births per 1000",6.6
"26030",2010,"population","fertility","40-44","births per 1000",3.8
"26030",2015,"population","fertility","40-44","births per 1000",4.8
"26030",2020,"population","fertility","40-44","births per 1000",7.3
"26040",2010,"population","fertility","40-44","births per 1000",3.2
"26040",2015,"population","fertility","40-44","births per 1000",5.9
"26040",2020,"population","fertility","40-44","births per 1000",5.9
"26310",2010,"population","fertility","40-44","births per 1000",3.4
"26310",2015,"population","fertility","40-44","births per 1000",5.7
"26310",2020,"population","fertility","40-44","births per 1000",5.9
"29010",2010,"population","fertility","40-44","births per 1000",NA
"29010",2015,"population","fertility","40-44","births per 1000",6.3
"29010",2020,"population","fertility","40-44","births per 1000",7.7
"31010",2010,"population","fertility","40-44","births per 1000",3
"31010",2015,"population","fertility","40-44","births per 1000",5
"31010",2020,"population","fertility","40-44","births per 1000",6.3
"31011",2010,"population","fertility","40-44","births per 1000",3.3
"31011",2015,"population","fertility","40-44","births per 1000",4.9
"31011",2020,"population","fertility","40-44","births per 1000",4.6
"31012",2010,"population","fertility","40-44","births per 1000",2
"31012",2015,"population","fertility","40-44","births per 1000",5.5
"31012",2020,"population","fertility","40-44","births per 1000",7.5
"31013",2010,"population","fertility","40-44","births per 1000",3.9
"31013",2015,"population","fertility","40-44","births per 1000",4
"31013",2020,"population","fertility","40-44","births per 1000",5.3
"31014",2010,"population","fertility","40-44","births per 1000",3.1
"31014",2015,"population","fertility","40-44","births per 1000",5.2
"31014",2020,"population","fertility","40-44","births per 1000",6.7
"31020",2010,"population","fertility","40-44","births per 1000",3.9
"31020",2015,"population","fertility","40-44","births per 1000",5.3
"31020",2020,"population","fertility","40-44","births per 1000",7.6
"31021",2010,"population","fertility","40-44","births per 1000",5.3
"31021",2015,"population","fertility","40-44","births per 1000",5.8
"31021",2020,"population","fertility","40-44","births per 1000",9
"31022",2010,"population","fertility","40-44","births per 1000",4.4
"31022",2015,"population","fertility","40-44","births per 1000",5.1
"31022",2020,"population","fertility","40-44","births per 1000",8.7
"31023",2010,"population","fertility","40-44","births per 1000",3.2
"31023",2015,"population","fertility","40-44","births per 1000",5.2
"31023",2020,"population","fertility","40-44","births per 1000",6.7
"31030",2010,"population","fertility","40-44","births per 1000",4.3
"31030",2015,"population","fertility","40-44","births per 1000",4.9
"31030",2020,"population","fertility","40-44","births per 1000",7.5
"31040",2010,"population","fertility","40-44","births per 1000",2.5
"31040",2015,"population","fertility","40-44","births per 1000",5.4
"31040",2020,"population","fertility","40-44","births per 1000",8
"31041",2010,"population","fertility","40-44","births per 1000",3
"31041",2015,"population","fertility","40-44","births per 1000",6.3
"31041",2020,"population","fertility","40-44","births per 1000",8.7
"31042",2010,"population","fertility","40-44","births per 1000",2.2
"31042",2015,"population","fertility","40-44","births per 1000",4.9
"31042",2020,"population","fertility","40-44","births per 1000",7.5
"31050",2010,"population","fertility","40-44","births per 1000",3.4
"31050",2015,"population","fertility","40-44","births per 1000",4.8
"31050",2020,"population","fertility","40-44","births per 1000",7.5
"31051",2010,"population","fertility","40-44","births per 1000",3.1
"31051",2015,"population","fertility","40-44","births per 1000",4.8
"31051",2020,"population","fertility","40-44","births per 1000",NA
"31052",2010,"population","fertility","40-44","births per 1000",3.9
"31052",2015,"population","fertility","40-44","births per 1000",5
"31052",2020,"population","fertility","40-44","births per 1000",NA
"31053",2010,"population","fertility","40-44","births per 1000",3.5
"31053",2015,"population","fertility","40-44","births per 1000",4.7
"31053",2020,"population","fertility","40-44","births per 1000",NA
"31060",2010,"population","fertility","40-44","births per 1000",3.9
"31060",2015,"population","fertility","40-44","births per 1000",5.5
"31060",2020,"population","fertility","40-44","births per 1000",5.9
"31070",2010,"population","fertility","40-44","births per 1000",3.4
"31070",2015,"population","fertility","40-44","births per 1000",5.1
"31070",2020,"population","fertility","40-44","births per 1000",8
"31080",2010,"population","fertility","40-44","births per 1000",3.7
"31080",2015,"population","fertility","40-44","births per 1000",5.7
"31080",2020,"population","fertility","40-44","births per 1000",7.5
"31090",2010,"population","fertility","40-44","births per 1000",4.1
"31090",2015,"population","fertility","40-44","births per 1000",5.2
"31090",2020,"population","fertility","40-44","births per 1000",6.8
"31091",2010,"population","fertility","40-44","births per 1000",4.5
"31091",2015,"population","fertility","40-44","births per 1000",5.7
"31091",2020,"population","fertility","40-44","births per 1000",6.7
"31092",2010,"population","fertility","40-44","births per 1000",3.6
"31092",2015,"population","fertility","40-44","births per 1000",4.6
"31092",2020,"population","fertility","40-44","births per 1000",7
"31100",2010,"population","fertility","40-44","births per 1000",4
"31100",2015,"population","fertility","40-44","births per 1000",5.9
"31100",2020,"population","fertility","40-44","births per 1000",7.3
"31101",2010,"population","fertility","40-44","births per 1000",4.4
"31101",2015,"population","fertility","40-44","births per 1000",6.3
"31101",2020,"population","fertility","40-44","births per 1000",7.8
"31102",2010,"population","fertility","40-44","births per 1000",NA
"31102",2015,"population","fertility","40-44","births per 1000",NA
"31102",2020,"population","fertility","40-44","births per 1000",NA
"31103",2010,"population","fertility","40-44","births per 1000",3.4
"31103",2015,"population","fertility","40-44","births per 1000",6.7
"31103",2020,"population","fertility","40-44","births per 1000",7
"31104",2010,"population","fertility","40-44","births per 1000",4
"31104",2015,"population","fertility","40-44","births per 1000",4.6
"31104",2020,"population","fertility","40-44","births per 1000",6.9
"31110",2010,"population","fertility","40-44","births per 1000",6.4
"31110",2015,"population","fertility","40-44","births per 1000",6.1
"31110",2020,"population","fertility","40-44","births per 1000",13.2
"31120",2010,"population","fertility","40-44","births per 1000",4.7
"31120",2015,"population","fertility","40-44","births per 1000",5.1
"31120",2020,"population","fertility","40-44","births per 1000",6.7
"31130",2010,"population","fertility","40-44","births per 1000",5.9
"31130",2015,"population","fertility","40-44","births per 1000",5.5
"31130",2020,"population","fertility","40-44","births per 1000",7.9
"31140",2010,"population","fertility","40-44","births per 1000",5.9
"31140",2015,"population","fertility","40-44","births per 1000",6
"31140",2020,"population","fertility","40-44","births per 1000",5.8
"31150",2010,"population","fertility","40-44","births per 1000",4.5
"31150",2015,"population","fertility","40-44","births per 1000",5.8
"31150",2020,"population","fertility","40-44","births per 1000",8.4
"31160",2010,"population","fertility","40-44","births per 1000",4
"31160",2015,"population","fertility","40-44","births per 1000",6.5
"31160",2020,"population","fertility","40-44","births per 1000",7.1
"31170",2010,"population","fertility","40-44","births per 1000",3.3
"31170",2015,"population","fertility","40-44","births per 1000",7.6
"31170",2020,"population","fertility","40-44","births per 1000",8.5
"31180",2010,"population","fertility","40-44","births per 1000",5
"31180",2015,"population","fertility","40-44","births per 1000",4.8
"31180",2020,"population","fertility","40-44","births per 1000",10
"31190",2010,"population","fertility","40-44","births per 1000",4.4
"31190",2015,"population","fertility","40-44","births per 1000",6.8
"31190",2020,"population","fertility","40-44","births per 1000",6.8
"31191",2010,"population","fertility","40-44","births per 1000",4.7
"31191",2015,"population","fertility","40-44","births per 1000",7.4
"31191",2020,"population","fertility","40-44","births per 1000",8
"31192",2010,"population","fertility","40-44","births per 1000",5.2
"31192",2015,"population","fertility","40-44","births per 1000",6.9
"31192",2020,"population","fertility","40-44","births per 1000",7.3
"31193",2010,"population","fertility","40-44","births per 1000",3.5
"31193",2015,"population","fertility","40-44","births per 1000",6.3
"31193",2020,"population","fertility","40-44","births per 1000",5.5
"31200",2010,"population","fertility","40-44","births per 1000",6.4
"31200",2015,"population","fertility","40-44","births per 1000",5.7
"31200",2020,"population","fertility","40-44","births per 1000",6.7
"31210",2010,"population","fertility","40-44","births per 1000",5.2
"31210",2015,"population","fertility","40-44","births per 1000",4.1
"31210",2020,"population","fertility","40-44","births per 1000",6.3
"31220",2010,"population","fertility","40-44","births per 1000",5.3
"31220",2015,"population","fertility","40-44","births per 1000",4.8
"31220",2020,"population","fertility","40-44","births per 1000",8.5
"31230",2010,"population","fertility","40-44","births per 1000",4.8
"31230",2015,"population","fertility","40-44","births per 1000",8
"31230",2020,"population","fertility","40-44","births per 1000",8.5
"31240",2010,"population","fertility","40-44","births per 1000",4.7
"31240",2015,"population","fertility","40-44","births per 1000",5.2
"31240",2020,"population","fertility","40-44","births per 1000",7.3
"31250",2010,"population","fertility","40-44","births per 1000",5.5
"31250",2015,"population","fertility","40-44","births per 1000",8.2
"31250",2020,"population","fertility","40-44","births per 1000",8.4
"31260",2010,"population","fertility","40-44","births per 1000",5.9
"31260",2015,"population","fertility","40-44","births per 1000",6
"31260",2020,"population","fertility","40-44","births per 1000",9.1
"31270",2010,"population","fertility","40-44","births per 1000",4.3
"31270",2015,"population","fertility","40-44","births per 1000",6
"31270",2020,"population","fertility","40-44","births per 1000",7.8
"31280",2010,"population","fertility","40-44","births per 1000",NA
"31280",2015,"population","fertility","40-44","births per 1000",5.6
"31280",2020,"population","fertility","40-44","births per 1000",9.2
"31310",2010,"population","fertility","40-44","births per 1000",NA
"31310",2015,"population","fertility","40-44","births per 1000",NA
"31310",2020,"population","fertility","40-44","births per 1000",NA
"31320",2010,"population","fertility","40-44","births per 1000",5.7
"31320",2015,"population","fertility","40-44","births per 1000",NA
"31320",2020,"population","fertility","40-44","births per 1000",NA
"31330",2010,"population","fertility","40-44","births per 1000",NA
"31330",2015,"population","fertility","40-44","births per 1000",NA
"31330",2020,"population","fertility","40-44","births per 1000",NA
"31340",2010,"population","fertility","40-44","births per 1000",NA
"31340",2015,"population","fertility","40-44","births per 1000",NA
"31340",2020,"population","fertility","40-44","births per 1000",NA
"31350",2010,"population","fertility","40-44","births per 1000",7.4
"31350",2015,"population","fertility","40-44","births per 1000",10.2
"31350",2020,"population","fertility","40-44","births per 1000",6
"31360",2010,"population","fertility","40-44","births per 1000",NA
"31360",2015,"population","fertility","40-44","births per 1000",NA
"31360",2020,"population","fertility","40-44","births per 1000",NA
"31370",2010,"population","fertility","40-44","births per 1000",7.5
"31370",2015,"population","fertility","40-44","births per 1000",6.9
"31370",2020,"population","fertility","40-44","births per 1000",12.8
"31380",2010,"population","fertility","40-44","births per 1000",4.9
"31380",2015,"population","fertility","40-44","births per 1000",7.8
"31380",2020,"population","fertility","40-44","births per 1000",11.9
"32010",2010,"population","fertility","40-44","births per 1000",4.2
"32010",2015,"population","fertility","40-44","births per 1000",4.9
"32010",2020,"population","fertility","40-44","births per 1000",7.5
"32020",2010,"population","fertility","40-44","births per 1000",4.8
"32020",2015,"population","fertility","40-44","births per 1000",5.7
"32020",2020,"population","fertility","40-44","births per 1000",7.5
"32030",2010,"population","fertility","40-44","births per 1000",2.6
"32030",2015,"population","fertility","40-44","births per 1000",5.9
"32030",2020,"population","fertility","40-44","births per 1000",7.1
"32040",2010,"population","fertility","40-44","births per 1000",4.8
"32040",2015,"population","fertility","40-44","births per 1000",5
"32040",2020,"population","fertility","40-44","births per 1000",5.3
"32050",2010,"population","fertility","40-44","births per 1000",6.8
"32050",2015,"population","fertility","40-44","births per 1000",3
"32050",2020,"population","fertility","40-44","births per 1000",6.3
"32060",2010,"population","fertility","40-44","births per 1000",1.8
"32060",2015,"population","fertility","40-44","births per 1000",4.3
"32060",2020,"population","fertility","40-44","births per 1000",6.1
"32070",2010,"population","fertility","40-44","births per 1000",5
"32070",2015,"population","fertility","40-44","births per 1000",4.6
"32070",2020,"population","fertility","40-44","births per 1000",11.5
"32310",2010,"population","fertility","40-44","births per 1000",4.1
"32310",2015,"population","fertility","40-44","births per 1000",4.7
"32310",2020,"population","fertility","40-44","births per 1000",8
"32320",2010,"population","fertility","40-44","births per 1000",4.8
"32320",2015,"population","fertility","40-44","births per 1000",9.6
"32320",2020,"population","fertility","40-44","births per 1000",7.3
"32330",2010,"population","fertility","40-44","births per 1000",3.9
"32330",2015,"population","fertility","40-44","births per 1000",3.4
"32330",2020,"population","fertility","40-44","births per 1000",5.7
"32340",2010,"population","fertility","40-44","births per 1000",8
"32340",2015,"population","fertility","40-44","births per 1000",7.3
"32340",2020,"population","fertility","40-44","births per 1000",4.8
"32350",2010,"population","fertility","40-44","births per 1000",5.7
"32350",2015,"population","fertility","40-44","births per 1000",4.7
"32350",2020,"population","fertility","40-44","births per 1000",10.5
"32360",2010,"population","fertility","40-44","births per 1000",6.6
"32360",2015,"population","fertility","40-44","births per 1000",10.3
"32360",2020,"population","fertility","40-44","births per 1000",12.9
"32370",2010,"population","fertility","40-44","births per 1000",8.6
"32370",2015,"population","fertility","40-44","births per 1000",8.3
"32370",2020,"population","fertility","40-44","births per 1000",0
"32380",2010,"population","fertility","40-44","births per 1000",7.1
"32380",2015,"population","fertility","40-44","births per 1000",7.2
"32380",2020,"population","fertility","40-44","births per 1000",0
"32390",2010,"population","fertility","40-44","births per 1000",5.1
"32390",2015,"population","fertility","40-44","births per 1000",7.4
"32390",2020,"population","fertility","40-44","births per 1000",5.8
"32400",2010,"population","fertility","40-44","births per 1000",7.8
"32400",2015,"population","fertility","40-44","births per 1000",11.6
"32400",2020,"population","fertility","40-44","births per 1000",5.4
"32410",2010,"population","fertility","40-44","births per 1000",2.3
"32410",2015,"population","fertility","40-44","births per 1000",0
"32410",2020,"population","fertility","40-44","births per 1000",9.9
"33010",2010,"population","fertility","40-44","births per 1000",3.7
"33010",2015,"population","fertility","40-44","births per 1000",NA
"33010",2020,"population","fertility","40-44","births per 1000",NA
"33011",2010,"population","fertility","40-44","births per 1000",3.4
"33011",2015,"population","fertility","40-44","births per 1000",NA
"33011",2020,"population","fertility","40-44","births per 1000",NA
"33012",2010,"population","fertility","40-44","births per 1000",3.8
"33012",2015,"population","fertility","40-44","births per 1000",NA
"33012",2020,"population","fertility","40-44","births per 1000",NA
"33020",2010,"population","fertility","40-44","births per 1000",3.4
"33020",2015,"population","fertility","40-44","births per 1000",5.5
"33020",2020,"population","fertility","40-44","births per 1000",5.7
"33030",2010,"population","fertility","40-44","births per 1000",5.2
"33030",2015,"population","fertility","40-44","births per 1000",6.7
"33030",2020,"population","fertility","40-44","births per 1000",6.3
"33040",2010,"population","fertility","40-44","births per 1000",NA
"33040",2015,"population","fertility","40-44","births per 1000",5.4
"33040",2020,"population","fertility","40-44","births per 1000",5.7
"33041",2010,"population","fertility","40-44","births per 1000",NA
"33041",2015,"population","fertility","40-44","births per 1000",4.9
"33041",2020,"population","fertility","40-44","births per 1000",5.6
"33042",2010,"population","fertility","40-44","births per 1000",NA
"33042",2015,"population","fertility","40-44","births per 1000",4.5
"33042",2020,"population","fertility","40-44","births per 1000",4.6
"33043",2010,"population","fertility","40-44","births per 1000",NA
"33043",2015,"population","fertility","40-44","births per 1000",5.6
"33043",2020,"population","fertility","40-44","births per 1000",6.5
"33044",2010,"population","fertility","40-44","births per 1000",NA
"33044",2015,"population","fertility","40-44","births per 1000",6.6
"33044",2020,"population","fertility","40-44","births per 1000",6
"33310",2010,"population","fertility","40-44","births per 1000",6.3
"33310",2015,"population","fertility","40-44","births per 1000",NA
"33310",2020,"population","fertility","40-44","births per 1000",NA
"33320",2010,"population","fertility","40-44","births per 1000",8.1
"33320",2015,"population","fertility","40-44","births per 1000",8.4
"33320",2020,"population","fertility","40-44","births per 1000",8.3
"33330",2010,"population","fertility","40-44","births per 1000",6.3
"33330",2015,"population","fertility","40-44","births per 1000",4.6
"33330",2020,"population","fertility","40-44","births per 1000",7.1
"33340",2010,"population","fertility","40-44","births per 1000",7
"33340",2015,"population","fertility","40-44","births per 1000",5.7
"33340",2020,"population","fertility","40-44","births per 1000",3.8
"33350",2010,"population","fertility","40-44","births per 1000",5.6
"33350",2015,"population","fertility","40-44","births per 1000",5.9
"33350",2020,"population","fertility","40-44","births per 1000",7.3
"33360",2010,"population","fertility","40-44","births per 1000",9.1
"33360",2015,"population","fertility","40-44","births per 1000",2.4
"33360",2020,"population","fertility","40-44","births per 1000",6.8
"33370",2010,"population","fertility","40-44","births per 1000",4.5
"33370",2015,"population","fertility","40-44","births per 1000",4.2
"33370",2020,"population","fertility","40-44","births per 1000",8
"33380",2010,"population","fertility","40-44","births per 1000",2.9
"33380",2015,"population","fertility","40-44","births per 1000",2.3
"33380",2020,"population","fertility","40-44","births per 1000",15.1
"33390",2010,"population","fertility","40-44","births per 1000",5.4
"33390",2015,"population","fertility","40-44","births per 1000",7.6
"33390",2020,"population","fertility","40-44","births per 1000",4.8
"34010",2010,"population","fertility","40-44","births per 1000",3.4
"34010",2015,"population","fertility","40-44","births per 1000",4.6
"34010",2020,"population","fertility","40-44","births per 1000",6.6
"34011",2010,"population","fertility","40-44","births per 1000",3.1
"34011",2015,"population","fertility","40-44","births per 1000",5.2
"34011",2020,"population","fertility","40-44","births per 1000",7.1
"34012",2010,"population","fertility","40-44","births per 1000",3.6
"34012",2015,"population","fertility","40-44","births per 1000",4.2
"34012",2020,"population","fertility","40-44","births per 1000",6.3
"34020",2010,"population","fertility","40-44","births per 1000",4.6
"34020",2015,"population","fertility","40-44","births per 1000",4.9
"34020",2020,"population","fertility","40-44","births per 1000",6.8
"34030",2010,"population","fertility","40-44","births per 1000",2.5
"34030",2015,"population","fertility","40-44","births per 1000",5.7
"34030",2020,"population","fertility","40-44","births per 1000",10.7
"34040",2010,"population","fertility","40-44","births per 1000",4.7
"34040",2015,"population","fertility","40-44","births per 1000",5.6
"34040",2020,"population","fertility","40-44","births per 1000",6.7
"34050",2010,"population","fertility","40-44","births per 1000",5.4
"34050",2015,"population","fertility","40-44","births per 1000",6.2
"34050",2020,"population","fertility","40-44","births per 1000",5.6
"34060",2010,"population","fertility","40-44","births per 1000",5.1
"34060",2015,"population","fertility","40-44","births per 1000",5.7
"34060",2020,"population","fertility","40-44","births per 1000",7.2
"34070",2010,"population","fertility","40-44","births per 1000",3.8
"34070",2015,"population","fertility","40-44","births per 1000",5.2
"34070",2020,"population","fertility","40-44","births per 1000",7.1
"34080",2010,"population","fertility","40-44","births per 1000",NA
"34080",2015,"population","fertility","40-44","births per 1000",7.7
"34080",2020,"population","fertility","40-44","births per 1000",7.6
"34310",2010,"population","fertility","40-44","births per 1000",4.8
"34310",2015,"population","fertility","40-44","births per 1000",3.3
"34310",2020,"population","fertility","40-44","births per 1000",9.7
"34320",2010,"population","fertility","40-44","births per 1000",3.8
"34320",2015,"population","fertility","40-44","births per 1000",NA
"34320",2020,"population","fertility","40-44","births per 1000",NA
"34330",2010,"population","fertility","40-44","births per 1000",5.1
"34330",2015,"population","fertility","40-44","births per 1000",7.9
"34330",2020,"population","fertility","40-44","births per 1000",7.1
"34340",2010,"population","fertility","40-44","births per 1000",7.2
"34340",2015,"population","fertility","40-44","births per 1000",5.3
"34340",2020,"population","fertility","40-44","births per 1000",6.3
"34350",2010,"population","fertility","40-44","births per 1000",6.1
"34350",2015,"population","fertility","40-44","births per 1000",5.3
"34350",2020,"population","fertility","40-44","births per 1000",10.8
"34360",2010,"population","fertility","40-44","births per 1000",6.8
"34360",2015,"population","fertility","40-44","births per 1000",5.9
"34360",2020,"population","fertility","40-44","births per 1000",10.8
"34370",2010,"population","fertility","40-44","births per 1000",3.7
"34370",2015,"population","fertility","40-44","births per 1000",3.2
"34370",2020,"population","fertility","40-44","births per 1000",7
"34380",2010,"population","fertility","40-44","births per 1000",4.7
"34380",2015,"population","fertility","40-44","births per 1000",4.6
"34380",2020,"population","fertility","40-44","births per 1000",7.4
"34390",2010,"population","fertility","40-44","births per 1000",3
"34390",2015,"population","fertility","40-44","births per 1000",NA
"34390",2020,"population","fertility","40-44","births per 1000",NA
"35010",2010,"population","fertility","40-44","births per 1000",3.3
"35010",2015,"population","fertility","40-44","births per 1000",5.3
"35010",2020,"population","fertility","40-44","births per 1000",5.7
"35011",2010,"population","fertility","40-44","births per 1000",3.4
"35011",2015,"population","fertility","40-44","births per 1000",5.1
"35011",2020,"population","fertility","40-44","births per 1000",5.6
"35012",2010,"population","fertility","40-44","births per 1000",3.1
"35012",2015,"population","fertility","40-44","births per 1000",5.6
"35012",2020,"population","fertility","40-44","births per 1000",5.9
"35020",2010,"population","fertility","40-44","births per 1000",5.5
"35020",2015,"population","fertility","40-44","births per 1000",4.8
"35020",2020,"population","fertility","40-44","births per 1000",7.4
"35030",2010,"population","fertility","40-44","births per 1000",3
"35030",2015,"population","fertility","40-44","births per 1000",4.8
"35030",2020,"population","fertility","40-44","births per 1000",7.1
"35040",2010,"population","fertility","40-44","births per 1000",4.2
"35040",2015,"population","fertility","40-44","births per 1000",7.5
"35040",2020,"population","fertility","40-44","births per 1000",7.3
"35050",2010,"population","fertility","40-44","births per 1000",3.8
"35050",2015,"population","fertility","40-44","births per 1000",8.3
"35050",2020,"population","fertility","40-44","births per 1000",7.4
"35060",2010,"population","fertility","40-44","births per 1000",5.9
"35060",2015,"population","fertility","40-44","births per 1000",5.4
"35060",2020,"population","fertility","40-44","births per 1000",8.2
"35310",2010,"population","fertility","40-44","births per 1000",6.3
"35310",2015,"population","fertility","40-44","births per 1000",8.2
"35310",2020,"population","fertility","40-44","births per 1000",7
"35320",2010,"population","fertility","40-44","births per 1000",9
"35320",2015,"population","fertility","40-44","births per 1000",6.4
"35320",2020,"population","fertility","40-44","births per 1000",16.6
"35330",2010,"population","fertility","40-44","births per 1000",6.9
"35330",2015,"population","fertility","40-44","births per 1000",3
"35330",2020,"population","fertility","40-44","births per 1000",3.6
"35340",2010,"population","fertility","40-44","births per 1000",7.9
"35340",2015,"population","fertility","40-44","births per 1000",3.4
"35340",2020,"population","fertility","40-44","births per 1000",12.8
"35350",2010,"population","fertility","40-44","births per 1000",7.7
"35350",2015,"population","fertility","40-44","births per 1000",7.6
"35350",2020,"population","fertility","40-44","births per 1000",16
"35360",2010,"population","fertility","40-44","births per 1000",6.1
"35360",2015,"population","fertility","40-44","births per 1000",11.3
"35360",2020,"population","fertility","40-44","births per 1000",9.6
"35370",2010,"population","fertility","40-44","births per 1000",4.7
"35370",2015,"population","fertility","40-44","births per 1000",5.2
"35370",2020,"population","fertility","40-44","births per 1000",11.6
"35380",2010,"population","fertility","40-44","births per 1000",4.8
"35380",2015,"population","fertility","40-44","births per 1000",7.8
"35380",2020,"population","fertility","40-44","births per 1000",7.8
"36010",2010,"population","fertility","40-44","births per 1000",3.8
"36010",2015,"population","fertility","40-44","births per 1000",4.7
"36010",2020,"population","fertility","40-44","births per 1000",5.3
"36020",2010,"population","fertility","40-44","births per 1000",3.9
"36020",2015,"population","fertility","40-44","births per 1000",5.8
"36020",2020,"population","fertility","40-44","births per 1000",6
"36030",2010,"population","fertility","40-44","births per 1000",3.5
"36030",2015,"population","fertility","40-44","births per 1000",4.6
"36030",2020,"population","fertility","40-44","births per 1000",5.2
"36040",2010,"population","fertility","40-44","births per 1000",3.9
"36040",2015,"population","fertility","40-44","births per 1000",7.8
"36040",2020,"population","fertility","40-44","births per 1000",11.7
"36060",2010,"population","fertility","40-44","births per 1000",5
"36060",2015,"population","fertility","40-44","births per 1000",4
"36060",2020,"population","fertility","40-44","births per 1000",6.7
"36310",2010,"population","fertility","40-44","births per 1000",0
"36310",2015,"population","fertility","40-44","births per 1000",9
"36310",2020,"population","fertility","40-44","births per 1000",13
"36320",2010,"population","fertility","40-44","births per 1000",5.7
"36320",2015,"population","fertility","40-44","births per 1000",7.5
"36320",2020,"population","fertility","40-44","births per 1000",5.6
"36330",2010,"population","fertility","40-44","births per 1000",9
"36330",2015,"population","fertility","40-44","births per 1000",9.6
"36330",2020,"population","fertility","40-44","births per 1000",5.1
"36350",2010,"population","fertility","40-44","births per 1000",6.9
"36350",2015,"population","fertility","40-44","births per 1000",7.2
"36350",2020,"population","fertility","40-44","births per 1000",9.4
"36360",2010,"population","fertility","40-44","births per 1000",5.7
"36360",2015,"population","fertility","40-44","births per 1000",11.1
"36360",2020,"population","fertility","40-44","births per 1000",11.1
"36370",2010,"population","fertility","40-44","births per 1000",5.4
"36370",2015,"population","fertility","40-44","births per 1000",6.8
"36370",2020,"population","fertility","40-44","births per 1000",10.5
"36380",2010,"population","fertility","40-44","births per 1000",5.2
"36380",2015,"population","fertility","40-44","births per 1000",7.8
"36380",2020,"population","fertility","40-44","births per 1000",10.4
"36390",2010,"population","fertility","40-44","births per 1000",7.4
"36390",2015,"population","fertility","40-44","births per 1000",5.1
"36390",2020,"population","fertility","40-44","births per 1000",7
"36400",2010,"population","fertility","40-44","births per 1000",5.2
"36400",2015,"population","fertility","40-44","births per 1000",12.9
"36400",2020,"population","fertility","40-44","births per 1000",10.1
"36410",2010,"population","fertility","40-44","births per 1000",12.1
"36410",2015,"population","fertility","40-44","births per 1000",6.5
"36410",2020,"population","fertility","40-44","births per 1000",7.4
"36420",2010,"population","fertility","40-44","births per 1000",6.3
"36420",2015,"population","fertility","40-44","births per 1000",7.2
"36420",2020,"population","fertility","40-44","births per 1000",8.2
"36430",2010,"population","fertility","40-44","births per 1000",1.1
"36430",2015,"population","fertility","40-44","births per 1000",3.9
"36430",2020,"population","fertility","40-44","births per 1000",11.5
"36440",2010,"population","fertility","40-44","births per 1000",8
"36440",2015,"population","fertility","40-44","births per 1000",7.6
"36440",2020,"population","fertility","40-44","births per 1000",18.2
"36450",2010,"population","fertility","40-44","births per 1000",7.1
"36450",2015,"population","fertility","40-44","births per 1000",9.5
"36450",2020,"population","fertility","40-44","births per 1000",9.5
"36460",2010,"population","fertility","40-44","births per 1000",1.4
"36460",2015,"population","fertility","40-44","births per 1000",10.3
"36460",2020,"population","fertility","40-44","births per 1000",9.3
"36470",2010,"population","fertility","40-44","births per 1000",13.2
"36470",2015,"population","fertility","40-44","births per 1000",14.3
"36470",2020,"population","fertility","40-44","births per 1000",7.4
"36480",2010,"population","fertility","40-44","births per 1000",4
"36480",2015,"population","fertility","40-44","births per 1000",9.5
"36480",2020,"population","fertility","40-44","births per 1000",10.2
"37010",2010,"population","fertility","40-44","births per 1000",3.3
"37010",2015,"population","fertility","40-44","births per 1000",4.3
"37010",2020,"population","fertility","40-44","births per 1000",6.7
"37011",2010,"population","fertility","40-44","births per 1000",3.1
"37011",2015,"population","fertility","40-44","births per 1000",4.5
"37011",2020,"population","fertility","40-44","births per 1000",6.7
"37012",2010,"population","fertility","40-44","births per 1000",3.5
"37012",2015,"population","fertility","40-44","births per 1000",4.2
"37012",2020,"population","fertility","40-44","births per 1000",6.8
"37020",2010,"population","fertility","40-44","births per 1000",4.4
"37020",2015,"population","fertility","40-44","births per 1000",5.8
"37020",2020,"population","fertility","40-44","births per 1000",6.9
"37030",2010,"population","fertility","40-44","births per 1000",4.2
"37030",2015,"population","fertility","40-44","births per 1000",5.2
"37030",2020,"population","fertility","40-44","births per 1000",6.4
"37040",2010,"population","fertility","40-44","births per 1000",3.9
"37040",2015,"population","fertility","40-44","births per 1000",5.5
"37040",2020,"population","fertility","40-44","births per 1000",5.8
"37050",2010,"population","fertility","40-44","births per 1000",2.1
"37050",2015,"population","fertility","40-44","births per 1000",4
"37050",2020,"population","fertility","40-44","births per 1000",5.7
"37060",2010,"population","fertility","40-44","births per 1000",2.9
"37060",2015,"population","fertility","40-44","births per 1000",2.4
"37060",2020,"population","fertility","40-44","births per 1000",6.3
"37070",2010,"population","fertility","40-44","births per 1000",2.9
"37070",2015,"population","fertility","40-44","births per 1000",7.4
"37070",2020,"population","fertility","40-44","births per 1000",9.4
"37080",2010,"population","fertility","40-44","births per 1000",4
"37080",2015,"population","fertility","40-44","births per 1000",6.2
"37080",2020,"population","fertility","40-44","births per 1000",9.8
"37090",2010,"population","fertility","40-44","births per 1000",6.1
"37090",2015,"population","fertility","40-44","births per 1000",8.8
"37090",2020,"population","fertility","40-44","births per 1000",11.1
"37100",2010,"population","fertility","40-44","births per 1000",4.3
"37100",2015,"population","fertility","40-44","births per 1000",5.1
"37100",2020,"population","fertility","40-44","births per 1000",6
"37310",2010,"population","fertility","40-44","births per 1000",0
"37310",2015,"population","fertility","40-44","births per 1000",6.7
"37310",2020,"population","fertility","40-44","births per 1000",10.7
"37320",2010,"population","fertility","40-44","births per 1000",3.6
"37320",2015,"population","fertility","40-44","births per 1000",4.7
"37320",2020,"population","fertility","40-44","births per 1000",13.6
"37330",2010,"population","fertility","40-44","births per 1000",5.5
"37330",2015,"population","fertility","40-44","births per 1000",5.3
"37330",2020,"population","fertility","40-44","births per 1000",4.7
"37340",2010,"population","fertility","40-44","births per 1000",4.1
"37340",2015,"population","fertility","40-44","births per 1000",2.4
"37340",2020,"population","fertility","40-44","births per 1000",13.5
"37350",2010,"population","fertility","40-44","births per 1000",3.5
"37350",2015,"population","fertility","40-44","births per 1000",6.5
"37350",2020,"population","fertility","40-44","births per 1000",9.3
"37360",2010,"population","fertility","40-44","births per 1000",2.5
"37360",2015,"population","fertility","40-44","births per 1000",3.9
"37360",2020,"population","fertility","40-44","births per 1000",3.6
"37370",2010,"population","fertility","40-44","births per 1000",3.8
"37370",2015,"population","fertility","40-44","births per 1000",3.8
"37370",2020,"population","fertility","40-44","births per 1000",7
"37380",2010,"population","fertility","40-44","births per 1000",2.2
"37380",2015,"population","fertility","40-44","births per 1000",6.8
"37380",2020,"population","fertility","40-44","births per 1000",13.7
"37390",2010,"population","fertility","40-44","births per 1000",4
"37390",2015,"population","fertility","40-44","births per 1000",5.2
"37390",2020,"population","fertility","40-44","births per 1000",4.2
"37400",2010,"population","fertility","40-44","births per 1000",3.4
"37400",2015,"population","fertility","40-44","births per 1000",3.4
"37400",2020,"population","fertility","40-44","births per 1000",10.3
"37410",2010,"population","fertility","40-44","births per 1000",5.3
"37410",2015,"population","fertility","40-44","births per 1000",5.2
"37410",2020,"population","fertility","40-44","births per 1000",10.6
"37420",2010,"population","fertility","40-44","births per 1000",7.6
"37420",2015,"population","fertility","40-44","births per 1000",4.5
"37420",2020,"population","fertility","40-44","births per 1000",7.8
"37430",2010,"population","fertility","40-44","births per 1000",3.1
"37430",2015,"population","fertility","40-44","births per 1000",14.7
"37430",2020,"population","fertility","40-44","births per 1000",13.2
"38010",2010,"population","fertility","40-44","births per 1000",NA
"38010",2015,"population","fertility","40-44","births per 1000",NA
"38010",2020,"population","fertility","40-44","births per 1000",NA
"38020",2010,"population","fertility","40-44","births per 1000",NA
"38020",2015,"population","fertility","40-44","births per 1000",NA
"38020",2020,"population","fertility","40-44","births per 1000",NA
"38021",2010,"population","fertility","40-44","births per 1000",NA
"38021",2015,"population","fertility","40-44","births per 1000",NA
"38021",2020,"population","fertility","40-44","births per 1000",NA
"38022",2010,"population","fertility","40-44","births per 1000",NA
"38022",2015,"population","fertility","40-44","births per 1000",NA
"38022",2020,"population","fertility","40-44","births per 1000",NA
"38030",2010,"population","fertility","40-44","births per 1000",3
"38030",2015,"population","fertility","40-44","births per 1000",4.3
"38030",2020,"population","fertility","40-44","births per 1000",5.6
"38040",2010,"population","fertility","40-44","births per 1000",NA
"38040",2015,"population","fertility","40-44","births per 1000",NA
"38040",2020,"population","fertility","40-44","births per 1000",NA
"38050",2010,"population","fertility","40-44","births per 1000",3.4
"38050",2015,"population","fertility","40-44","births per 1000",5.5
"38050",2020,"population","fertility","40-44","births per 1000",5.8
"38060",2010,"population","fertility","40-44","births per 1000",4.4
"38060",2015,"population","fertility","40-44","births per 1000",5.1
"38060",2020,"population","fertility","40-44","births per 1000",6.1
"38070",2010,"population","fertility","40-44","births per 1000",4
"38070",2015,"population","fertility","40-44","births per 1000",5.2
"38070",2020,"population","fertility","40-44","births per 1000",5.3
"38080",2010,"population","fertility","40-44","births per 1000",3.4
"38080",2015,"population","fertility","40-44","births per 1000",4.2
"38080",2020,"population","fertility","40-44","births per 1000",5.2
"38090",2010,"population","fertility","40-44","births per 1000",4.1
"38090",2015,"population","fertility","40-44","births per 1000",5.3
"38090",2020,"population","fertility","40-44","births per 1000",6.2
"38100",2010,"population","fertility","40-44","births per 1000",3.2
"38100",2015,"population","fertility","40-44","births per 1000",5.9
"38100",2020,"population","fertility","40-44","births per 1000",7.9
"38110",2010,"population","fertility","40-44","births per 1000",3.1
"38110",2015,"population","fertility","40-44","births per 1000",4.7
"38110",2020,"population","fertility","40-44","births per 1000",5.3
"38111",2010,"population","fertility","40-44","births per 1000",3.1
"38111",2015,"population","fertility","40-44","births per 1000",4.7
"38111",2020,"population","fertility","40-44","births per 1000",5.5
"38112",2010,"population","fertility","40-44","births per 1000",2.4
"38112",2015,"population","fertility","40-44","births per 1000",3.9
"38112",2020,"population","fertility","40-44","births per 1000",4.4
"38113",2010,"population","fertility","40-44","births per 1000",3.5
"38113",2015,"population","fertility","40-44","births per 1000",5.9
"38113",2020,"population","fertility","40-44","births per 1000",6.1
"38114",2010,"population","fertility","40-44","births per 1000",3.1
"38114",2015,"population","fertility","40-44","births per 1000",4.4
"38114",2020,"population","fertility","40-44","births per 1000",4.9
"38115",2010,"population","fertility","40-44","births per 1000",4.3
"38115",2015,"population","fertility","40-44","births per 1000",5.4
"38115",2020,"population","fertility","40-44","births per 1000",5.8
"38310",2010,"population","fertility","40-44","births per 1000",4
"38310",2015,"population","fertility","40-44","births per 1000",4.4
"38310",2020,"population","fertility","40-44","births per 1000",11.6
"38320",2010,"population","fertility","40-44","births per 1000",3.1
"38320",2015,"population","fertility","40-44","births per 1000",3.4
"38320",2020,"population","fertility","40-44","births per 1000",3.4
"38330",2010,"population","fertility","40-44","births per 1000",3.8
"38330",2015,"population","fertility","40-44","births per 1000",5.5
"38330",2020,"population","fertility","40-44","births per 1000",12.5
"38340",2010,"population","fertility","40-44","births per 1000",3.5
"38340",2015,"population","fertility","40-44","births per 1000",4.8
"38340",2020,"population","fertility","40-44","births per 1000",7.4
"38350",2010,"population","fertility","40-44","births per 1000",6.1
"38350",2015,"population","fertility","40-44","births per 1000",5
"38350",2020,"population","fertility","40-44","births per 1000",9.3
"38360",2010,"population","fertility","40-44","births per 1000",4.5
"38360",2015,"population","fertility","40-44","births per 1000",5.7
"38360",2020,"population","fertility","40-44","births per 1000",5.5
"38370",2010,"population","fertility","40-44","births per 1000",7.1
"38370",2015,"population","fertility","40-44","births per 1000",4.8
"38370",2020,"population","fertility","40-44","births per 1000",3.1
"38380",2010,"population","fertility","40-44","births per 1000",6.5
"38380",2015,"population","fertility","40-44","births per 1000",3.7
"38380",2020,"population","fertility","40-44","births per 1000",5.8
"38390",2010,"population","fertility","40-44","births per 1000",7.1
"38390",2015,"population","fertility","40-44","births per 1000",6.9
"38390",2020,"population","fertility","40-44","births per 1000",7.7
"38400",2010,"population","fertility","40-44","births per 1000",5.8
"38400",2015,"population","fertility","40-44","births per 1000",1.8
"38400",2020,"population","fertility","40-44","births per 1000",7.5
"39010",2010,"population","fertility","40-44","births per 1000",7.2
"39010",2015,"population","fertility","40-44","births per 1000",8.5
"39010",2020,"population","fertility","40-44","births per 1000",9.7
"39020",2010,"population","fertility","40-44","births per 1000",8.5
"39020",2015,"population","fertility","40-44","births per 1000",8.8
"39020",2020,"population","fertility","40-44","births per 1000",7.7
"39310",2010,"population","fertility","40-44","births per 1000",NA
"39310",2015,"population","fertility","40-44","births per 1000",NA
"39310",2020,"population","fertility","40-44","births per 1000",NA
"39320",2010,"population","fertility","40-44","births per 1000",NA
"39320",2015,"population","fertility","40-44","births per 1000",NA
"39320",2020,"population","fertility","40-44","births per 1000",NA
"23090",2020,"population","fertility","40-44","births per 1000",8.1
"11010",2010,"population","fertility","45-49","births per 1000",0.1
"11010",2015,"population","fertility","45-49","births per 1000",0
"11010",2020,"population","fertility","45-49","births per 1000",0.2
"11020",2010,"population","fertility","45-49","births per 1000",0.2
"11020",2015,"population","fertility","45-49","births per 1000",0.6
"11020",2020,"population","fertility","45-49","births per 1000",0
"11030",2010,"population","fertility","45-49","births per 1000",0.1
"11030",2015,"population","fertility","45-49","births per 1000",0.1
"11030",2020,"population","fertility","45-49","births per 1000",0.1
"11040",2010,"population","fertility","45-49","births per 1000",0.4
"11040",2015,"population","fertility","45-49","births per 1000",0.3
"11040",2020,"population","fertility","45-49","births per 1000",0.4
"11050",2010,"population","fertility","45-49","births per 1000",0.2
"11050",2015,"population","fertility","45-49","births per 1000",0
"11050",2020,"population","fertility","45-49","births per 1000",0
"11060",2010,"population","fertility","45-49","births per 1000",0.2
"11060",2015,"population","fertility","45-49","births per 1000",0
"11060",2020,"population","fertility","45-49","births per 1000",0.3
"11070",2010,"population","fertility","45-49","births per 1000",0.1
"11070",2015,"population","fertility","45-49","births per 1000",0.1
"11070",2020,"population","fertility","45-49","births per 1000",0.3
"11080",2010,"population","fertility","45-49","births per 1000",0.2
"11080",2015,"population","fertility","45-49","births per 1000",0.3
"11080",2020,"population","fertility","45-49","births per 1000",0.2
"11090",2010,"population","fertility","45-49","births per 1000",0.3
"11090",2015,"population","fertility","45-49","births per 1000",0.1
"11090",2020,"population","fertility","45-49","births per 1000",0.2
"11100",2010,"population","fertility","45-49","births per 1000",0.1
"11100",2015,"population","fertility","45-49","births per 1000",0.1
"11100",2020,"population","fertility","45-49","births per 1000",0.2
"11110",2010,"population","fertility","45-49","births per 1000",0
"11110",2015,"population","fertility","45-49","births per 1000",0.1
"11110",2020,"population","fertility","45-49","births per 1000",0.2
"11120",2010,"population","fertility","45-49","births per 1000",0.1
"11120",2015,"population","fertility","45-49","births per 1000",0.2
"11120",2020,"population","fertility","45-49","births per 1000",0.3
"11130",2010,"population","fertility","45-49","births per 1000",0.3
"11130",2015,"population","fertility","45-49","births per 1000",0
"11130",2020,"population","fertility","45-49","births per 1000",0.2
"11140",2010,"population","fertility","45-49","births per 1000",0.3
"11140",2015,"population","fertility","45-49","births per 1000",0.2
"11140",2020,"population","fertility","45-49","births per 1000",0.2
"11150",2010,"population","fertility","45-49","births per 1000",0.1
"11150",2015,"population","fertility","45-49","births per 1000",0
"11150",2020,"population","fertility","45-49","births per 1000",0
"11160",2010,"population","fertility","45-49","births per 1000",0.2
"11160",2015,"population","fertility","45-49","births per 1000",0.1
"11160",2020,"population","fertility","45-49","births per 1000",0
"11170",2010,"population","fertility","45-49","births per 1000",0.2
"11170",2015,"population","fertility","45-49","births per 1000",0.1
"11170",2020,"population","fertility","45-49","births per 1000",0.1
"11180",2010,"population","fertility","45-49","births per 1000",0.5
"11180",2015,"population","fertility","45-49","births per 1000",0.2
"11180",2020,"population","fertility","45-49","births per 1000",0.2
"11190",2010,"population","fertility","45-49","births per 1000",0.1
"11190",2015,"population","fertility","45-49","births per 1000",0.2
"11190",2020,"population","fertility","45-49","births per 1000",0.2
"11200",2010,"population","fertility","45-49","births per 1000",0.3
"11200",2015,"population","fertility","45-49","births per 1000",0.3
"11200",2020,"population","fertility","45-49","births per 1000",0
"11210",2010,"population","fertility","45-49","births per 1000",0.3
"11210",2015,"population","fertility","45-49","births per 1000",0.1
"11210",2020,"population","fertility","45-49","births per 1000",0.3
"11220",2010,"population","fertility","45-49","births per 1000",0.2
"11220",2015,"population","fertility","45-49","births per 1000",0.3
"11220",2020,"population","fertility","45-49","births per 1000",0
"11230",2010,"population","fertility","45-49","births per 1000",0.2
"11230",2015,"population","fertility","45-49","births per 1000",0.2
"11230",2020,"population","fertility","45-49","births per 1000",0.2
"11240",2010,"population","fertility","45-49","births per 1000",0.1
"11240",2015,"population","fertility","45-49","births per 1000",0.1
"11240",2020,"population","fertility","45-49","births per 1000",0
"11250",2010,"population","fertility","45-49","births per 1000",0.2
"11250",2015,"population","fertility","45-49","births per 1000",0.3
"11250",2020,"population","fertility","45-49","births per 1000",0.1
"21010",2010,"population","fertility","45-49","births per 1000",0
"21010",2015,"population","fertility","45-49","births per 1000",0
"21010",2020,"population","fertility","45-49","births per 1000",0
"21020",2010,"population","fertility","45-49","births per 1000",0.2
"21020",2015,"population","fertility","45-49","births per 1000",0.2
"21020",2020,"population","fertility","45-49","births per 1000",0
"21030",2010,"population","fertility","45-49","births per 1000",0.3
"21030",2015,"population","fertility","45-49","births per 1000",0.3
"21030",2020,"population","fertility","45-49","births per 1000",0
"21040",2010,"population","fertility","45-49","births per 1000",0
"21040",2015,"population","fertility","45-49","births per 1000",0
"21040",2020,"population","fertility","45-49","births per 1000",0
"21050",2010,"population","fertility","45-49","births per 1000",0.1
"21050",2015,"population","fertility","45-49","births per 1000",0.1
"21050",2020,"population","fertility","45-49","births per 1000",0.1
"21060",2010,"population","fertility","45-49","births per 1000",0.1
"21060",2015,"population","fertility","45-49","births per 1000",0.2
"21060",2020,"population","fertility","45-49","births per 1000",0.3
"21070",2010,"population","fertility","45-49","births per 1000",0.1
"21070",2015,"population","fertility","45-49","births per 1000",0
"21070",2020,"population","fertility","45-49","births per 1000",0.2
"21080",2010,"population","fertility","45-49","births per 1000",0
"21080",2015,"population","fertility","45-49","births per 1000",0
"21080",2020,"population","fertility","45-49","births per 1000",0.1
"21090",2010,"population","fertility","45-49","births per 1000",0.3
"21090",2015,"population","fertility","45-49","births per 1000",0.1
"21090",2020,"population","fertility","45-49","births per 1000",0.3
"21100",2010,"population","fertility","45-49","births per 1000",0.1
"21100",2015,"population","fertility","45-49","births per 1000",0.1
"21100",2020,"population","fertility","45-49","births per 1000",0.2
"21110",2010,"population","fertility","45-49","births per 1000",0
"21110",2015,"population","fertility","45-49","births per 1000",0
"21110",2020,"population","fertility","45-49","births per 1000",0
"21120",2010,"population","fertility","45-49","births per 1000",0
"21120",2015,"population","fertility","45-49","births per 1000",0.4
"21120",2020,"population","fertility","45-49","births per 1000",0
"21130",2010,"population","fertility","45-49","births per 1000",0.3
"21130",2015,"population","fertility","45-49","births per 1000",0
"21130",2020,"population","fertility","45-49","births per 1000",0
"21140",2010,"population","fertility","45-49","births per 1000",0
"21140",2015,"population","fertility","45-49","births per 1000",0.7
"21140",2020,"population","fertility","45-49","births per 1000",0
"21150",2010,"population","fertility","45-49","births per 1000",0.2
"21150",2015,"population","fertility","45-49","births per 1000",0.2
"21150",2020,"population","fertility","45-49","births per 1000",0.1
"21310",2010,"population","fertility","45-49","births per 1000",0.3
"21310",2015,"population","fertility","45-49","births per 1000",0.2
"21310",2020,"population","fertility","45-49","births per 1000",0.1
"22010",2010,"population","fertility","45-49","births per 1000",0
"22010",2015,"population","fertility","45-49","births per 1000",0.7
"22010",2020,"population","fertility","45-49","births per 1000",0
"22020",2010,"population","fertility","45-49","births per 1000",0
"22020",2015,"population","fertility","45-49","births per 1000",0.1
"22020",2020,"population","fertility","45-49","births per 1000",0.2
"22030",2010,"population","fertility","45-49","births per 1000",0
"22030",2015,"population","fertility","45-49","births per 1000",0.1
"22030",2020,"population","fertility","45-49","births per 1000",0.2
"22040",2010,"population","fertility","45-49","births per 1000",0.1
"22040",2015,"population","fertility","45-49","births per 1000",0.3
"22040",2020,"population","fertility","45-49","births per 1000",0
"22050",2010,"population","fertility","45-49","births per 1000",0.2
"22050",2015,"population","fertility","45-49","births per 1000",0
"22050",2020,"population","fertility","45-49","births per 1000",0
"22060",2010,"population","fertility","45-49","births per 1000",0.1
"22060",2015,"population","fertility","45-49","births per 1000",0.1
"22060",2020,"population","fertility","45-49","births per 1000",0.2
"22070",2010,"population","fertility","45-49","births per 1000",0
"22070",2015,"population","fertility","45-49","births per 1000",0.1
"22070",2020,"population","fertility","45-49","births per 1000",0.3
"22310",2010,"population","fertility","45-49","births per 1000",0.5
"22310",2015,"population","fertility","45-49","births per 1000",0
"22310",2020,"population","fertility","45-49","births per 1000",0.2
"23010",2010,"population","fertility","45-49","births per 1000",0.6
"23010",2015,"population","fertility","45-49","births per 1000",0.3
"23010",2020,"population","fertility","45-49","births per 1000",0.2
"23020",2010,"population","fertility","45-49","births per 1000",0
"23020",2015,"population","fertility","45-49","births per 1000",0
"23020",2020,"population","fertility","45-49","births per 1000",0.4
"23030",2010,"population","fertility","45-49","births per 1000",0.3
"23030",2015,"population","fertility","45-49","births per 1000",0.4
"23030",2020,"population","fertility","45-49","births per 1000",NA
"23040",2010,"population","fertility","45-49","births per 1000",0.3
"23040",2015,"population","fertility","45-49","births per 1000",0.1
"23040",2020,"population","fertility","45-49","births per 1000",0.2
"23050",2010,"population","fertility","45-49","births per 1000",0.1
"23050",2015,"population","fertility","45-49","births per 1000",0.1
"23050",2020,"population","fertility","45-49","births per 1000",0.1
"23060",2010,"population","fertility","45-49","births per 1000",0.3
"23060",2015,"population","fertility","45-49","births per 1000",0
"23060",2020,"population","fertility","45-49","births per 1000",0.1
"23070",2010,"population","fertility","45-49","births per 1000",0.1
"23070",2015,"population","fertility","45-49","births per 1000",0.1
"23070",2020,"population","fertility","45-49","births per 1000",0.2
"23080",2010,"population","fertility","45-49","births per 1000",0.1
"23080",2015,"population","fertility","45-49","births per 1000",0.1
"23080",2020,"population","fertility","45-49","births per 1000",0.1
"23310",2010,"population","fertility","45-49","births per 1000",0.7
"23310",2015,"population","fertility","45-49","births per 1000",0
"23310",2020,"population","fertility","45-49","births per 1000",1
"23320",2010,"population","fertility","45-49","births per 1000",1.5
"23320",2015,"population","fertility","45-49","births per 1000",0
"23320",2020,"population","fertility","45-49","births per 1000",0
"24010",2010,"population","fertility","45-49","births per 1000",0.5
"24010",2015,"population","fertility","45-49","births per 1000",0
"24010",2020,"population","fertility","45-49","births per 1000",0.3
"24020",2010,"population","fertility","45-49","births per 1000",0.1
"24020",2015,"population","fertility","45-49","births per 1000",0.5
"24020",2020,"population","fertility","45-49","births per 1000",0.1
"24030",2010,"population","fertility","45-49","births per 1000",0.1
"24030",2015,"population","fertility","45-49","births per 1000",0.2
"24030",2020,"population","fertility","45-49","births per 1000",0.1
"24040",2010,"population","fertility","45-49","births per 1000",0
"24040",2015,"population","fertility","45-49","births per 1000",0.4
"24040",2020,"population","fertility","45-49","births per 1000",0.2
"24050",2010,"population","fertility","45-49","births per 1000",0.4
"24050",2015,"population","fertility","45-49","births per 1000",0.2
"24050",2020,"population","fertility","45-49","births per 1000",0.3
"25010",2010,"population","fertility","45-49","births per 1000",0.5
"25010",2015,"population","fertility","45-49","births per 1000",0
"25010",2020,"population","fertility","45-49","births per 1000",0.2
"25020",2010,"population","fertility","45-49","births per 1000",0.2
"25020",2015,"population","fertility","45-49","births per 1000",0.1
"25020",2020,"population","fertility","45-49","births per 1000",0.2
"25030",2010,"population","fertility","45-49","births per 1000",0.1
"25030",2015,"population","fertility","45-49","births per 1000",0.3
"25030",2020,"population","fertility","45-49","births per 1000",0.2
"25040",2010,"population","fertility","45-49","births per 1000",0.2
"25040",2015,"population","fertility","45-49","births per 1000",0.2
"25040",2020,"population","fertility","45-49","births per 1000",0.2
"25050",2010,"population","fertility","45-49","births per 1000",0.4
"25050",2015,"population","fertility","45-49","births per 1000",0.2
"25050",2020,"population","fertility","45-49","births per 1000",0
"26010",2010,"population","fertility","45-49","births per 1000",0.2
"26010",2015,"population","fertility","45-49","births per 1000",0.2
"26010",2020,"population","fertility","45-49","births per 1000",0
"26020",2010,"population","fertility","45-49","births per 1000",0.2
"26020",2015,"population","fertility","45-49","births per 1000",0.2
"26020",2020,"population","fertility","45-49","births per 1000",0.3
"26030",2010,"population","fertility","45-49","births per 1000",0
"26030",2015,"population","fertility","45-49","births per 1000",0
"26030",2020,"population","fertility","45-49","births per 1000",0
"26040",2010,"population","fertility","45-49","births per 1000",0.1
"26040",2015,"population","fertility","45-49","births per 1000",0.1
"26040",2020,"population","fertility","45-49","births per 1000",0.1
"26310",2010,"population","fertility","45-49","births per 1000",0.5
"26310",2015,"population","fertility","45-49","births per 1000",0.2
"26310",2020,"population","fertility","45-49","births per 1000",0
"29010",2010,"population","fertility","45-49","births per 1000",NA
"29010",2015,"population","fertility","45-49","births per 1000",0.3
"29010",2020,"population","fertility","45-49","births per 1000",0.3
"31010",2010,"population","fertility","45-49","births per 1000",0.1
"31010",2015,"population","fertility","45-49","births per 1000",0.3
"31010",2020,"population","fertility","45-49","births per 1000",0.2
"31011",2010,"population","fertility","45-49","births per 1000",0.2
"31011",2015,"population","fertility","45-49","births per 1000",0.2
"31011",2020,"population","fertility","45-49","births per 1000",0.2
"31012",2010,"population","fertility","45-49","births per 1000",0
"31012",2015,"population","fertility","45-49","births per 1000",0.4
"31012",2020,"population","fertility","45-49","births per 1000",0
"31013",2010,"population","fertility","45-49","births per 1000",0
"31013",2015,"population","fertility","45-49","births per 1000",0.5
"31013",2020,"population","fertility","45-49","births per 1000",0.4
"31014",2010,"population","fertility","45-49","births per 1000",0
"31014",2015,"population","fertility","45-49","births per 1000",0.2
"31014",2020,"population","fertility","45-49","births per 1000",0.1
"31020",2010,"population","fertility","45-49","births per 1000",0.2
"31020",2015,"population","fertility","45-49","births per 1000",0.1
"31020",2020,"population","fertility","45-49","births per 1000",0.1
"31021",2010,"population","fertility","45-49","births per 1000",0.3
"31021",2015,"population","fertility","45-49","births per 1000",0.1
"31021",2020,"population","fertility","45-49","births per 1000",0.2
"31022",2010,"population","fertility","45-49","births per 1000",0.2
"31022",2015,"population","fertility","45-49","births per 1000",0
"31022",2020,"population","fertility","45-49","births per 1000",0.1
"31023",2010,"population","fertility","45-49","births per 1000",0.2
"31023",2015,"population","fertility","45-49","births per 1000",0.1
"31023",2020,"population","fertility","45-49","births per 1000",0.1
"31030",2010,"population","fertility","45-49","births per 1000",0.1
"31030",2015,"population","fertility","45-49","births per 1000",0.1
"31030",2020,"population","fertility","45-49","births per 1000",0.2
"31040",2010,"population","fertility","45-49","births per 1000",0.1
"31040",2015,"population","fertility","45-49","births per 1000",0.1
"31040",2020,"population","fertility","45-49","births per 1000",0.1
"31041",2010,"population","fertility","45-49","births per 1000",0.1
"31041",2015,"population","fertility","45-49","births per 1000",0.1
"31041",2020,"population","fertility","45-49","births per 1000",0
"31042",2010,"population","fertility","45-49","births per 1000",0.2
"31042",2015,"population","fertility","45-49","births per 1000",0.1
"31042",2020,"population","fertility","45-49","births per 1000",0.1
"31050",2010,"population","fertility","45-49","births per 1000",0.1
"31050",2015,"population","fertility","45-49","births per 1000",0.2
"31050",2020,"population","fertility","45-49","births per 1000",0.2
"31051",2010,"population","fertility","45-49","births per 1000",0
"31051",2015,"population","fertility","45-49","births per 1000",0.1
"31051",2020,"population","fertility","45-49","births per 1000",NA
"31052",2010,"population","fertility","45-49","births per 1000",0.1
"31052",2015,"population","fertility","45-49","births per 1000",0.1
"31052",2020,"population","fertility","45-49","births per 1000",NA
"31053",2010,"population","fertility","45-49","births per 1000",0.2
"31053",2015,"population","fertility","45-49","births per 1000",0.3
"31053",2020,"population","fertility","45-49","births per 1000",NA
"31060",2010,"population","fertility","45-49","births per 1000",0.1
"31060",2015,"population","fertility","45-49","births per 1000",0.1
"31060",2020,"population","fertility","45-49","births per 1000",0.1
"31070",2010,"population","fertility","45-49","births per 1000",0.4
"31070",2015,"population","fertility","45-49","births per 1000",0.2
"31070",2020,"population","fertility","45-49","births per 1000",0.2
"31080",2010,"population","fertility","45-49","births per 1000",0.3
"31080",2015,"population","fertility","45-49","births per 1000",0.5
"31080",2020,"population","fertility","45-49","births per 1000",0
"31090",2010,"population","fertility","45-49","births per 1000",0.2
"31090",2015,"population","fertility","45-49","births per 1000",0.1
"31090",2020,"population","fertility","45-49","births per 1000",0.3
"31091",2010,"population","fertility","45-49","births per 1000",0.2
"31091",2015,"population","fertility","45-49","births per 1000",0.2
"31091",2020,"population","fertility","45-49","births per 1000",0.2
"31092",2010,"population","fertility","45-49","births per 1000",0.2
"31092",2015,"population","fertility","45-49","births per 1000",0.1
"31092",2020,"population","fertility","45-49","births per 1000",0.3
"31100",2010,"population","fertility","45-49","births per 1000",0.2
"31100",2015,"population","fertility","45-49","births per 1000",0.1
"31100",2020,"population","fertility","45-49","births per 1000",0.2
"31101",2010,"population","fertility","45-49","births per 1000",0.1
"31101",2015,"population","fertility","45-49","births per 1000",0.1
"31101",2020,"population","fertility","45-49","births per 1000",0.1
"31102",2010,"population","fertility","45-49","births per 1000",NA
"31102",2015,"population","fertility","45-49","births per 1000",NA
"31102",2020,"population","fertility","45-49","births per 1000",NA
"31103",2010,"population","fertility","45-49","births per 1000",0.2
"31103",2015,"population","fertility","45-49","births per 1000",0.3
"31103",2020,"population","fertility","45-49","births per 1000",0.1
"31104",2010,"population","fertility","45-49","births per 1000",0.3
"31104",2015,"population","fertility","45-49","births per 1000",0.1
"31104",2020,"population","fertility","45-49","births per 1000",0.3
"31110",2010,"population","fertility","45-49","births per 1000",0.3
"31110",2015,"population","fertility","45-49","births per 1000",0.6
"31110",2020,"population","fertility","45-49","births per 1000",0
"31120",2010,"population","fertility","45-49","births per 1000",0.1
"31120",2015,"population","fertility","45-49","births per 1000",0.2
"31120",2020,"population","fertility","45-49","births per 1000",0.2
"31130",2010,"population","fertility","45-49","births per 1000",0.4
"31130",2015,"population","fertility","45-49","births per 1000",0.2
"31130",2020,"population","fertility","45-49","births per 1000",0.1
"31140",2010,"population","fertility","45-49","births per 1000",0
"31140",2015,"population","fertility","45-49","births per 1000",0.1
"31140",2020,"population","fertility","45-49","births per 1000",0.1
"31150",2010,"population","fertility","45-49","births per 1000",0.2
"31150",2015,"population","fertility","45-49","births per 1000",0.2
"31150",2020,"population","fertility","45-49","births per 1000",0.2
"31160",2010,"population","fertility","45-49","births per 1000",0.4
"31160",2015,"population","fertility","45-49","births per 1000",0.2
"31160",2020,"population","fertility","45-49","births per 1000",0.2
"31170",2010,"population","fertility","45-49","births per 1000",0.1
"31170",2015,"population","fertility","45-49","births per 1000",0
"31170",2020,"population","fertility","45-49","births per 1000",0.3
"31180",2010,"population","fertility","45-49","births per 1000",0
"31180",2015,"population","fertility","45-49","births per 1000",0
"31180",2020,"population","fertility","45-49","births per 1000",0.2
"31190",2010,"population","fertility","45-49","births per 1000",0.4
"31190",2015,"population","fertility","45-49","births per 1000",0.1
"31190",2020,"population","fertility","45-49","births per 1000",0.1
"31191",2010,"population","fertility","45-49","births per 1000",0.5
"31191",2015,"population","fertility","45-49","births per 1000",0
"31191",2020,"population","fertility","45-49","births per 1000",0.1
"31192",2010,"population","fertility","45-49","births per 1000",0.4
"31192",2015,"population","fertility","45-49","births per 1000",0.2
"31192",2020,"population","fertility","45-49","births per 1000",0
"31193",2010,"population","fertility","45-49","births per 1000",0.3
"31193",2015,"population","fertility","45-49","births per 1000",0.1
"31193",2020,"population","fertility","45-49","births per 1000",0.1
"31200",2010,"population","fertility","45-49","births per 1000",0.2
"31200",2015,"population","fertility","45-49","births per 1000",0.2
"31200",2020,"population","fertility","45-49","births per 1000",0.1
"31210",2010,"population","fertility","45-49","births per 1000",0.5
"31210",2015,"population","fertility","45-49","births per 1000",0.2
"31210",2020,"population","fertility","45-49","births per 1000",0.1
"31220",2010,"population","fertility","45-49","births per 1000",0
"31220",2015,"population","fertility","45-49","births per 1000",0
"31220",2020,"population","fertility","45-49","births per 1000",0.3
"31230",2010,"population","fertility","45-49","births per 1000",0
"31230",2015,"population","fertility","45-49","births per 1000",0.4
"31230",2020,"population","fertility","45-49","births per 1000",0.2
"31240",2010,"population","fertility","45-49","births per 1000",0.1
"31240",2015,"population","fertility","45-49","births per 1000",0.2
"31240",2020,"population","fertility","45-49","births per 1000",0.2
"31250",2010,"population","fertility","45-49","births per 1000",0.1
"31250",2015,"population","fertility","45-49","births per 1000",0
"31250",2020,"population","fertility","45-49","births per 1000",0.1
"31260",2010,"population","fertility","45-49","births per 1000",0.1
"31260",2015,"population","fertility","45-49","births per 1000",0.1
"31260",2020,"population","fertility","45-49","births per 1000",0.3
"31270",2010,"population","fertility","45-49","births per 1000",0.2
"31270",2015,"population","fertility","45-49","births per 1000",0.2
"31270",2020,"population","fertility","45-49","births per 1000",0
"31280",2010,"population","fertility","45-49","births per 1000",NA
"31280",2015,"population","fertility","45-49","births per 1000",0
"31280",2020,"population","fertility","45-49","births per 1000",0.2
"31310",2010,"population","fertility","45-49","births per 1000",NA
"31310",2015,"population","fertility","45-49","births per 1000",NA
"31310",2020,"population","fertility","45-49","births per 1000",NA
"31320",2010,"population","fertility","45-49","births per 1000",0.5
"31320",2015,"population","fertility","45-49","births per 1000",NA
"31320",2020,"population","fertility","45-49","births per 1000",NA
"31330",2010,"population","fertility","45-49","births per 1000",NA
"31330",2015,"population","fertility","45-49","births per 1000",NA
"31330",2020,"population","fertility","45-49","births per 1000",NA
"31340",2010,"population","fertility","45-49","births per 1000",NA
"31340",2015,"population","fertility","45-49","births per 1000",NA
"31340",2020,"population","fertility","45-49","births per 1000",NA
"31350",2010,"population","fertility","45-49","births per 1000",0
"31350",2015,"population","fertility","45-49","births per 1000",0.7
"31350",2020,"population","fertility","45-49","births per 1000",0
"31360",2010,"population","fertility","45-49","births per 1000",NA
"31360",2015,"population","fertility","45-49","births per 1000",NA
"31360",2020,"population","fertility","45-49","births per 1000",NA
"31370",2010,"population","fertility","45-49","births per 1000",0.9
"31370",2015,"population","fertility","45-49","births per 1000",0
"31370",2020,"population","fertility","45-49","births per 1000",0
"31380",2010,"population","fertility","45-49","births per 1000",0
"31380",2015,"population","fertility","45-49","births per 1000",0
"31380",2020,"population","fertility","45-49","births per 1000",0
"32010",2010,"population","fertility","45-49","births per 1000",0.3
"32010",2015,"population","fertility","45-49","births per 1000",0.1
"32010",2020,"population","fertility","45-49","births per 1000",0.1
"32020",2010,"population","fertility","45-49","births per 1000",0.2
"32020",2015,"population","fertility","45-49","births per 1000",0.1
"32020",2020,"population","fertility","45-49","births per 1000",0.2
"32030",2010,"population","fertility","45-49","births per 1000",0.2
"32030",2015,"population","fertility","45-49","births per 1000",0.2
"32030",2020,"population","fertility","45-49","births per 1000",0.2
"32040",2010,"population","fertility","45-49","births per 1000",0
"32040",2015,"population","fertility","45-49","births per 1000",0
"32040",2020,"population","fertility","45-49","births per 1000",0
"32050",2010,"population","fertility","45-49","births per 1000",0
"32050",2015,"population","fertility","45-49","births per 1000",0
"32050",2020,"population","fertility","45-49","births per 1000",0
"32060",2010,"population","fertility","45-49","births per 1000",0.5
"32060",2015,"population","fertility","45-49","births per 1000",0
"32060",2020,"population","fertility","45-49","births per 1000",0
"32070",2010,"population","fertility","45-49","births per 1000",0
"32070",2015,"population","fertility","45-49","births per 1000",0
"32070",2020,"population","fertility","45-49","births per 1000",0
"32310",2010,"population","fertility","45-49","births per 1000",0
"32310",2015,"population","fertility","45-49","births per 1000",0
"32310",2020,"population","fertility","45-49","births per 1000",0
"32320",2010,"population","fertility","45-49","births per 1000",0
"32320",2015,"population","fertility","45-49","births per 1000",0.6
"32320",2020,"population","fertility","45-49","births per 1000",0
"32330",2010,"population","fertility","45-49","births per 1000",0.7
"32330",2015,"population","fertility","45-49","births per 1000",0
"32330",2020,"population","fertility","45-49","births per 1000",0
"32340",2010,"population","fertility","45-49","births per 1000",0
"32340",2015,"population","fertility","45-49","births per 1000",0
"32340",2020,"population","fertility","45-49","births per 1000",0
"32350",2010,"population","fertility","45-49","births per 1000",0
"32350",2015,"population","fertility","45-49","births per 1000",0.8
"32350",2020,"population","fertility","45-49","births per 1000",0
"32360",2010,"population","fertility","45-49","births per 1000",0
"32360",2015,"population","fertility","45-49","births per 1000",0
"32360",2020,"population","fertility","45-49","births per 1000",0
"32370",2010,"population","fertility","45-49","births per 1000",0
"32370",2015,"population","fertility","45-49","births per 1000",0
"32370",2020,"population","fertility","45-49","births per 1000",0
"32380",2010,"population","fertility","45-49","births per 1000",1.2
"32380",2015,"population","fertility","45-49","births per 1000",1.3
"32380",2020,"population","fertility","45-49","births per 1000",1.6
"32390",2010,"population","fertility","45-49","births per 1000",0.8
"32390",2015,"population","fertility","45-49","births per 1000",1
"32390",2020,"population","fertility","45-49","births per 1000",0
"32400",2010,"population","fertility","45-49","births per 1000",0
"32400",2015,"population","fertility","45-49","births per 1000",0
"32400",2020,"population","fertility","45-49","births per 1000",0
"32410",2010,"population","fertility","45-49","births per 1000",0
"32410",2015,"population","fertility","45-49","births per 1000",0
"32410",2020,"population","fertility","45-49","births per 1000",0
"33010",2010,"population","fertility","45-49","births per 1000",0.1
"33010",2015,"population","fertility","45-49","births per 1000",NA
"33010",2020,"population","fertility","45-49","births per 1000",NA
"33011",2010,"population","fertility","45-49","births per 1000",0.4
"33011",2015,"population","fertility","45-49","births per 1000",NA
"33011",2020,"population","fertility","45-49","births per 1000",NA
"33012",2010,"population","fertility","45-49","births per 1000",0
"33012",2015,"population","fertility","45-49","births per 1000",NA
"33012",2020,"population","fertility","45-49","births per 1000",NA
"33020",2010,"population","fertility","45-49","births per 1000",0
"33020",2015,"population","fertility","45-49","births per 1000",0.1
"33020",2020,"population","fertility","45-49","births per 1000",0.1
"33030",2010,"population","fertility","45-49","births per 1000",0.2
"33030",2015,"population","fertility","45-49","births per 1000",0.5
"33030",2020,"population","fertility","45-49","births per 1000",0
"33040",2010,"population","fertility","45-49","births per 1000",NA
"33040",2015,"population","fertility","45-49","births per 1000",0.2
"33040",2020,"population","fertility","45-49","births per 1000",0.2
"33041",2010,"population","fertility","45-49","births per 1000",NA
"33041",2015,"population","fertility","45-49","births per 1000",0.1
"33041",2020,"population","fertility","45-49","births per 1000",0.5
"33042",2010,"population","fertility","45-49","births per 1000",NA
"33042",2015,"population","fertility","45-49","births per 1000",0.3
"33042",2020,"population","fertility","45-49","births per 1000",0.2
"33043",2010,"population","fertility","45-49","births per 1000",NA
"33043",2015,"population","fertility","45-49","births per 1000",0.2
"33043",2020,"population","fertility","45-49","births per 1000",0.1
"33044",2010,"population","fertility","45-49","births per 1000",NA
"33044",2015,"population","fertility","45-49","births per 1000",0.1
"33044",2020,"population","fertility","45-49","births per 1000",0
"33310",2010,"population","fertility","45-49","births per 1000",0.8
"33310",2015,"population","fertility","45-49","births per 1000",NA
"33310",2020,"population","fertility","45-49","births per 1000",NA
"33320",2010,"population","fertility","45-49","births per 1000",0
"33320",2015,"population","fertility","45-49","births per 1000",0.9
"33320",2020,"population","fertility","45-49","births per 1000",0
"33330",2010,"population","fertility","45-49","births per 1000",0.5
"33330",2015,"population","fertility","45-49","births per 1000",0
"33330",2020,"population","fertility","45-49","births per 1000",0
"33340",2010,"population","fertility","45-49","births per 1000",0
"33340",2015,"population","fertility","45-49","births per 1000",0
"33340",2020,"population","fertility","45-49","births per 1000",0.7
"33350",2010,"population","fertility","45-49","births per 1000",0
"33350",2015,"population","fertility","45-49","births per 1000",0
"33350",2020,"population","fertility","45-49","births per 1000",0
"33360",2010,"population","fertility","45-49","births per 1000",0.8
"33360",2015,"population","fertility","45-49","births per 1000",0
"33360",2020,"population","fertility","45-49","births per 1000",0
"33370",2010,"population","fertility","45-49","births per 1000",0.3
"33370",2015,"population","fertility","45-49","births per 1000",0
"33370",2020,"population","fertility","45-49","births per 1000",0
"33380",2010,"population","fertility","45-49","births per 1000",0
"33380",2015,"population","fertility","45-49","births per 1000",0
"33380",2020,"population","fertility","45-49","births per 1000",0
"33390",2010,"population","fertility","45-49","births per 1000",0
"33390",2015,"population","fertility","45-49","births per 1000",0.7
"33390",2020,"population","fertility","45-49","births per 1000",0
"34010",2010,"population","fertility","45-49","births per 1000",0.4
"34010",2015,"population","fertility","45-49","births per 1000",0.2
"34010",2020,"population","fertility","45-49","births per 1000",0.3
"34011",2010,"population","fertility","45-49","births per 1000",0.5
"34011",2015,"population","fertility","45-49","births per 1000",0.2
"34011",2020,"population","fertility","45-49","births per 1000",0.3
"34012",2010,"population","fertility","45-49","births per 1000",0.2
"34012",2015,"population","fertility","45-49","births per 1000",0.1
"34012",2020,"population","fertility","45-49","births per 1000",0.3
"34020",2010,"population","fertility","45-49","births per 1000",0.2
"34020",2015,"population","fertility","45-49","births per 1000",0
"34020",2020,"population","fertility","45-49","births per 1000",0
"34030",2010,"population","fertility","45-49","births per 1000",0
"34030",2015,"population","fertility","45-49","births per 1000",0.6
"34030",2020,"population","fertility","45-49","births per 1000",0
"34040",2010,"population","fertility","45-49","births per 1000",0.1
"34040",2015,"population","fertility","45-49","births per 1000",0.1
"34040",2020,"population","fertility","45-49","births per 1000",0
"34050",2010,"population","fertility","45-49","births per 1000",0.7
"34050",2015,"population","fertility","45-49","births per 1000",0
"34050",2020,"population","fertility","45-49","births per 1000",0.3
"34060",2010,"population","fertility","45-49","births per 1000",0.2
"34060",2015,"population","fertility","45-49","births per 1000",0
"34060",2020,"population","fertility","45-49","births per 1000",0
"34070",2010,"population","fertility","45-49","births per 1000",0
"34070",2015,"population","fertility","45-49","births per 1000",0.5
"34070",2020,"population","fertility","45-49","births per 1000",0.4
"34080",2010,"population","fertility","45-49","births per 1000",NA
"34080",2015,"population","fertility","45-49","births per 1000",0.4
"34080",2020,"population","fertility","45-49","births per 1000",0
"34310",2010,"population","fertility","45-49","births per 1000",1
"34310",2015,"population","fertility","45-49","births per 1000",0
"34310",2020,"population","fertility","45-49","births per 1000",0
"34320",2010,"population","fertility","45-49","births per 1000",0
"34320",2015,"population","fertility","45-49","births per 1000",NA
"34320",2020,"population","fertility","45-49","births per 1000",NA
"34330",2010,"population","fertility","45-49","births per 1000",0.4
"34330",2015,"population","fertility","45-49","births per 1000",0
"34330",2020,"population","fertility","45-49","births per 1000",0
"34340",2010,"population","fertility","45-49","births per 1000",0
"34340",2015,"population","fertility","45-49","births per 1000",0
"34340",2020,"population","fertility","45-49","births per 1000",0
"34350",2010,"population","fertility","45-49","births per 1000",0
"34350",2015,"population","fertility","45-49","births per 1000",0
"34350",2020,"population","fertility","45-49","births per 1000",0
"34360",2010,"population","fertility","45-49","births per 1000",0.6
"34360",2015,"population","fertility","45-49","births per 1000",0
"34360",2020,"population","fertility","45-49","births per 1000",0
"34370",2010,"population","fertility","45-49","births per 1000",0.3
"34370",2015,"population","fertility","45-49","births per 1000",0
"34370",2020,"population","fertility","45-49","births per 1000",0
"34380",2010,"population","fertility","45-49","births per 1000",0.4
"34380",2015,"population","fertility","45-49","births per 1000",0
"34380",2020,"population","fertility","45-49","births per 1000",0.5
"34390",2010,"population","fertility","45-49","births per 1000",0.6
"34390",2015,"population","fertility","45-49","births per 1000",NA
"34390",2020,"population","fertility","45-49","births per 1000",NA
"35010",2010,"population","fertility","45-49","births per 1000",0.1
"35010",2015,"population","fertility","45-49","births per 1000",0.1
"35010",2020,"population","fertility","45-49","births per 1000",0.2
"35011",2010,"population","fertility","45-49","births per 1000",0.1
"35011",2015,"population","fertility","45-49","births per 1000",0
"35011",2020,"population","fertility","45-49","births per 1000",0.3
"35012",2010,"population","fertility","45-49","births per 1000",0.1
"35012",2015,"population","fertility","45-49","births per 1000",0.2
"35012",2020,"population","fertility","45-49","births per 1000",0.1
"35020",2010,"population","fertility","45-49","births per 1000",0.4
"35020",2015,"population","fertility","45-49","births per 1000",0.1
"35020",2020,"population","fertility","45-49","births per 1000",0.1
"35030",2010,"population","fertility","45-49","births per 1000",0.1
"35030",2015,"population","fertility","45-49","births per 1000",0.1
"35030",2020,"population","fertility","45-49","births per 1000",0.2
"35040",2010,"population","fertility","45-49","births per 1000",0.2
"35040",2015,"population","fertility","45-49","births per 1000",0.2
"35040",2020,"population","fertility","45-49","births per 1000",0
"35050",2010,"population","fertility","45-49","births per 1000",0.7
"35050",2015,"population","fertility","45-49","births per 1000",0.3
"35050",2020,"population","fertility","45-49","births per 1000",0.3
"35060",2010,"population","fertility","45-49","births per 1000",0.3
"35060",2015,"population","fertility","45-49","births per 1000",0.7
"35060",2020,"population","fertility","45-49","births per 1000",0
"35310",2010,"population","fertility","45-49","births per 1000",0.4
"35310",2015,"population","fertility","45-49","births per 1000",0.7
"35310",2020,"population","fertility","45-49","births per 1000",0
"35320",2010,"population","fertility","45-49","births per 1000",1.2
"35320",2015,"population","fertility","45-49","births per 1000",0
"35320",2020,"population","fertility","45-49","births per 1000",0
"35330",2010,"population","fertility","45-49","births per 1000",0
"35330",2015,"population","fertility","45-49","births per 1000",0
"35330",2020,"population","fertility","45-49","births per 1000",0
"35340",2010,"population","fertility","45-49","births per 1000",1.4
"35340",2015,"population","fertility","45-49","births per 1000",0
"35340",2020,"population","fertility","45-49","births per 1000",1.6
"35350",2010,"population","fertility","45-49","births per 1000",0
"35350",2015,"population","fertility","45-49","births per 1000",0
"35350",2020,"population","fertility","45-49","births per 1000",0
"35360",2010,"population","fertility","45-49","births per 1000",0
"35360",2015,"population","fertility","45-49","births per 1000",0
"35360",2020,"population","fertility","45-49","births per 1000",0
"35370",2010,"population","fertility","45-49","births per 1000",0
"35370",2015,"population","fertility","45-49","births per 1000",0
"35370",2020,"population","fertility","45-49","births per 1000",0.6
"35380",2010,"population","fertility","45-49","births per 1000",0
"35380",2015,"population","fertility","45-49","births per 1000",0.6
"35380",2020,"population","fertility","45-49","births per 1000",1.3
"36010",2010,"population","fertility","45-49","births per 1000",0.1
"36010",2015,"population","fertility","45-49","births per 1000",0.2
"36010",2020,"population","fertility","45-49","births per 1000",0
"36020",2010,"population","fertility","45-49","births per 1000",0.3
"36020",2015,"population","fertility","45-49","births per 1000",0
"36020",2020,"population","fertility","45-49","births per 1000",0.3
"36030",2010,"population","fertility","45-49","births per 1000",0.1
"36030",2015,"population","fertility","45-49","births per 1000",0.2
"36030",2020,"population","fertility","45-49","births per 1000",0.2
"36040",2010,"population","fertility","45-49","births per 1000",0.3
"36040",2015,"population","fertility","45-49","births per 1000",0.4
"36040",2020,"population","fertility","45-49","births per 1000",0.3
"36060",2010,"population","fertility","45-49","births per 1000",0.3
"36060",2015,"population","fertility","45-49","births per 1000",0.1
"36060",2020,"population","fertility","45-49","births per 1000",0.2
"36310",2010,"population","fertility","45-49","births per 1000",0
"36310",2015,"population","fertility","45-49","births per 1000",0
"36310",2020,"population","fertility","45-49","births per 1000",0
"36320",2010,"population","fertility","45-49","births per 1000",0
"36320",2015,"population","fertility","45-49","births per 1000",0
"36320",2020,"population","fertility","45-49","births per 1000",0
"36330",2010,"population","fertility","45-49","births per 1000",1.1
"36330",2015,"population","fertility","45-49","births per 1000",0
"36330",2020,"population","fertility","45-49","births per 1000",0
"36350",2010,"population","fertility","45-49","births per 1000",0.4
"36350",2015,"population","fertility","45-49","births per 1000",1.1
"36350",2020,"population","fertility","45-49","births per 1000",0
"36360",2010,"population","fertility","45-49","births per 1000",0
"36360",2015,"population","fertility","45-49","births per 1000",0
"36360",2020,"population","fertility","45-49","births per 1000",1
"36370",2010,"population","fertility","45-49","births per 1000",0.4
"36370",2015,"population","fertility","45-49","births per 1000",0
"36370",2020,"population","fertility","45-49","births per 1000",0
"36380",2010,"population","fertility","45-49","births per 1000",0
"36380",2015,"population","fertility","45-49","births per 1000",0
"36380",2020,"population","fertility","45-49","births per 1000",0
"36390",2010,"population","fertility","45-49","births per 1000",0
"36390",2015,"population","fertility","45-49","births per 1000",0
"36390",2020,"population","fertility","45-49","births per 1000",0
"36400",2010,"population","fertility","45-49","births per 1000",0
"36400",2015,"population","fertility","45-49","births per 1000",0.4
"36400",2020,"population","fertility","45-49","births per 1000",0
"36410",2010,"population","fertility","45-49","births per 1000",0
"36410",2015,"population","fertility","45-49","births per 1000",0.6
"36410",2020,"population","fertility","45-49","births per 1000",0
"36420",2010,"population","fertility","45-49","births per 1000",0
"36420",2015,"population","fertility","45-49","births per 1000",0
"36420",2020,"population","fertility","45-49","births per 1000",0.3
"36430",2010,"population","fertility","45-49","births per 1000",0
"36430",2015,"population","fertility","45-49","births per 1000",1
"36430",2020,"population","fertility","45-49","births per 1000",1.2
"36440",2010,"population","fertility","45-49","births per 1000",0.5
"36440",2015,"population","fertility","45-49","births per 1000",0
"36440",2020,"population","fertility","45-49","births per 1000",0.6
"36450",2010,"population","fertility","45-49","births per 1000",0
"36450",2015,"population","fertility","45-49","births per 1000",0
"36450",2020,"population","fertility","45-49","births per 1000",0
"36460",2010,"population","fertility","45-49","births per 1000",0
"36460",2015,"population","fertility","45-49","births per 1000",0
"36460",2020,"population","fertility","45-49","births per 1000",0.7
"36470",2010,"population","fertility","45-49","births per 1000",0.9
"36470",2015,"population","fertility","45-49","births per 1000",0
"36470",2020,"population","fertility","45-49","births per 1000",0
"36480",2010,"population","fertility","45-49","births per 1000",0.7
"36480",2015,"population","fertility","45-49","births per 1000",0
"36480",2020,"population","fertility","45-49","births per 1000",0
"37010",2010,"population","fertility","45-49","births per 1000",0
"37010",2015,"population","fertility","45-49","births per 1000",0
"37010",2020,"population","fertility","45-49","births per 1000",0
"37011",2010,"population","fertility","45-49","births per 1000",0.1
"37011",2015,"population","fertility","45-49","births per 1000",0
"37011",2020,"population","fertility","45-49","births per 1000",0
"37012",2010,"population","fertility","45-49","births per 1000",0
"37012",2015,"population","fertility","45-49","births per 1000",0
"37012",2020,"population","fertility","45-49","births per 1000",0.1
"37020",2010,"population","fertility","45-49","births per 1000",0.3
"37020",2015,"population","fertility","45-49","births per 1000",0.4
"37020",2020,"population","fertility","45-49","births per 1000",0.1
"37030",2010,"population","fertility","45-49","births per 1000",0.2
"37030",2015,"population","fertility","45-49","births per 1000",0.2
"37030",2020,"population","fertility","45-49","births per 1000",0.6
"37040",2010,"population","fertility","45-49","births per 1000",0.1
"37040",2015,"population","fertility","45-49","births per 1000",0
"37040",2020,"population","fertility","45-49","births per 1000",0.2
"37050",2010,"population","fertility","45-49","births per 1000",0.1
"37050",2015,"population","fertility","45-49","births per 1000",0.1
"37050",2020,"population","fertility","45-49","births per 1000",0
"37060",2010,"population","fertility","45-49","births per 1000",0.4
"37060",2015,"population","fertility","45-49","births per 1000",0
"37060",2020,"population","fertility","45-49","births per 1000",0
"37070",2010,"population","fertility","45-49","births per 1000",0.3
"37070",2015,"population","fertility","45-49","births per 1000",0
"37070",2020,"population","fertility","45-49","births per 1000",0
"37080",2010,"population","fertility","45-49","births per 1000",0
"37080",2015,"population","fertility","45-49","births per 1000",0
"37080",2020,"population","fertility","45-49","births per 1000",0
"37090",2010,"population","fertility","45-49","births per 1000",0
"37090",2015,"population","fertility","45-49","births per 1000",0
"37090",2020,"population","fertility","45-49","births per 1000",0
"37100",2010,"population","fertility","45-49","births per 1000",0.3
"37100",2015,"population","fertility","45-49","births per 1000",0.4
"37100",2020,"population","fertility","45-49","births per 1000",0.2
"37310",2010,"population","fertility","45-49","births per 1000",1.2
"37310",2015,"population","fertility","45-49","births per 1000",0
"37310",2020,"population","fertility","45-49","births per 1000",0
"37320",2010,"population","fertility","45-49","births per 1000",0
"37320",2015,"population","fertility","45-49","births per 1000",0
"37320",2020,"population","fertility","45-49","births per 1000",0
"37330",2010,"population","fertility","45-49","births per 1000",0
"37330",2015,"population","fertility","45-49","births per 1000",0
"37330",2020,"population","fertility","45-49","births per 1000",0
"37340",2010,"population","fertility","45-49","births per 1000",0
"37340",2015,"population","fertility","45-49","births per 1000",0
"37340",2020,"population","fertility","45-49","births per 1000",0
"37350",2010,"population","fertility","45-49","births per 1000",0.7
"37350",2015,"population","fertility","45-49","births per 1000",0.8
"37350",2020,"population","fertility","45-49","births per 1000",0
"37360",2010,"population","fertility","45-49","births per 1000",0.6
"37360",2015,"population","fertility","45-49","births per 1000",0
"37360",2020,"population","fertility","45-49","births per 1000",0
"37370",2010,"population","fertility","45-49","births per 1000",0
"37370",2015,"population","fertility","45-49","births per 1000",0
"37370",2020,"population","fertility","45-49","births per 1000",0
"37380",2010,"population","fertility","45-49","births per 1000",0
"37380",2015,"population","fertility","45-49","births per 1000",0
"37380",2020,"population","fertility","45-49","births per 1000",0
"37390",2010,"population","fertility","45-49","births per 1000",0.5
"37390",2015,"population","fertility","45-49","births per 1000",0.2
"37390",2020,"population","fertility","45-49","births per 1000",0
"37400",2010,"population","fertility","45-49","births per 1000",0
"37400",2015,"population","fertility","45-49","births per 1000",0
"37400",2020,"population","fertility","45-49","births per 1000",0
"37410",2010,"population","fertility","45-49","births per 1000",0.8
"37410",2015,"population","fertility","45-49","births per 1000",1
"37410",2020,"population","fertility","45-49","births per 1000",0
"37420",2010,"population","fertility","45-49","births per 1000",0.5
"37420",2015,"population","fertility","45-49","births per 1000",0
"37420",2020,"population","fertility","45-49","births per 1000",0
"37430",2010,"population","fertility","45-49","births per 1000",2.3
"37430",2015,"population","fertility","45-49","births per 1000",0
"37430",2020,"population","fertility","45-49","births per 1000",0
"38010",2010,"population","fertility","45-49","births per 1000",NA
"38010",2015,"population","fertility","45-49","births per 1000",NA
"38010",2020,"population","fertility","45-49","births per 1000",NA
"38020",2010,"population","fertility","45-49","births per 1000",NA
"38020",2015,"population","fertility","45-49","births per 1000",NA
"38020",2020,"population","fertility","45-49","births per 1000",NA
"38021",2010,"population","fertility","45-49","births per 1000",NA
"38021",2015,"population","fertility","45-49","births per 1000",NA
"38021",2020,"population","fertility","45-49","births per 1000",NA
"38022",2010,"population","fertility","45-49","births per 1000",NA
"38022",2015,"population","fertility","45-49","births per 1000",NA
"38022",2020,"population","fertility","45-49","births per 1000",NA
"38030",2010,"population","fertility","45-49","births per 1000",0.1
"38030",2015,"population","fertility","45-49","births per 1000",0.3
"38030",2020,"population","fertility","45-49","births per 1000",0.1
"38040",2010,"population","fertility","45-49","births per 1000",NA
"38040",2015,"population","fertility","45-49","births per 1000",NA
"38040",2020,"population","fertility","45-49","births per 1000",NA
"38050",2010,"population","fertility","45-49","births per 1000",0
"38050",2015,"population","fertility","45-49","births per 1000",0.6
"38050",2020,"population","fertility","45-49","births per 1000",0
"38060",2010,"population","fertility","45-49","births per 1000",0.2
"38060",2015,"population","fertility","45-49","births per 1000",0
"38060",2020,"population","fertility","45-49","births per 1000",0.2
"38070",2010,"population","fertility","45-49","births per 1000",0.1
"38070",2015,"population","fertility","45-49","births per 1000",0.2
"38070",2020,"population","fertility","45-49","births per 1000",0.1
"38080",2010,"population","fertility","45-49","births per 1000",0.2
"38080",2015,"population","fertility","45-49","births per 1000",0
"38080",2020,"population","fertility","45-49","births per 1000",0
"38090",2010,"population","fertility","45-49","births per 1000",0
"38090",2015,"population","fertility","45-49","births per 1000",0.2
"38090",2020,"population","fertility","45-49","births per 1000",0.3
"38100",2010,"population","fertility","45-49","births per 1000",0.3
"38100",2015,"population","fertility","45-49","births per 1000",0.1
"38100",2020,"population","fertility","45-49","births per 1000",0.4
"38110",2010,"population","fertility","45-49","births per 1000",0.2
"38110",2015,"population","fertility","45-49","births per 1000",0.1
"38110",2020,"population","fertility","45-49","births per 1000",0.1
"38111",2010,"population","fertility","45-49","births per 1000",0.3
"38111",2015,"population","fertility","45-49","births per 1000",0.2
"38111",2020,"population","fertility","45-49","births per 1000",0.1
"38112",2010,"population","fertility","45-49","births per 1000",0.1
"38112",2015,"population","fertility","45-49","births per 1000",0.1
"38112",2020,"population","fertility","45-49","births per 1000",0.1
"38113",2010,"population","fertility","45-49","births per 1000",0.1
"38113",2015,"population","fertility","45-49","births per 1000",0
"38113",2020,"population","fertility","45-49","births per 1000",0.2
"38114",2010,"population","fertility","45-49","births per 1000",0.1
"38114",2015,"population","fertility","45-49","births per 1000",0.2
"38114",2020,"population","fertility","45-49","births per 1000",0
"38115",2010,"population","fertility","45-49","births per 1000",0
"38115",2015,"population","fertility","45-49","births per 1000",0
"38115",2020,"population","fertility","45-49","births per 1000",0.1
"38310",2010,"population","fertility","45-49","births per 1000",0
"38310",2015,"population","fertility","45-49","births per 1000",0
"38310",2020,"population","fertility","45-49","births per 1000",0
"38320",2010,"population","fertility","45-49","births per 1000",0
"38320",2015,"population","fertility","45-49","births per 1000",0.4
"38320",2020,"population","fertility","45-49","births per 1000",0.4
"38330",2010,"population","fertility","45-49","births per 1000",0
"38330",2015,"population","fertility","45-49","births per 1000",0
"38330",2020,"population","fertility","45-49","births per 1000",0
"38340",2010,"population","fertility","45-49","births per 1000",0.5
"38340",2015,"population","fertility","45-49","births per 1000",0
"38340",2020,"population","fertility","45-49","births per 1000",0
"38350",2010,"population","fertility","45-49","births per 1000",0
"38350",2015,"population","fertility","45-49","births per 1000",0
"38350",2020,"population","fertility","45-49","births per 1000",0
"38360",2010,"population","fertility","45-49","births per 1000",0
"38360",2015,"population","fertility","45-49","births per 1000",0
"38360",2020,"population","fertility","45-49","births per 1000",0
"38370",2010,"population","fertility","45-49","births per 1000",0
"38370",2015,"population","fertility","45-49","births per 1000",1.7
"38370",2020,"population","fertility","45-49","births per 1000",0
"38380",2010,"population","fertility","45-49","births per 1000",0.7
"38380",2015,"population","fertility","45-49","births per 1000",0
"38380",2020,"population","fertility","45-49","births per 1000",0
"38390",2010,"population","fertility","45-49","births per 1000",0.4
"38390",2015,"population","fertility","45-49","births per 1000",0
"38390",2020,"population","fertility","45-49","births per 1000",0.5
"38400",2010,"population","fertility","45-49","births per 1000",0
"38400",2015,"population","fertility","45-49","births per 1000",0
"38400",2020,"population","fertility","45-49","births per 1000",0
"39010",2010,"population","fertility","45-49","births per 1000",0.1
"39010",2015,"population","fertility","45-49","births per 1000",0.3
"39010",2020,"population","fertility","45-49","births per 1000",0.2
"39020",2010,"population","fertility","45-49","births per 1000",0
"39020",2015,"population","fertility","45-49","births per 1000",0
"39020",2020,"population","fertility","45-49","births per 1000",0.4
"39310",2010,"population","fertility","45-49","births per 1000",NA
"39310",2015,"population","fertility","45-49","births per 1000",NA
"39310",2020,"population","fertility","45-49","births per 1000",NA
"39320",2010,"population","fertility","45-49","births per 1000",NA
"39320",2015,"population","fertility","45-49","births per 1000",NA
"39320",2020,"population","fertility","45-49","births per 1000",NA
"23090",2020,"population","fertility","45-49","births per 1000",0.3
