"year","sggcd","type","class1","class2","unit","value"
2010,"32010","economy","grdp","gross regional domestic product at market prices","million KRW",4990390
2010,"32020","economy","grdp","gross regional domestic product at market prices","million KRW",5665531
2010,"32030","economy","grdp","gross regional domestic product at market prices","million KRW",3705959
2010,"32040","economy","grdp","gross regional domestic product at market prices","million KRW",2325739
2010,"32050","economy","grdp","gross regional domestic product at market prices","million KRW",769678
2010,"32060","economy","grdp","gross regional domestic product at market prices","million KRW",1230671
2010,"32070","economy","grdp","gross regional domestic product at market prices","million KRW",1555088
2010,"32310","economy","grdp","gross regional domestic product at market prices","million KRW",1791845
2010,"32320","economy","grdp","gross regional domestic product at market prices","million KRW",1104871
2010,"32330","economy","grdp","gross regional domestic product at market prices","million KRW",1007999
2010,"32340","economy","grdp","gross regional domestic product at market prices","million KRW",1125454
2010,"32350","economy","grdp","gross regional domestic product at market prices","million KRW",1202451
2010,"32360","economy","grdp","gross regional domestic product at market prices","million KRW",1211548
2010,"32370","economy","grdp","gross regional domestic product at market prices","million KRW",909707
2010,"32380","economy","grdp","gross regional domestic product at market prices","million KRW",623529
2010,"32390","economy","grdp","gross regional domestic product at market prices","million KRW",1052882
2010,"32400","economy","grdp","gross regional domestic product at market prices","million KRW",722612
2010,"32410","economy","grdp","gross regional domestic product at market prices","million KRW",732959
2010,"32010","economy","grdp","net taxes on products","million KRW",353526
2010,"32020","economy","grdp","net taxes on products","million KRW",457486
2010,"32030","economy","grdp","net taxes on products","million KRW",279883
2010,"32040","economy","grdp","net taxes on products","million KRW",202723
2010,"32050","economy","grdp","net taxes on products","million KRW",54268
2010,"32060","economy","grdp","net taxes on products","million KRW",85239
2010,"32070","economy","grdp","net taxes on products","million KRW",112923
2010,"32310","economy","grdp","net taxes on products","million KRW",136724
2010,"32320","economy","grdp","net taxes on products","million KRW",92845
2010,"32330","economy","grdp","net taxes on products","million KRW",76168
2010,"32340","economy","grdp","net taxes on products","million KRW",83803
2010,"32350","economy","grdp","net taxes on products","million KRW",84791
2010,"32360","economy","grdp","net taxes on products","million KRW",82105
2010,"32370","economy","grdp","net taxes on products","million KRW",54919
2010,"32380","economy","grdp","net taxes on products","million KRW",37818
2010,"32390","economy","grdp","net taxes on products","million KRW",67298
2010,"32400","economy","grdp","net taxes on products","million KRW",48214
2010,"32410","economy","grdp","net taxes on products","million KRW",54284
2010,"32010","economy","grdp","total value added at basic prices","million KRW",4636864
2010,"32020","economy","grdp","total value added at basic prices","million KRW",5208044
2010,"32030","economy","grdp","total value added at basic prices","million KRW",3426076
2010,"32040","economy","grdp","total value added at basic prices","million KRW",2123016
2010,"32050","economy","grdp","total value added at basic prices","million KRW",715410
2010,"32060","economy","grdp","total value added at basic prices","million KRW",1145433
2010,"32070","economy","grdp","total value added at basic prices","million KRW",1442165
2010,"32310","economy","grdp","total value added at basic prices","million KRW",1655122
2010,"32320","economy","grdp","total value added at basic prices","million KRW",1012025
2010,"32330","economy","grdp","total value added at basic prices","million KRW",931832
2010,"32340","economy","grdp","total value added at basic prices","million KRW",1041651
2010,"32350","economy","grdp","total value added at basic prices","million KRW",1117660
2010,"32360","economy","grdp","total value added at basic prices","million KRW",1129443
2010,"32370","economy","grdp","total value added at basic prices","million KRW",854788
2010,"32380","economy","grdp","total value added at basic prices","million KRW",585711
2010,"32390","economy","grdp","total value added at basic prices","million KRW",985584
2010,"32400","economy","grdp","total value added at basic prices","million KRW",674398
2010,"32410","economy","grdp","total value added at basic prices","million KRW",678675
2010,"32010","economy","grdp","agriculture, forestry and fishing","million KRW",112086
2010,"32020","economy","grdp","agriculture, forestry and fishing","million KRW",86270
2010,"32030","economy","grdp","agriculture, forestry and fishing","million KRW",88779
2010,"32040","economy","grdp","agriculture, forestry and fishing","million KRW",25804
2010,"32050","economy","grdp","agriculture, forestry and fishing","million KRW",12753
2010,"32060","economy","grdp","agriculture, forestry and fishing","million KRW",30710
2010,"32070","economy","grdp","agriculture, forestry and fishing","million KRW",84846
2010,"32310","economy","grdp","agriculture, forestry and fishing","million KRW",241025
2010,"32320","economy","grdp","agriculture, forestry and fishing","million KRW",211709
2010,"32330","economy","grdp","agriculture, forestry and fishing","million KRW",90497
2010,"32340","economy","grdp","agriculture, forestry and fishing","million KRW",183352
2010,"32350","economy","grdp","agriculture, forestry and fishing","million KRW",138408
2010,"32360","economy","grdp","agriculture, forestry and fishing","million KRW",111308
2010,"32370","economy","grdp","agriculture, forestry and fishing","million KRW",56391
2010,"32380","economy","grdp","agriculture, forestry and fishing","million KRW",78360
2010,"32390","economy","grdp","agriculture, forestry and fishing","million KRW",98269
2010,"32400","economy","grdp","agriculture, forestry and fishing","million KRW",47784
2010,"32410","economy","grdp","agriculture, forestry and fishing","million KRW",46067
2010,"32010","economy","grdp","mining and quarrying","million KRW",19433
2010,"32020","economy","grdp","mining and quarrying","million KRW",17450
2010,"32030","economy","grdp","mining and quarrying","million KRW",40080
2010,"32040","economy","grdp","mining and quarrying","million KRW",30542
2010,"32050","economy","grdp","mining and quarrying","million KRW",35223
2010,"32060","economy","grdp","mining and quarrying","million KRW",NA
2010,"32070","economy","grdp","mining and quarrying","million KRW",243113
2010,"32310","economy","grdp","mining and quarrying","million KRW",3085
2010,"32320","economy","grdp","mining and quarrying","million KRW",7118
2010,"32330","economy","grdp","mining and quarrying","million KRW",57960
2010,"32340","economy","grdp","mining and quarrying","million KRW",20573
2010,"32350","economy","grdp","mining and quarrying","million KRW",74036
2010,"32360","economy","grdp","mining and quarrying","million KRW",NA
2010,"32370","economy","grdp","mining and quarrying","million KRW",NA
2010,"32380","economy","grdp","mining and quarrying","million KRW",2853
2010,"32390","economy","grdp","mining and quarrying","million KRW",1172
2010,"32400","economy","grdp","mining and quarrying","million KRW",5539
2010,"32410","economy","grdp","mining and quarrying","million KRW",21017
2010,"32010","economy","grdp","manufacturing","million KRW",206647
2010,"32020","economy","grdp","manufacturing","million KRW",980188
2010,"32030","economy","grdp","manufacturing","million KRW",302412
2010,"32040","economy","grdp","manufacturing","million KRW",429013
2010,"32050","economy","grdp","manufacturing","million KRW",27518
2010,"32060","economy","grdp","manufacturing","million KRW",32243
2010,"32070","economy","grdp","manufacturing","million KRW",138673
2010,"32310","economy","grdp","manufacturing","million KRW",231398
2010,"32320","economy","grdp","manufacturing","million KRW",202507
2010,"32330","economy","grdp","manufacturing","million KRW",145389
2010,"32340","economy","grdp","manufacturing","million KRW",42759
2010,"32350","economy","grdp","manufacturing","million KRW",46714
2010,"32360","economy","grdp","manufacturing","million KRW",62220
2010,"32370","economy","grdp","manufacturing","million KRW",14821
2010,"32380","economy","grdp","manufacturing","million KRW",13081
2010,"32390","economy","grdp","manufacturing","million KRW",15858
2010,"32400","economy","grdp","manufacturing","million KRW",26003
2010,"32410","economy","grdp","manufacturing","million KRW",33044
2010,"32010","economy","grdp","electricity, gas, steam and air conditioning supply; water supply and waste management","million KRW",128984
2010,"32020","economy","grdp","electricity, gas, steam and air conditioning supply; water supply and waste management","million KRW",87548
2010,"32030","economy","grdp","electricity, gas, steam and air conditioning supply; water supply and waste management","million KRW",105640
2010,"32040","economy","grdp","electricity, gas, steam and air conditioning supply; water supply and waste management","million KRW",95687
2010,"32050","economy","grdp","electricity, gas, steam and air conditioning supply; water supply and waste management","million KRW",9675
2010,"32060","economy","grdp","electricity, gas, steam and air conditioning supply; water supply and waste management","million KRW",13766
2010,"32070","economy","grdp","electricity, gas, steam and air conditioning supply; water supply and waste management","million KRW",9463
2010,"32310","economy","grdp","electricity, gas, steam and air conditioning supply; water supply and waste management","million KRW",16482
2010,"32320","economy","grdp","electricity, gas, steam and air conditioning supply; water supply and waste management","million KRW",9825
2010,"32330","economy","grdp","electricity, gas, steam and air conditioning supply; water supply and waste management","million KRW",6862
2010,"32340","economy","grdp","electricity, gas, steam and air conditioning supply; water supply and waste management","million KRW",16754
2010,"32350","economy","grdp","electricity, gas, steam and air conditioning supply; water supply and waste management","million KRW",3880
2010,"32360","economy","grdp","electricity, gas, steam and air conditioning supply; water supply and waste management","million KRW",6182
2010,"32370","economy","grdp","electricity, gas, steam and air conditioning supply; water supply and waste management","million KRW",15399
2010,"32380","economy","grdp","electricity, gas, steam and air conditioning supply; water supply and waste management","million KRW",3761
2010,"32390","economy","grdp","electricity, gas, steam and air conditioning supply; water supply and waste management","million KRW",5216
2010,"32400","economy","grdp","electricity, gas, steam and air conditioning supply; water supply and waste management","million KRW",3267
2010,"32410","economy","grdp","electricity, gas, steam and air conditioning supply; water supply and waste management","million KRW",40300
2010,"32010","economy","grdp","construction","million KRW",358171
2010,"32020","economy","grdp","construction","million KRW",278844
2010,"32030","economy","grdp","construction","million KRW",148298
2010,"32040","economy","grdp","construction","million KRW",163009
2010,"32050","economy","grdp","construction","million KRW",52441
2010,"32060","economy","grdp","construction","million KRW",73555
2010,"32070","economy","grdp","construction","million KRW",116038
2010,"32310","economy","grdp","construction","million KRW",141760
2010,"32320","economy","grdp","construction","million KRW",70517
2010,"32330","economy","grdp","construction","million KRW",138110
2010,"32340","economy","grdp","construction","million KRW",179533
2010,"32350","economy","grdp","construction","million KRW",152167
2010,"32360","economy","grdp","construction","million KRW",73846
2010,"32370","economy","grdp","construction","million KRW",59094
2010,"32380","economy","grdp","construction","million KRW",32875
2010,"32390","economy","grdp","construction","million KRW",122351
2010,"32400","economy","grdp","construction","million KRW",53391
2010,"32410","economy","grdp","construction","million KRW",81354
2010,"32010","economy","grdp","wholesale and retail trade","million KRW",289040
2010,"32020","economy","grdp","wholesale and retail trade","million KRW",463042
2010,"32030","economy","grdp","wholesale and retail trade","million KRW",288486
2010,"32040","economy","grdp","wholesale and retail trade","million KRW",114091
2010,"32050","economy","grdp","wholesale and retail trade","million KRW",53094
2010,"32060","economy","grdp","wholesale and retail trade","million KRW",102896
2010,"32070","economy","grdp","wholesale and retail trade","million KRW",56410
2010,"32310","economy","grdp","wholesale and retail trade","million KRW",63628
2010,"32320","economy","grdp","wholesale and retail trade","million KRW",33336
2010,"32330","economy","grdp","wholesale and retail trade","million KRW",34155
2010,"32340","economy","grdp","wholesale and retail trade","million KRW",41890
2010,"32350","economy","grdp","wholesale and retail trade","million KRW",28944
2010,"32360","economy","grdp","wholesale and retail trade","million KRW",33471
2010,"32370","economy","grdp","wholesale and retail trade","million KRW",14291
2010,"32380","economy","grdp","wholesale and retail trade","million KRW",13924
2010,"32390","economy","grdp","wholesale and retail trade","million KRW",23624
2010,"32400","economy","grdp","wholesale and retail trade","million KRW",22090
2010,"32410","economy","grdp","wholesale and retail trade","million KRW",25350
2010,"32010","economy","grdp","transportation and storage","million KRW",179142
2010,"32020","economy","grdp","transportation and storage","million KRW",146195
2010,"32030","economy","grdp","transportation and storage","million KRW",217184
2010,"32040","economy","grdp","transportation and storage","million KRW",271686
2010,"32050","economy","grdp","transportation and storage","million KRW",36274
2010,"32060","economy","grdp","transportation and storage","million KRW",60680
2010,"32070","economy","grdp","transportation and storage","million KRW",85590
2010,"32310","economy","grdp","transportation and storage","million KRW",48452
2010,"32320","economy","grdp","transportation and storage","million KRW",31855
2010,"32330","economy","grdp","transportation and storage","million KRW",21387
2010,"32340","economy","grdp","transportation and storage","million KRW",23147
2010,"32350","economy","grdp","transportation and storage","million KRW",16786
2010,"32360","economy","grdp","transportation and storage","million KRW",7120
2010,"32370","economy","grdp","transportation and storage","million KRW",3792
2010,"32380","economy","grdp","transportation and storage","million KRW",5161
2010,"32390","economy","grdp","transportation and storage","million KRW",7333
2010,"32400","economy","grdp","transportation and storage","million KRW",9098
2010,"32410","economy","grdp","transportation and storage","million KRW",7272
2010,"32010","economy","grdp","accommodation and food service activities","million KRW",167599
2010,"32020","economy","grdp","accommodation and food service activities","million KRW",178283
2010,"32030","economy","grdp","accommodation and food service activities","million KRW",149153
2010,"32040","economy","grdp","accommodation and food service activities","million KRW",59379
2010,"32050","economy","grdp","accommodation and food service activities","million KRW",36718
2010,"32060","economy","grdp","accommodation and food service activities","million KRW",84849
2010,"32070","economy","grdp","accommodation and food service activities","million KRW",37474
2010,"32310","economy","grdp","accommodation and food service activities","million KRW",119735
2010,"32320","economy","grdp","accommodation and food service activities","million KRW",36911
2010,"32330","economy","grdp","accommodation and food service activities","million KRW",22648
2010,"32340","economy","grdp","accommodation and food service activities","million KRW",118688
2010,"32350","economy","grdp","accommodation and food service activities","million KRW",57687
2010,"32360","economy","grdp","accommodation and food service activities","million KRW",24003
2010,"32370","economy","grdp","accommodation and food service activities","million KRW",13416
2010,"32380","economy","grdp","accommodation and food service activities","million KRW",11382
2010,"32390","economy","grdp","accommodation and food service activities","million KRW",25337
2010,"32400","economy","grdp","accommodation and food service activities","million KRW",44104
2010,"32410","economy","grdp","accommodation and food service activities","million KRW",64559
2010,"32010","economy","grdp","information and communication","million KRW",193859
2010,"32020","economy","grdp","information and communication","million KRW",165281
2010,"32030","economy","grdp","information and communication","million KRW",111733
2010,"32040","economy","grdp","information and communication","million KRW",27012
2010,"32050","economy","grdp","information and communication","million KRW",16784
2010,"32060","economy","grdp","information and communication","million KRW",28421
2010,"32070","economy","grdp","information and communication","million KRW",30829
2010,"32310","economy","grdp","information and communication","million KRW",33299
2010,"32320","economy","grdp","information and communication","million KRW",32391
2010,"32330","economy","grdp","information and communication","million KRW",24451
2010,"32340","economy","grdp","information and communication","million KRW",21440
2010,"32350","economy","grdp","information and communication","million KRW",21416
2010,"32360","economy","grdp","information and communication","million KRW",22019
2010,"32370","economy","grdp","information and communication","million KRW",15853
2010,"32380","economy","grdp","information and communication","million KRW",18507
2010,"32390","economy","grdp","information and communication","million KRW",17328
2010,"32400","economy","grdp","information and communication","million KRW",9309
2010,"32410","economy","grdp","information and communication","million KRW",15680
2010,"32010","economy","grdp","financial and insurance activities","million KRW",287927
2010,"32020","economy","grdp","financial and insurance activities","million KRW",306057
2010,"32030","economy","grdp","financial and insurance activities","million KRW",212937
2010,"32040","economy","grdp","financial and insurance activities","million KRW",78024
2010,"32050","economy","grdp","financial and insurance activities","million KRW",48021
2010,"32060","economy","grdp","financial and insurance activities","million KRW",79478
2010,"32070","economy","grdp","financial and insurance activities","million KRW",51200
2010,"32310","economy","grdp","financial and insurance activities","million KRW",54406
2010,"32320","economy","grdp","financial and insurance activities","million KRW",29932
2010,"32330","economy","grdp","financial and insurance activities","million KRW",27944
2010,"32340","economy","grdp","financial and insurance activities","million KRW",38333
2010,"32350","economy","grdp","financial and insurance activities","million KRW",34708
2010,"32360","economy","grdp","financial and insurance activities","million KRW",30587
2010,"32370","economy","grdp","financial and insurance activities","million KRW",14591
2010,"32380","economy","grdp","financial and insurance activities","million KRW",13750
2010,"32390","economy","grdp","financial and insurance activities","million KRW",25011
2010,"32400","economy","grdp","financial and insurance activities","million KRW",18530
2010,"32410","economy","grdp","financial and insurance activities","million KRW",18029
2010,"32010","economy","grdp","real estate activities; rental and leasing activities","million KRW",395977
2010,"32020","economy","grdp","real estate activities; rental and leasing activities","million KRW",423763
2010,"32030","economy","grdp","real estate activities; rental and leasing activities","million KRW",280601
2010,"32040","economy","grdp","real estate activities; rental and leasing activities","million KRW",118875
2010,"32050","economy","grdp","real estate activities; rental and leasing activities","million KRW",53220
2010,"32060","economy","grdp","real estate activities; rental and leasing activities","million KRW",114778
2010,"32070","economy","grdp","real estate activities; rental and leasing activities","million KRW",85987
2010,"32310","economy","grdp","real estate activities; rental and leasing activities","million KRW",60274
2010,"32320","economy","grdp","real estate activities; rental and leasing activities","million KRW",36538
2010,"32330","economy","grdp","real estate activities; rental and leasing activities","million KRW",32151
2010,"32340","economy","grdp","real estate activities; rental and leasing activities","million KRW",47108
2010,"32350","economy","grdp","real estate activities; rental and leasing activities","million KRW",45138
2010,"32360","economy","grdp","real estate activities; rental and leasing activities","million KRW",34531
2010,"32370","economy","grdp","real estate activities; rental and leasing activities","million KRW",18929
2010,"32380","economy","grdp","real estate activities; rental and leasing activities","million KRW",15326
2010,"32390","economy","grdp","real estate activities; rental and leasing activities","million KRW",23468
2010,"32400","economy","grdp","real estate activities; rental and leasing activities","million KRW",24777
2010,"32410","economy","grdp","real estate activities; rental and leasing activities","million KRW",29343
2010,"32010","economy","grdp","professional, scientific and technical activities; business support facilities","million KRW",308148
2010,"32020","economy","grdp","professional, scientific and technical activities; business support facilities","million KRW",298690
2010,"32030","economy","grdp","professional, scientific and technical activities; business support facilities","million KRW",183025
2010,"32040","economy","grdp","professional, scientific and technical activities; business support facilities","million KRW",53270
2010,"32050","economy","grdp","professional, scientific and technical activities; business support facilities","million KRW",26851
2010,"32060","economy","grdp","professional, scientific and technical activities; business support facilities","million KRW",42880
2010,"32070","economy","grdp","professional, scientific and technical activities; business support facilities","million KRW",34261
2010,"32310","economy","grdp","professional, scientific and technical activities; business support facilities","million KRW",29493
2010,"32320","economy","grdp","professional, scientific and technical activities; business support facilities","million KRW",26001
2010,"32330","economy","grdp","professional, scientific and technical activities; business support facilities","million KRW",22179
2010,"32340","economy","grdp","professional, scientific and technical activities; business support facilities","million KRW",54597
2010,"32350","economy","grdp","professional, scientific and technical activities; business support facilities","million KRW",49803
2010,"32360","economy","grdp","professional, scientific and technical activities; business support facilities","million KRW",10887
2010,"32370","economy","grdp","professional, scientific and technical activities; business support facilities","million KRW",3167
2010,"32380","economy","grdp","professional, scientific and technical activities; business support facilities","million KRW",2933
2010,"32390","economy","grdp","professional, scientific and technical activities; business support facilities","million KRW",10540
2010,"32400","economy","grdp","professional, scientific and technical activities; business support facilities","million KRW",9302
2010,"32410","economy","grdp","professional, scientific and technical activities; business support facilities","million KRW",8738
2010,"32010","economy","grdp","public administration and defence; compulsory social security","million KRW",794166
2010,"32020","economy","grdp","public administration and defence; compulsory social security","million KRW",534443
2010,"32030","economy","grdp","public administration and defence; compulsory social security","million KRW",471253
2010,"32040","economy","grdp","public administration and defence; compulsory social security","million KRW",364234
2010,"32050","economy","grdp","public administration and defence; compulsory social security","million KRW",141885
2010,"32060","economy","grdp","public administration and defence; compulsory social security","million KRW",200765
2010,"32070","economy","grdp","public administration and defence; compulsory social security","million KRW",238767
2010,"32310","economy","grdp","public administration and defence; compulsory social security","million KRW",383977
2010,"32320","economy","grdp","public administration and defence; compulsory social security","million KRW",142862
2010,"32330","economy","grdp","public administration and defence; compulsory social security","million KRW",169363
2010,"32340","economy","grdp","public administration and defence; compulsory social security","million KRW",127120
2010,"32350","economy","grdp","public administration and defence; compulsory social security","million KRW",140500
2010,"32360","economy","grdp","public administration and defence; compulsory social security","million KRW",553628
2010,"32370","economy","grdp","public administration and defence; compulsory social security","million KRW",554496
2010,"32380","economy","grdp","public administration and defence; compulsory social security","million KRW",306241
2010,"32390","economy","grdp","public administration and defence; compulsory social security","million KRW",495065
2010,"32400","economy","grdp","public administration and defence; compulsory social security","million KRW",281264
2010,"32410","economy","grdp","public administration and defence; compulsory social security","million KRW",203467
2010,"32010","economy","grdp","education","million KRW",612545
2010,"32020","economy","grdp","education","million KRW",639358
2010,"32030","economy","grdp","education","million KRW",420987
2010,"32040","economy","grdp","education","million KRW",124804
2010,"32050","economy","grdp","education","million KRW",73237
2010,"32060","economy","grdp","education","million KRW",120753
2010,"32070","economy","grdp","education","million KRW",114415
2010,"32310","economy","grdp","education","million KRW",98394
2010,"32320","economy","grdp","education","million KRW",67552
2010,"32330","economy","grdp","education","million KRW",66941
2010,"32340","economy","grdp","education","million KRW",60780
2010,"32350","economy","grdp","education","million KRW",59724
2010,"32360","economy","grdp","education","million KRW",65653
2010,"32370","economy","grdp","education","million KRW",36473
2010,"32380","economy","grdp","education","million KRW",39032
2010,"32390","economy","grdp","education","million KRW",47993
2010,"32400","economy","grdp","education","million KRW",56521
2010,"32410","economy","grdp","education","million KRW",34798
2010,"32010","economy","grdp","human health and social work activities","million KRW",285382
2010,"32020","economy","grdp","human health and social work activities","million KRW",324722
2010,"32030","economy","grdp","human health and social work activities","million KRW",208238
2010,"32040","economy","grdp","human health and social work activities","million KRW",87244
2010,"32050","economy","grdp","human health and social work activities","million KRW",48367
2010,"32060","economy","grdp","human health and social work activities","million KRW",78769
2010,"32070","economy","grdp","human health and social work activities","million KRW",52988
2010,"32310","economy","grdp","human health and social work activities","million KRW",52142
2010,"32320","economy","grdp","human health and social work activities","million KRW",29356
2010,"32330","economy","grdp","human health and social work activities","million KRW",32404
2010,"32340","economy","grdp","human health and social work activities","million KRW",23541
2010,"32350","economy","grdp","human health and social work activities","million KRW",26025
2010,"32360","economy","grdp","human health and social work activities","million KRW",36739
2010,"32370","economy","grdp","human health and social work activities","million KRW",15938
2010,"32380","economy","grdp","human health and social work activities","million KRW",13662
2010,"32390","economy","grdp","human health and social work activities","million KRW",25208
2010,"32400","economy","grdp","human health and social work activities","million KRW",21969
2010,"32410","economy","grdp","human health and social work activities","million KRW",17044
2010,"32010","economy","grdp","arts, sports and recreation; membership organizations and personal services","million KRW",297759
2010,"32020","economy","grdp","arts, sports and recreation; membership organizations and personal services","million KRW",277910
2010,"32030","economy","grdp","arts, sports and recreation; membership organizations and personal services","million KRW",197270
2010,"32040","economy","grdp","arts, sports and recreation; membership organizations and personal services","million KRW",80342
2010,"32050","economy","grdp","arts, sports and recreation; membership organizations and personal services","million KRW",43349
2010,"32060","economy","grdp","arts, sports and recreation; membership organizations and personal services","million KRW",80890
2010,"32070","economy","grdp","arts, sports and recreation; membership organizations and personal services","million KRW",62111
2010,"32310","economy","grdp","arts, sports and recreation; membership organizations and personal services","million KRW",77572
2010,"32320","economy","grdp","arts, sports and recreation; membership organizations and personal services","million KRW",43616
2010,"32330","economy","grdp","arts, sports and recreation; membership organizations and personal services","million KRW",39392
2010,"32340","economy","grdp","arts, sports and recreation; membership organizations and personal services","million KRW",42035
2010,"32350","economy","grdp","arts, sports and recreation; membership organizations and personal services","million KRW",221724
2010,"32360","economy","grdp","arts, sports and recreation; membership organizations and personal services","million KRW",57249
2010,"32370","economy","grdp","arts, sports and recreation; membership organizations and personal services","million KRW",18137
2010,"32380","economy","grdp","arts, sports and recreation; membership organizations and personal services","million KRW",14862
2010,"32390","economy","grdp","arts, sports and recreation; membership organizations and personal services","million KRW",41810
2010,"32400","economy","grdp","arts, sports and recreation; membership organizations and personal services","million KRW",41450
2010,"32410","economy","grdp","arts, sports and recreation; membership organizations and personal services","million KRW",32614
2015,"32010","economy","grdp","gross regional domestic product at market prices","million KRW",6460226
2015,"32020","economy","grdp","gross regional domestic product at market prices","million KRW",8002253
2015,"32030","economy","grdp","gross regional domestic product at market prices","million KRW",4740366
2015,"32040","economy","grdp","gross regional domestic product at market prices","million KRW",2798341
2015,"32050","economy","grdp","gross regional domestic product at market prices","million KRW",912119
2015,"32060","economy","grdp","gross regional domestic product at market prices","million KRW",1401515
2015,"32070","economy","grdp","gross regional domestic product at market prices","million KRW",2668720
2015,"32310","economy","grdp","gross regional domestic product at market prices","million KRW",2109757
2015,"32320","economy","grdp","gross regional domestic product at market prices","million KRW",1519023
2015,"32330","economy","grdp","gross regional domestic product at market prices","million KRW",1153672
2015,"32340","economy","grdp","gross regional domestic product at market prices","million KRW",1406792
2015,"32350","economy","grdp","gross regional domestic product at market prices","million KRW",1212651
2015,"32360","economy","grdp","gross regional domestic product at market prices","million KRW",1556122
2015,"32370","economy","grdp","gross regional domestic product at market prices","million KRW",1134705
2015,"32380","economy","grdp","gross regional domestic product at market prices","million KRW",768477
2015,"32390","economy","grdp","gross regional domestic product at market prices","million KRW",1260772
2015,"32400","economy","grdp","gross regional domestic product at market prices","million KRW",900623
2015,"32410","economy","grdp","gross regional domestic product at market prices","million KRW",861852
2015,"32010","economy","grdp","net taxes on products","million KRW",404172
2015,"32020","economy","grdp","net taxes on products","million KRW",609463
2015,"32030","economy","grdp","net taxes on products","million KRW",339813
2015,"32040","economy","grdp","net taxes on products","million KRW",204809
2015,"32050","economy","grdp","net taxes on products","million KRW",59795
2015,"32060","economy","grdp","net taxes on products","million KRW",96522
2015,"32070","economy","grdp","net taxes on products","million KRW",197212
2015,"32310","economy","grdp","net taxes on products","million KRW",143036
2015,"32320","economy","grdp","net taxes on products","million KRW",121990
2015,"32330","economy","grdp","net taxes on products","million KRW",86233
2015,"32340","economy","grdp","net taxes on products","million KRW",95745
2015,"32350","economy","grdp","net taxes on products","million KRW",79181
2015,"32360","economy","grdp","net taxes on products","million KRW",97502
2015,"32370","economy","grdp","net taxes on products","million KRW",62419
2015,"32380","economy","grdp","net taxes on products","million KRW",43142
2015,"32390","economy","grdp","net taxes on products","million KRW",73952
2015,"32400","economy","grdp","net taxes on products","million KRW",56601
2015,"32410","economy","grdp","net taxes on products","million KRW",57129
2015,"32010","economy","grdp","total value added at basic prices","million KRW",6056053
2015,"32020","economy","grdp","total value added at basic prices","million KRW",7392790
2015,"32030","economy","grdp","total value added at basic prices","million KRW",4400553
2015,"32040","economy","grdp","total value added at basic prices","million KRW",2593531
2015,"32050","economy","grdp","total value added at basic prices","million KRW",852324
2015,"32060","economy","grdp","total value added at basic prices","million KRW",1304992
2015,"32070","economy","grdp","total value added at basic prices","million KRW",2471508
2015,"32310","economy","grdp","total value added at basic prices","million KRW",1966721
2015,"32320","economy","grdp","total value added at basic prices","million KRW",1397033
2015,"32330","economy","grdp","total value added at basic prices","million KRW",1067439
2015,"32340","economy","grdp","total value added at basic prices","million KRW",1311047
2015,"32350","economy","grdp","total value added at basic prices","million KRW",1133471
2015,"32360","economy","grdp","total value added at basic prices","million KRW",1458620
2015,"32370","economy","grdp","total value added at basic prices","million KRW",1072286
2015,"32380","economy","grdp","total value added at basic prices","million KRW",725335
2015,"32390","economy","grdp","total value added at basic prices","million KRW",1186820
2015,"32400","economy","grdp","total value added at basic prices","million KRW",844022
2015,"32410","economy","grdp","total value added at basic prices","million KRW",804723
2015,"32010","economy","grdp","agriculture, forestry and fishing","million KRW",147103
2015,"32020","economy","grdp","agriculture, forestry and fishing","million KRW",109324
2015,"32030","economy","grdp","agriculture, forestry and fishing","million KRW",113290
2015,"32040","economy","grdp","agriculture, forestry and fishing","million KRW",21305
2015,"32050","economy","grdp","agriculture, forestry and fishing","million KRW",14856
2015,"32060","economy","grdp","agriculture, forestry and fishing","million KRW",27668
2015,"32070","economy","grdp","agriculture, forestry and fishing","million KRW",105742
2015,"32310","economy","grdp","agriculture, forestry and fishing","million KRW",270169
2015,"32320","economy","grdp","agriculture, forestry and fishing","million KRW",280493
2015,"32330","economy","grdp","agriculture, forestry and fishing","million KRW",72436
2015,"32340","economy","grdp","agriculture, forestry and fishing","million KRW",222164
2015,"32350","economy","grdp","agriculture, forestry and fishing","million KRW",138826
2015,"32360","economy","grdp","agriculture, forestry and fishing","million KRW",221412
2015,"32370","economy","grdp","agriculture, forestry and fishing","million KRW",64168
2015,"32380","economy","grdp","agriculture, forestry and fishing","million KRW",92866
2015,"32390","economy","grdp","agriculture, forestry and fishing","million KRW",85129
2015,"32400","economy","grdp","agriculture, forestry and fishing","million KRW",68241
2015,"32410","economy","grdp","agriculture, forestry and fishing","million KRW",50029
2015,"32010","economy","grdp","mining and quarrying","million KRW",35685
2015,"32020","economy","grdp","mining and quarrying","million KRW",147760
2015,"32030","economy","grdp","mining and quarrying","million KRW",51062
2015,"32040","economy","grdp","mining and quarrying","million KRW",39736
2015,"32050","economy","grdp","mining and quarrying","million KRW",30570
2015,"32060","economy","grdp","mining and quarrying","million KRW",NA
2015,"32070","economy","grdp","mining and quarrying","million KRW",316310
2015,"32310","economy","grdp","mining and quarrying","million KRW",6709
2015,"32320","economy","grdp","mining and quarrying","million KRW",11812
2015,"32330","economy","grdp","mining and quarrying","million KRW",77078
2015,"32340","economy","grdp","mining and quarrying","million KRW",6062
2015,"32350","economy","grdp","mining and quarrying","million KRW",58241
2015,"32360","economy","grdp","mining and quarrying","million KRW",1156
2015,"32370","economy","grdp","mining and quarrying","million KRW",NA
2015,"32380","economy","grdp","mining and quarrying","million KRW",3489
2015,"32390","economy","grdp","mining and quarrying","million KRW",3221
2015,"32400","economy","grdp","mining and quarrying","million KRW",7655
2015,"32410","economy","grdp","mining and quarrying","million KRW",18221
2015,"32010","economy","grdp","manufacturing","million KRW",323797
2015,"32020","economy","grdp","manufacturing","million KRW",1358875
2015,"32030","economy","grdp","manufacturing","million KRW",410815
2015,"32040","economy","grdp","manufacturing","million KRW",415203
2015,"32050","economy","grdp","manufacturing","million KRW",60503
2015,"32060","economy","grdp","manufacturing","million KRW",42070
2015,"32070","economy","grdp","manufacturing","million KRW",180858
2015,"32310","economy","grdp","manufacturing","million KRW",252699
2015,"32320","economy","grdp","manufacturing","million KRW",303810
2015,"32330","economy","grdp","manufacturing","million KRW",194045
2015,"32340","economy","grdp","manufacturing","million KRW",68070
2015,"32350","economy","grdp","manufacturing","million KRW",47415
2015,"32360","economy","grdp","manufacturing","million KRW",71354
2015,"32370","economy","grdp","manufacturing","million KRW",20402
2015,"32380","economy","grdp","manufacturing","million KRW",17907
2015,"32390","economy","grdp","manufacturing","million KRW",25742
2015,"32400","economy","grdp","manufacturing","million KRW",38459
2015,"32410","economy","grdp","manufacturing","million KRW",32728
2015,"32010","economy","grdp","electricity, gas, steam and air conditioning supply; water supply and waste management","million KRW",138065
2015,"32020","economy","grdp","electricity, gas, steam and air conditioning supply; water supply and waste management","million KRW",74476
2015,"32030","economy","grdp","electricity, gas, steam and air conditioning supply; water supply and waste management","million KRW",178298
2015,"32040","economy","grdp","electricity, gas, steam and air conditioning supply; water supply and waste management","million KRW",150015
2015,"32050","economy","grdp","electricity, gas, steam and air conditioning supply; water supply and waste management","million KRW",27616
2015,"32060","economy","grdp","electricity, gas, steam and air conditioning supply; water supply and waste management","million KRW",15350
2015,"32070","economy","grdp","electricity, gas, steam and air conditioning supply; water supply and waste management","million KRW",18468
2015,"32310","economy","grdp","electricity, gas, steam and air conditioning supply; water supply and waste management","million KRW",22384
2015,"32320","economy","grdp","electricity, gas, steam and air conditioning supply; water supply and waste management","million KRW",21694
2015,"32330","economy","grdp","electricity, gas, steam and air conditioning supply; water supply and waste management","million KRW",78218
2015,"32340","economy","grdp","electricity, gas, steam and air conditioning supply; water supply and waste management","million KRW",31016
2015,"32350","economy","grdp","electricity, gas, steam and air conditioning supply; water supply and waste management","million KRW",9029
2015,"32360","economy","grdp","electricity, gas, steam and air conditioning supply; water supply and waste management","million KRW",12124
2015,"32370","economy","grdp","electricity, gas, steam and air conditioning supply; water supply and waste management","million KRW",15378
2015,"32380","economy","grdp","electricity, gas, steam and air conditioning supply; water supply and waste management","million KRW",7701
2015,"32390","economy","grdp","electricity, gas, steam and air conditioning supply; water supply and waste management","million KRW",10612
2015,"32400","economy","grdp","electricity, gas, steam and air conditioning supply; water supply and waste management","million KRW",8011
2015,"32410","economy","grdp","electricity, gas, steam and air conditioning supply; water supply and waste management","million KRW",30006
2015,"32010","economy","grdp","construction","million KRW",293458
2015,"32020","economy","grdp","construction","million KRW",812562
2015,"32030","economy","grdp","construction","million KRW",404983
2015,"32040","economy","grdp","construction","million KRW",238703
2015,"32050","economy","grdp","construction","million KRW",46011
2015,"32060","economy","grdp","construction","million KRW",112613
2015,"32070","economy","grdp","construction","million KRW",790693
2015,"32310","economy","grdp","construction","million KRW",152884
2015,"32320","economy","grdp","construction","million KRW",113223
2015,"32330","economy","grdp","construction","million KRW",45256
2015,"32340","economy","grdp","construction","million KRW",219227
2015,"32350","economy","grdp","construction","million KRW",69258
2015,"32360","economy","grdp","construction","million KRW",59973
2015,"32370","economy","grdp","construction","million KRW",57878
2015,"32380","economy","grdp","construction","million KRW",29260
2015,"32390","economy","grdp","construction","million KRW",112950
2015,"32400","economy","grdp","construction","million KRW",54048
2015,"32410","economy","grdp","construction","million KRW",82891
2015,"32010","economy","grdp","wholesale and retail trade","million KRW",320775
2015,"32020","economy","grdp","wholesale and retail trade","million KRW",491305
2015,"32030","economy","grdp","wholesale and retail trade","million KRW",293433
2015,"32040","economy","grdp","wholesale and retail trade","million KRW",122611
2015,"32050","economy","grdp","wholesale and retail trade","million KRW",56108
2015,"32060","economy","grdp","wholesale and retail trade","million KRW",118042
2015,"32070","economy","grdp","wholesale and retail trade","million KRW",71577
2015,"32310","economy","grdp","wholesale and retail trade","million KRW",75049
2015,"32320","economy","grdp","wholesale and retail trade","million KRW",45910
2015,"32330","economy","grdp","wholesale and retail trade","million KRW",40494
2015,"32340","economy","grdp","wholesale and retail trade","million KRW",56242
2015,"32350","economy","grdp","wholesale and retail trade","million KRW",37336
2015,"32360","economy","grdp","wholesale and retail trade","million KRW",41837
2015,"32370","economy","grdp","wholesale and retail trade","million KRW",17898
2015,"32380","economy","grdp","wholesale and retail trade","million KRW",17460
2015,"32390","economy","grdp","wholesale and retail trade","million KRW",35537
2015,"32400","economy","grdp","wholesale and retail trade","million KRW",23965
2015,"32410","economy","grdp","wholesale and retail trade","million KRW",31186
2015,"32010","economy","grdp","transportation and storage","million KRW",299730
2015,"32020","economy","grdp","transportation and storage","million KRW",231924
2015,"32030","economy","grdp","transportation and storage","million KRW",264306
2015,"32040","economy","grdp","transportation and storage","million KRW",357052
2015,"32050","economy","grdp","transportation and storage","million KRW",32383
2015,"32060","economy","grdp","transportation and storage","million KRW",56419
2015,"32070","economy","grdp","transportation and storage","million KRW",86052
2015,"32310","economy","grdp","transportation and storage","million KRW",75771
2015,"32320","economy","grdp","transportation and storage","million KRW",45349
2015,"32330","economy","grdp","transportation and storage","million KRW",35898
2015,"32340","economy","grdp","transportation and storage","million KRW",34561
2015,"32350","economy","grdp","transportation and storage","million KRW",22784
2015,"32360","economy","grdp","transportation and storage","million KRW",10473
2015,"32370","economy","grdp","transportation and storage","million KRW",4934
2015,"32380","economy","grdp","transportation and storage","million KRW",4646
2015,"32390","economy","grdp","transportation and storage","million KRW",6508
2015,"32400","economy","grdp","transportation and storage","million KRW",8786
2015,"32410","economy","grdp","transportation and storage","million KRW",25419
2015,"32010","economy","grdp","accommodation and food service activities","million KRW",213541
2015,"32020","economy","grdp","accommodation and food service activities","million KRW",233723
2015,"32030","economy","grdp","accommodation and food service activities","million KRW",220338
2015,"32040","economy","grdp","accommodation and food service activities","million KRW",67887
2015,"32050","economy","grdp","accommodation and food service activities","million KRW",33292
2015,"32060","economy","grdp","accommodation and food service activities","million KRW",119080
2015,"32070","economy","grdp","accommodation and food service activities","million KRW",58465
2015,"32310","economy","grdp","accommodation and food service activities","million KRW",128730
2015,"32320","economy","grdp","accommodation and food service activities","million KRW",44929
2015,"32330","economy","grdp","accommodation and food service activities","million KRW",31725
2015,"32340","economy","grdp","accommodation and food service activities","million KRW",128627
2015,"32350","economy","grdp","accommodation and food service activities","million KRW",67429
2015,"32360","economy","grdp","accommodation and food service activities","million KRW",30036
2015,"32370","economy","grdp","accommodation and food service activities","million KRW",17860
2015,"32380","economy","grdp","accommodation and food service activities","million KRW",16728
2015,"32390","economy","grdp","accommodation and food service activities","million KRW",31246
2015,"32400","economy","grdp","accommodation and food service activities","million KRW",56010
2015,"32410","economy","grdp","accommodation and food service activities","million KRW",67604
2015,"32010","economy","grdp","information and communication","million KRW",249051
2015,"32020","economy","grdp","information and communication","million KRW",161960
2015,"32030","economy","grdp","information and communication","million KRW",112623
2015,"32040","economy","grdp","information and communication","million KRW",28476
2015,"32050","economy","grdp","information and communication","million KRW",21830
2015,"32060","economy","grdp","information and communication","million KRW",27841
2015,"32070","economy","grdp","information and communication","million KRW",28646
2015,"32310","economy","grdp","information and communication","million KRW",27131
2015,"32320","economy","grdp","information and communication","million KRW",24777
2015,"32330","economy","grdp","information and communication","million KRW",22718
2015,"32340","economy","grdp","information and communication","million KRW",19086
2015,"32350","economy","grdp","information and communication","million KRW",17529
2015,"32360","economy","grdp","information and communication","million KRW",18327
2015,"32370","economy","grdp","information and communication","million KRW",14943
2015,"32380","economy","grdp","information and communication","million KRW",12808
2015,"32390","economy","grdp","information and communication","million KRW",16204
2015,"32400","economy","grdp","information and communication","million KRW",7620
2015,"32410","economy","grdp","information and communication","million KRW",11865
2015,"32010","economy","grdp","financial and insurance activities","million KRW",314887
2015,"32020","economy","grdp","financial and insurance activities","million KRW",382551
2015,"32030","economy","grdp","financial and insurance activities","million KRW",223315
2015,"32040","economy","grdp","financial and insurance activities","million KRW",79898
2015,"32050","economy","grdp","financial and insurance activities","million KRW",46809
2015,"32060","economy","grdp","financial and insurance activities","million KRW",84717
2015,"32070","economy","grdp","financial and insurance activities","million KRW",56141
2015,"32310","economy","grdp","financial and insurance activities","million KRW",62595
2015,"32320","economy","grdp","financial and insurance activities","million KRW",33097
2015,"32330","economy","grdp","financial and insurance activities","million KRW",28780
2015,"32340","economy","grdp","financial and insurance activities","million KRW",37675
2015,"32350","economy","grdp","financial and insurance activities","million KRW",39286
2015,"32360","economy","grdp","financial and insurance activities","million KRW",32528
2015,"32370","economy","grdp","financial and insurance activities","million KRW",13704
2015,"32380","economy","grdp","financial and insurance activities","million KRW",14874
2015,"32390","economy","grdp","financial and insurance activities","million KRW",26285
2015,"32400","economy","grdp","financial and insurance activities","million KRW",19558
2015,"32410","economy","grdp","financial and insurance activities","million KRW",20561
2015,"32010","economy","grdp","real estate activities; rental and leasing activities","million KRW",493691
2015,"32020","economy","grdp","real estate activities; rental and leasing activities","million KRW",615759
2015,"32030","economy","grdp","real estate activities; rental and leasing activities","million KRW",358959
2015,"32040","economy","grdp","real estate activities; rental and leasing activities","million KRW",151378
2015,"32050","economy","grdp","real estate activities; rental and leasing activities","million KRW",74710
2015,"32060","economy","grdp","real estate activities; rental and leasing activities","million KRW",139436
2015,"32070","economy","grdp","real estate activities; rental and leasing activities","million KRW",110914
2015,"32310","economy","grdp","real estate activities; rental and leasing activities","million KRW",88972
2015,"32320","economy","grdp","real estate activities; rental and leasing activities","million KRW",58688
2015,"32330","economy","grdp","real estate activities; rental and leasing activities","million KRW",49453
2015,"32340","economy","grdp","real estate activities; rental and leasing activities","million KRW",68055
2015,"32350","economy","grdp","real estate activities; rental and leasing activities","million KRW",54764
2015,"32360","economy","grdp","real estate activities; rental and leasing activities","million KRW",53629
2015,"32370","economy","grdp","real estate activities; rental and leasing activities","million KRW",37170
2015,"32380","economy","grdp","real estate activities; rental and leasing activities","million KRW",25500
2015,"32390","economy","grdp","real estate activities; rental and leasing activities","million KRW",38220
2015,"32400","economy","grdp","real estate activities; rental and leasing activities","million KRW",36493
2015,"32410","economy","grdp","real estate activities; rental and leasing activities","million KRW",35474
2015,"32010","economy","grdp","professional, scientific and technical activities; business support facilities","million KRW",364185
2015,"32020","economy","grdp","professional, scientific and technical activities; business support facilities","million KRW",483282
2015,"32030","economy","grdp","professional, scientific and technical activities; business support facilities","million KRW",261918
2015,"32040","economy","grdp","professional, scientific and technical activities; business support facilities","million KRW",76133
2015,"32050","economy","grdp","professional, scientific and technical activities; business support facilities","million KRW",44109
2015,"32060","economy","grdp","professional, scientific and technical activities; business support facilities","million KRW",59244
2015,"32070","economy","grdp","professional, scientific and technical activities; business support facilities","million KRW",72644
2015,"32310","economy","grdp","professional, scientific and technical activities; business support facilities","million KRW",78622
2015,"32320","economy","grdp","professional, scientific and technical activities; business support facilities","million KRW",32617
2015,"32330","economy","grdp","professional, scientific and technical activities; business support facilities","million KRW",30889
2015,"32340","economy","grdp","professional, scientific and technical activities; business support facilities","million KRW",81742
2015,"32350","economy","grdp","professional, scientific and technical activities; business support facilities","million KRW",88220
2015,"32360","economy","grdp","professional, scientific and technical activities; business support facilities","million KRW",18952
2015,"32370","economy","grdp","professional, scientific and technical activities; business support facilities","million KRW",5675
2015,"32380","economy","grdp","professional, scientific and technical activities; business support facilities","million KRW",8178
2015,"32390","economy","grdp","professional, scientific and technical activities; business support facilities","million KRW",17756
2015,"32400","economy","grdp","professional, scientific and technical activities; business support facilities","million KRW",19030
2015,"32410","economy","grdp","professional, scientific and technical activities; business support facilities","million KRW",20431
2015,"32010","economy","grdp","public administration and defence; compulsory social security","million KRW",1371732
2015,"32020","economy","grdp","public administration and defence; compulsory social security","million KRW",729316
2015,"32030","economy","grdp","public administration and defence; compulsory social security","million KRW",551452
2015,"32040","economy","grdp","public administration and defence; compulsory social security","million KRW",503021
2015,"32050","economy","grdp","public administration and defence; compulsory social security","million KRW",162569
2015,"32060","economy","grdp","public administration and defence; compulsory social security","million KRW",174901
2015,"32070","economy","grdp","public administration and defence; compulsory social security","million KRW",293210
2015,"32310","economy","grdp","public administration and defence; compulsory social security","million KRW",464676
2015,"32320","economy","grdp","public administration and defence; compulsory social security","million KRW",194073
2015,"32330","economy","grdp","public administration and defence; compulsory social security","million KRW",192069
2015,"32340","economy","grdp","public administration and defence; compulsory social security","million KRW",178105
2015,"32350","economy","grdp","public administration and defence; compulsory social security","million KRW",159138
2015,"32360","economy","grdp","public administration and defence; compulsory social security","million KRW",707151
2015,"32370","economy","grdp","public administration and defence; compulsory social security","million KRW",710123
2015,"32380","economy","grdp","public administration and defence; compulsory social security","million KRW",381802
2015,"32390","economy","grdp","public administration and defence; compulsory social security","million KRW",642764
2015,"32400","economy","grdp","public administration and defence; compulsory social security","million KRW",358827
2015,"32410","economy","grdp","public administration and defence; compulsory social security","million KRW",274234
2015,"32010","economy","grdp","education","million KRW",732859
2015,"32020","economy","grdp","education","million KRW",767705
2015,"32030","economy","grdp","education","million KRW",460413
2015,"32040","economy","grdp","education","million KRW",146795
2015,"32050","economy","grdp","education","million KRW",89618
2015,"32060","economy","grdp","education","million KRW",141060
2015,"32070","economy","grdp","education","million KRW",136767
2015,"32310","economy","grdp","education","million KRW",121711
2015,"32320","economy","grdp","education","million KRW",88138
2015,"32330","economy","grdp","education","million KRW",82386
2015,"32340","economy","grdp","education","million KRW",76657
2015,"32350","economy","grdp","education","million KRW",71922
2015,"32360","economy","grdp","education","million KRW",85378
2015,"32370","economy","grdp","education","million KRW",50463
2015,"32380","economy","grdp","education","million KRW",54289
2015,"32390","economy","grdp","education","million KRW",64294
2015,"32400","economy","grdp","education","million KRW",71632
2015,"32410","economy","grdp","education","million KRW",44231
2015,"32010","economy","grdp","human health and social work activities","million KRW",413113
2015,"32020","economy","grdp","human health and social work activities","million KRW",476841
2015,"32030","economy","grdp","human health and social work activities","million KRW",286975
2015,"32040","economy","grdp","human health and social work activities","million KRW",115057
2015,"32050","economy","grdp","human health and social work activities","million KRW",54989
2015,"32060","economy","grdp","human health and social work activities","million KRW",100691
2015,"32070","economy","grdp","human health and social work activities","million KRW",70416
2015,"32310","economy","grdp","human health and social work activities","million KRW",61527
2015,"32320","economy","grdp","human health and social work activities","million KRW",39508
2015,"32330","economy","grdp","human health and social work activities","million KRW",41110
2015,"32340","economy","grdp","human health and social work activities","million KRW",30233
2015,"32350","economy","grdp","human health and social work activities","million KRW",33874
2015,"32360","economy","grdp","human health and social work activities","million KRW",43590
2015,"32370","economy","grdp","human health and social work activities","million KRW",19665
2015,"32380","economy","grdp","human health and social work activities","million KRW",19017
2015,"32390","economy","grdp","human health and social work activities","million KRW",26973
2015,"32400","economy","grdp","human health and social work activities","million KRW",24157
2015,"32410","economy","grdp","human health and social work activities","million KRW",22966
2015,"32010","economy","grdp","arts, sports and recreation; membership organizations and personal services","million KRW",344383
2015,"32020","economy","grdp","arts, sports and recreation; membership organizations and personal services","million KRW",315426
2015,"32030","economy","grdp","arts, sports and recreation; membership organizations and personal services","million KRW",208372
2015,"32040","economy","grdp","arts, sports and recreation; membership organizations and personal services","million KRW",80262
2015,"32050","economy","grdp","arts, sports and recreation; membership organizations and personal services","million KRW",56352
2015,"32060","economy","grdp","arts, sports and recreation; membership organizations and personal services","million KRW",85859
2015,"32070","economy","grdp","arts, sports and recreation; membership organizations and personal services","million KRW",74606
2015,"32310","economy","grdp","arts, sports and recreation; membership organizations and personal services","million KRW",77095
2015,"32320","economy","grdp","arts, sports and recreation; membership organizations and personal services","million KRW",58917
2015,"32330","economy","grdp","arts, sports and recreation; membership organizations and personal services","million KRW",44882
2015,"32340","economy","grdp","arts, sports and recreation; membership organizations and personal services","million KRW",53525
2015,"32350","economy","grdp","arts, sports and recreation; membership organizations and personal services","million KRW",218419
2015,"32360","economy","grdp","arts, sports and recreation; membership organizations and personal services","million KRW",50698
2015,"32370","economy","grdp","arts, sports and recreation; membership organizations and personal services","million KRW",22025
2015,"32380","economy","grdp","arts, sports and recreation; membership organizations and personal services","million KRW",18807
2015,"32390","economy","grdp","arts, sports and recreation; membership organizations and personal services","million KRW",43378
2015,"32400","economy","grdp","arts, sports and recreation; membership organizations and personal services","million KRW",41532
2015,"32410","economy","grdp","arts, sports and recreation; membership organizations and personal services","million KRW",36877
2020,"32010","economy","grdp","gross regional domestic product at market prices","million KRW",8133318
2020,"32020","economy","grdp","gross regional domestic product at market prices","million KRW",9066919
2020,"32030","economy","grdp","gross regional domestic product at market prices","million KRW",6092737
2020,"32040","economy","grdp","gross regional domestic product at market prices","million KRW",3168301
2020,"32050","economy","grdp","gross regional domestic product at market prices","million KRW",1025466
2020,"32060","economy","grdp","gross regional domestic product at market prices","million KRW",1848311
2020,"32070","economy","grdp","gross regional domestic product at market prices","million KRW",2606300
2020,"32310","economy","grdp","gross regional domestic product at market prices","million KRW",2427497
2020,"32320","economy","grdp","gross regional domestic product at market prices","million KRW",1753743
2020,"32330","economy","grdp","gross regional domestic product at market prices","million KRW",1300918
2020,"32340","economy","grdp","gross regional domestic product at market prices","million KRW",1405949
2020,"32350","economy","grdp","gross regional domestic product at market prices","million KRW",1267721
2020,"32360","economy","grdp","gross regional domestic product at market prices","million KRW",2005574
2020,"32370","economy","grdp","gross regional domestic product at market prices","million KRW",1464125
2020,"32380","economy","grdp","gross regional domestic product at market prices","million KRW",1016499
2020,"32390","economy","grdp","gross regional domestic product at market prices","million KRW",1717530
2020,"32400","economy","grdp","gross regional domestic product at market prices","million KRW",1290653
2020,"32410","economy","grdp","gross regional domestic product at market prices","million KRW",1065003
2020,"32010","economy","grdp","net taxes on products","million KRW",580870
2020,"32020","economy","grdp","net taxes on products","million KRW",756020
2020,"32030","economy","grdp","net taxes on products","million KRW",480193
2020,"32040","economy","grdp","net taxes on products","million KRW",270217
2020,"32050","economy","grdp","net taxes on products","million KRW",74044
2020,"32060","economy","grdp","net taxes on products","million KRW",145704
2020,"32070","economy","grdp","net taxes on products","million KRW",213080
2020,"32310","economy","grdp","net taxes on products","million KRW",179651
2020,"32320","economy","grdp","net taxes on products","million KRW",155318
2020,"32330","economy","grdp","net taxes on products","million KRW",98557
2020,"32340","economy","grdp","net taxes on products","million KRW",100404
2020,"32350","economy","grdp","net taxes on products","million KRW",92622
2020,"32360","economy","grdp","net taxes on products","million KRW",135530
2020,"32370","economy","grdp","net taxes on products","million KRW",85878
2020,"32380","economy","grdp","net taxes on products","million KRW",61838
2020,"32390","economy","grdp","net taxes on products","million KRW",110984
2020,"32400","economy","grdp","net taxes on products","million KRW",90017
2020,"32410","economy","grdp","net taxes on products","million KRW",76221
2020,"32010","economy","grdp","total value added at basic prices","million KRW",7552448
2020,"32020","economy","grdp","total value added at basic prices","million KRW",8310899
2020,"32030","economy","grdp","total value added at basic prices","million KRW",5612544
2020,"32040","economy","grdp","total value added at basic prices","million KRW",2898084
2020,"32050","economy","grdp","total value added at basic prices","million KRW",951422
2020,"32060","economy","grdp","total value added at basic prices","million KRW",1702606
2020,"32070","economy","grdp","total value added at basic prices","million KRW",2393219
2020,"32310","economy","grdp","total value added at basic prices","million KRW",2247846
2020,"32320","economy","grdp","total value added at basic prices","million KRW",1598425
2020,"32330","economy","grdp","total value added at basic prices","million KRW",1202361
2020,"32340","economy","grdp","total value added at basic prices","million KRW",1305545
2020,"32350","economy","grdp","total value added at basic prices","million KRW",1175099
2020,"32360","economy","grdp","total value added at basic prices","million KRW",1870044
2020,"32370","economy","grdp","total value added at basic prices","million KRW",1378247
2020,"32380","economy","grdp","total value added at basic prices","million KRW",954661
2020,"32390","economy","grdp","total value added at basic prices","million KRW",1606546
2020,"32400","economy","grdp","total value added at basic prices","million KRW",1200636
2020,"32410","economy","grdp","total value added at basic prices","million KRW",988783
2020,"32010","economy","grdp","agriculture, forestry and fishing","million KRW",144370
2020,"32020","economy","grdp","agriculture, forestry and fishing","million KRW",102686
2020,"32030","economy","grdp","agriculture, forestry and fishing","million KRW",127371
2020,"32040","economy","grdp","agriculture, forestry and fishing","million KRW",27008
2020,"32050","economy","grdp","agriculture, forestry and fishing","million KRW",20275
2020,"32060","economy","grdp","agriculture, forestry and fishing","million KRW",32694
2020,"32070","economy","grdp","agriculture, forestry and fishing","million KRW",167534
2020,"32310","economy","grdp","agriculture, forestry and fishing","million KRW",280722
2020,"32320","economy","grdp","agriculture, forestry and fishing","million KRW",261056
2020,"32330","economy","grdp","agriculture, forestry and fishing","million KRW",110195
2020,"32340","economy","grdp","agriculture, forestry and fishing","million KRW",233864
2020,"32350","economy","grdp","agriculture, forestry and fishing","million KRW",103729
2020,"32360","economy","grdp","agriculture, forestry and fishing","million KRW",249902
2020,"32370","economy","grdp","agriculture, forestry and fishing","million KRW",68729
2020,"32380","economy","grdp","agriculture, forestry and fishing","million KRW",94695
2020,"32390","economy","grdp","agriculture, forestry and fishing","million KRW",102943
2020,"32400","economy","grdp","agriculture, forestry and fishing","million KRW",81400
2020,"32410","economy","grdp","agriculture, forestry and fishing","million KRW",48737
2020,"32010","economy","grdp","mining and quarrying","million KRW",12742
2020,"32020","economy","grdp","mining and quarrying","million KRW",190426
2020,"32030","economy","grdp","mining and quarrying","million KRW",17131
2020,"32040","economy","grdp","mining and quarrying","million KRW",40528
2020,"32050","economy","grdp","mining and quarrying","million KRW",33078
2020,"32060","economy","grdp","mining and quarrying","million KRW",NA
2020,"32070","economy","grdp","mining and quarrying","million KRW",226246
2020,"32310","economy","grdp","mining and quarrying","million KRW",9273
2020,"32320","economy","grdp","mining and quarrying","million KRW",4713
2020,"32330","economy","grdp","mining and quarrying","million KRW",60285
2020,"32340","economy","grdp","mining and quarrying","million KRW",3840
2020,"32350","economy","grdp","mining and quarrying","million KRW",72992
2020,"32360","economy","grdp","mining and quarrying","million KRW",66
2020,"32370","economy","grdp","mining and quarrying","million KRW",NA
2020,"32380","economy","grdp","mining and quarrying","million KRW",2650
2020,"32390","economy","grdp","mining and quarrying","million KRW",1943
2020,"32400","economy","grdp","mining and quarrying","million KRW",8861
2020,"32410","economy","grdp","mining and quarrying","million KRW",13823
2020,"32010","economy","grdp","manufacturing","million KRW",534737
2020,"32020","economy","grdp","manufacturing","million KRW",1489125
2020,"32030","economy","grdp","manufacturing","million KRW",477664
2020,"32040","economy","grdp","manufacturing","million KRW",441102
2020,"32050","economy","grdp","manufacturing","million KRW",54874
2020,"32060","economy","grdp","manufacturing","million KRW",62304
2020,"32070","economy","grdp","manufacturing","million KRW",204971
2020,"32310","economy","grdp","manufacturing","million KRW",275470
2020,"32320","economy","grdp","manufacturing","million KRW",389497
2020,"32330","economy","grdp","manufacturing","million KRW",186696
2020,"32340","economy","grdp","manufacturing","million KRW",70325
2020,"32350","economy","grdp","manufacturing","million KRW",56757
2020,"32360","economy","grdp","manufacturing","million KRW",103975
2020,"32370","economy","grdp","manufacturing","million KRW",15621
2020,"32380","economy","grdp","manufacturing","million KRW",21033
2020,"32390","economy","grdp","manufacturing","million KRW",40809
2020,"32400","economy","grdp","manufacturing","million KRW",44745
2020,"32410","economy","grdp","manufacturing","million KRW",41416
2020,"32010","economy","grdp","electricity, gas, steam and air conditioning supply; water supply and waste management","million KRW",114299
2020,"32020","economy","grdp","electricity, gas, steam and air conditioning supply; water supply and waste management","million KRW",78349
2020,"32030","economy","grdp","electricity, gas, steam and air conditioning supply; water supply and waste management","million KRW",60423
2020,"32040","economy","grdp","electricity, gas, steam and air conditioning supply; water supply and waste management","million KRW",245135
2020,"32050","economy","grdp","electricity, gas, steam and air conditioning supply; water supply and waste management","million KRW",16803
2020,"32060","economy","grdp","electricity, gas, steam and air conditioning supply; water supply and waste management","million KRW",14613
2020,"32070","economy","grdp","electricity, gas, steam and air conditioning supply; water supply and waste management","million KRW",198642
2020,"32310","economy","grdp","electricity, gas, steam and air conditioning supply; water supply and waste management","million KRW",16270
2020,"32320","economy","grdp","electricity, gas, steam and air conditioning supply; water supply and waste management","million KRW",18388
2020,"32330","economy","grdp","electricity, gas, steam and air conditioning supply; water supply and waste management","million KRW",48650
2020,"32340","economy","grdp","electricity, gas, steam and air conditioning supply; water supply and waste management","million KRW",22956
2020,"32350","economy","grdp","electricity, gas, steam and air conditioning supply; water supply and waste management","million KRW",6102
2020,"32360","economy","grdp","electricity, gas, steam and air conditioning supply; water supply and waste management","million KRW",8885
2020,"32370","economy","grdp","electricity, gas, steam and air conditioning supply; water supply and waste management","million KRW",12765
2020,"32380","economy","grdp","electricity, gas, steam and air conditioning supply; water supply and waste management","million KRW",5880
2020,"32390","economy","grdp","electricity, gas, steam and air conditioning supply; water supply and waste management","million KRW",7873
2020,"32400","economy","grdp","electricity, gas, steam and air conditioning supply; water supply and waste management","million KRW",4948
2020,"32410","economy","grdp","electricity, gas, steam and air conditioning supply; water supply and waste management","million KRW",33634
2020,"32010","economy","grdp","construction","million KRW",554788
2020,"32020","economy","grdp","construction","million KRW",525279
2020,"32030","economy","grdp","construction","million KRW",1111888
2020,"32040","economy","grdp","construction","million KRW",192765
2020,"32050","economy","grdp","construction","million KRW",87580
2020,"32060","economy","grdp","construction","million KRW",254398
2020,"32070","economy","grdp","construction","million KRW",346346
2020,"32310","economy","grdp","construction","million KRW",142254
2020,"32320","economy","grdp","construction","million KRW",121484
2020,"32330","economy","grdp","construction","million KRW",87054
2020,"32340","economy","grdp","construction","million KRW",112497
2020,"32350","economy","grdp","construction","million KRW",88900
2020,"32360","economy","grdp","construction","million KRW",106394
2020,"32370","economy","grdp","construction","million KRW",64292
2020,"32380","economy","grdp","construction","million KRW",55817
2020,"32390","economy","grdp","construction","million KRW",213464
2020,"32400","economy","grdp","construction","million KRW",206158
2020,"32410","economy","grdp","construction","million KRW",101625
2020,"32010","economy","grdp","wholesale and retail trade","million KRW",321208
2020,"32020","economy","grdp","wholesale and retail trade","million KRW",496464
2020,"32030","economy","grdp","wholesale and retail trade","million KRW",289275
2020,"32040","economy","grdp","wholesale and retail trade","million KRW",114563
2020,"32050","economy","grdp","wholesale and retail trade","million KRW",50848
2020,"32060","economy","grdp","wholesale and retail trade","million KRW",117032
2020,"32070","economy","grdp","wholesale and retail trade","million KRW",66377
2020,"32310","economy","grdp","wholesale and retail trade","million KRW",83094
2020,"32320","economy","grdp","wholesale and retail trade","million KRW",56273
2020,"32330","economy","grdp","wholesale and retail trade","million KRW",41038
2020,"32340","economy","grdp","wholesale and retail trade","million KRW",54823
2020,"32350","economy","grdp","wholesale and retail trade","million KRW",34653
2020,"32360","economy","grdp","wholesale and retail trade","million KRW",40304
2020,"32370","economy","grdp","wholesale and retail trade","million KRW",18156
2020,"32380","economy","grdp","wholesale and retail trade","million KRW",19000
2020,"32390","economy","grdp","wholesale and retail trade","million KRW",34171
2020,"32400","economy","grdp","wholesale and retail trade","million KRW",26605
2020,"32410","economy","grdp","wholesale and retail trade","million KRW",32792
2020,"32010","economy","grdp","transportation and storage","million KRW",253008
2020,"32020","economy","grdp","transportation and storage","million KRW",267070
2020,"32030","economy","grdp","transportation and storage","million KRW",280428
2020,"32040","economy","grdp","transportation and storage","million KRW",320605
2020,"32050","economy","grdp","transportation and storage","million KRW",30479
2020,"32060","economy","grdp","transportation and storage","million KRW",79854
2020,"32070","economy","grdp","transportation and storage","million KRW",88623
2020,"32310","economy","grdp","transportation and storage","million KRW",74087
2020,"32320","economy","grdp","transportation and storage","million KRW",48674
2020,"32330","economy","grdp","transportation and storage","million KRW",28054
2020,"32340","economy","grdp","transportation and storage","million KRW",34347
2020,"32350","economy","grdp","transportation and storage","million KRW",23118
2020,"32360","economy","grdp","transportation and storage","million KRW",9899
2020,"32370","economy","grdp","transportation and storage","million KRW",6680
2020,"32380","economy","grdp","transportation and storage","million KRW",4762
2020,"32390","economy","grdp","transportation and storage","million KRW",20500
2020,"32400","economy","grdp","transportation and storage","million KRW",8925
2020,"32410","economy","grdp","transportation and storage","million KRW",37586
2020,"32010","economy","grdp","accommodation and food service activities","million KRW",230700
2020,"32020","economy","grdp","accommodation and food service activities","million KRW",242789
2020,"32030","economy","grdp","accommodation and food service activities","million KRW",290447
2020,"32040","economy","grdp","accommodation and food service activities","million KRW",68016
2020,"32050","economy","grdp","accommodation and food service activities","million KRW",32992
2020,"32060","economy","grdp","accommodation and food service activities","million KRW",144648
2020,"32070","economy","grdp","accommodation and food service activities","million KRW",72718
2020,"32310","economy","grdp","accommodation and food service activities","million KRW",117200
2020,"32320","economy","grdp","accommodation and food service activities","million KRW",44309
2020,"32330","economy","grdp","accommodation and food service activities","million KRW",31919
2020,"32340","economy","grdp","accommodation and food service activities","million KRW",118859
2020,"32350","economy","grdp","accommodation and food service activities","million KRW",57931
2020,"32360","economy","grdp","accommodation and food service activities","million KRW",29759
2020,"32370","economy","grdp","accommodation and food service activities","million KRW",17520
2020,"32380","economy","grdp","accommodation and food service activities","million KRW",17328
2020,"32390","economy","grdp","accommodation and food service activities","million KRW",32055
2020,"32400","economy","grdp","accommodation and food service activities","million KRW",67050
2020,"32410","economy","grdp","accommodation and food service activities","million KRW",66555
2020,"32010","economy","grdp","information and communication","million KRW",351234
2020,"32020","economy","grdp","information and communication","million KRW",247168
2020,"32030","economy","grdp","information and communication","million KRW",112112
2020,"32040","economy","grdp","information and communication","million KRW",32254
2020,"32050","economy","grdp","information and communication","million KRW",16340
2020,"32060","economy","grdp","information and communication","million KRW",49008
2020,"32070","economy","grdp","information and communication","million KRW",18469
2020,"32310","economy","grdp","information and communication","million KRW",18633
2020,"32320","economy","grdp","information and communication","million KRW",17901
2020,"32330","economy","grdp","information and communication","million KRW",10716
2020,"32340","economy","grdp","information and communication","million KRW",26059
2020,"32350","economy","grdp","information and communication","million KRW",12096
2020,"32360","economy","grdp","information and communication","million KRW",20460
2020,"32370","economy","grdp","information and communication","million KRW",10234
2020,"32380","economy","grdp","information and communication","million KRW",8111
2020,"32390","economy","grdp","information and communication","million KRW",7694
2020,"32400","economy","grdp","information and communication","million KRW",2923
2020,"32410","economy","grdp","information and communication","million KRW",7411
2020,"32010","economy","grdp","financial and insurance activities","million KRW",384268
2020,"32020","economy","grdp","financial and insurance activities","million KRW",474992
2020,"32030","economy","grdp","financial and insurance activities","million KRW",267652
2020,"32040","economy","grdp","financial and insurance activities","million KRW",92001
2020,"32050","economy","grdp","financial and insurance activities","million KRW",51069
2020,"32060","economy","grdp","financial and insurance activities","million KRW",102613
2020,"32070","economy","grdp","financial and insurance activities","million KRW",70500
2020,"32310","economy","grdp","financial and insurance activities","million KRW",75655
2020,"32320","economy","grdp","financial and insurance activities","million KRW",42965
2020,"32330","economy","grdp","financial and insurance activities","million KRW",35143
2020,"32340","economy","grdp","financial and insurance activities","million KRW",51970
2020,"32350","economy","grdp","financial and insurance activities","million KRW",44898
2020,"32360","economy","grdp","financial and insurance activities","million KRW",44917
2020,"32370","economy","grdp","financial and insurance activities","million KRW",20103
2020,"32380","economy","grdp","financial and insurance activities","million KRW",21105
2020,"32390","economy","grdp","financial and insurance activities","million KRW",39651
2020,"32400","economy","grdp","financial and insurance activities","million KRW",28678
2020,"32410","economy","grdp","financial and insurance activities","million KRW",32862
2020,"32010","economy","grdp","real estate activities; rental and leasing activities","million KRW",538829
2020,"32020","economy","grdp","real estate activities; rental and leasing activities","million KRW",702083
2020,"32030","economy","grdp","real estate activities; rental and leasing activities","million KRW",391855
2020,"32040","economy","grdp","real estate activities; rental and leasing activities","million KRW",146560
2020,"32050","economy","grdp","real estate activities; rental and leasing activities","million KRW",64865
2020,"32060","economy","grdp","real estate activities; rental and leasing activities","million KRW",166839
2020,"32070","economy","grdp","real estate activities; rental and leasing activities","million KRW",111386
2020,"32310","economy","grdp","real estate activities; rental and leasing activities","million KRW",85731
2020,"32320","economy","grdp","real estate activities; rental and leasing activities","million KRW",59885
2020,"32330","economy","grdp","real estate activities; rental and leasing activities","million KRW",44204
2020,"32340","economy","grdp","real estate activities; rental and leasing activities","million KRW",61146
2020,"32350","economy","grdp","real estate activities; rental and leasing activities","million KRW",48573
2020,"32360","economy","grdp","real estate activities; rental and leasing activities","million KRW",45372
2020,"32370","economy","grdp","real estate activities; rental and leasing activities","million KRW",31558
2020,"32380","economy","grdp","real estate activities; rental and leasing activities","million KRW",24011
2020,"32390","economy","grdp","real estate activities; rental and leasing activities","million KRW",33848
2020,"32400","economy","grdp","real estate activities; rental and leasing activities","million KRW",34203
2020,"32410","economy","grdp","real estate activities; rental and leasing activities","million KRW",44803
2020,"32010","economy","grdp","professional, scientific and technical activities; business support facilities","million KRW",468836
2020,"32020","economy","grdp","professional, scientific and technical activities; business support facilities","million KRW",630419
2020,"32030","economy","grdp","professional, scientific and technical activities; business support facilities","million KRW",321000
2020,"32040","economy","grdp","professional, scientific and technical activities; business support facilities","million KRW",88004
2020,"32050","economy","grdp","professional, scientific and technical activities; business support facilities","million KRW",54817
2020,"32060","economy","grdp","professional, scientific and technical activities; business support facilities","million KRW",64881
2020,"32070","economy","grdp","professional, scientific and technical activities; business support facilities","million KRW",112512
2020,"32310","economy","grdp","professional, scientific and technical activities; business support facilities","million KRW",104234
2020,"32320","economy","grdp","professional, scientific and technical activities; business support facilities","million KRW",40113
2020,"32330","economy","grdp","professional, scientific and technical activities; business support facilities","million KRW",56466
2020,"32340","economy","grdp","professional, scientific and technical activities; business support facilities","million KRW",76777
2020,"32350","economy","grdp","professional, scientific and technical activities; business support facilities","million KRW",87746
2020,"32360","economy","grdp","professional, scientific and technical activities; business support facilities","million KRW",25999
2020,"32370","economy","grdp","professional, scientific and technical activities; business support facilities","million KRW",10259
2020,"32380","economy","grdp","professional, scientific and technical activities; business support facilities","million KRW",12307
2020,"32390","economy","grdp","professional, scientific and technical activities; business support facilities","million KRW",32247
2020,"32400","economy","grdp","professional, scientific and technical activities; business support facilities","million KRW",33114
2020,"32410","economy","grdp","professional, scientific and technical activities; business support facilities","million KRW",26631
2020,"32010","economy","grdp","public administration and defence; compulsory social security","million KRW",1833485
2020,"32020","economy","grdp","public administration and defence; compulsory social security","million KRW",995276
2020,"32030","economy","grdp","public administration and defence; compulsory social security","million KRW",748779
2020,"32040","economy","grdp","public administration and defence; compulsory social security","million KRW",718097
2020,"32050","economy","grdp","public administration and defence; compulsory social security","million KRW",216233
2020,"32060","economy","grdp","public administration and defence; compulsory social security","million KRW",219433
2020,"32070","economy","grdp","public administration and defence; compulsory social security","million KRW",405071
2020,"32310","economy","grdp","public administration and defence; compulsory social security","million KRW",661827
2020,"32320","economy","grdp","public administration and defence; compulsory social security","million KRW",280899
2020,"32330","economy","grdp","public administration and defence; compulsory social security","million KRW",270984
2020,"32340","economy","grdp","public administration and defence; compulsory social security","million KRW",247747
2020,"32350","economy","grdp","public administration and defence; compulsory social security","million KRW",219207
2020,"32360","economy","grdp","public administration and defence; compulsory social security","million KRW",985659
2020,"32370","economy","grdp","public administration and defence; compulsory social security","million KRW",995655
2020,"32380","economy","grdp","public administration and defence; compulsory social security","million KRW",556565
2020,"32390","economy","grdp","public administration and defence; compulsory social security","million KRW",890274
2020,"32400","economy","grdp","public administration and defence; compulsory social security","million KRW",498018
2020,"32410","economy","grdp","public administration and defence; compulsory social security","million KRW",372933
2020,"32010","economy","grdp","education","million KRW",862417
2020,"32020","economy","grdp","education","million KRW",828930
2020,"32030","economy","grdp","education","million KRW",495528
2020,"32040","economy","grdp","education","million KRW",151140
2020,"32050","economy","grdp","education","million KRW",99099
2020,"32060","economy","grdp","education","million KRW",173325
2020,"32070","economy","grdp","education","million KRW",131653
2020,"32310","economy","grdp","education","million KRW",135600
2020,"32320","economy","grdp","education","million KRW",103847
2020,"32330","economy","grdp","education","million KRW",93309
2020,"32340","economy","grdp","education","million KRW",89627
2020,"32350","economy","grdp","education","million KRW",85652
2020,"32360","economy","grdp","education","million KRW",98334
2020,"32370","economy","grdp","education","million KRW",58363
2020,"32380","economy","grdp","education","million KRW",62378
2020,"32390","economy","grdp","education","million KRW",73965
2020,"32400","economy","grdp","education","million KRW",86365
2020,"32410","economy","grdp","education","million KRW",50354
2020,"32010","economy","grdp","human health and social work activities","million KRW",589963
2020,"32020","economy","grdp","human health and social work activities","million KRW",698911
2020,"32030","economy","grdp","human health and social work activities","million KRW",406375
2020,"32040","economy","grdp","human health and social work activities","million KRW",149288
2020,"32050","economy","grdp","human health and social work activities","million KRW",68011
2020,"32060","economy","grdp","human health and social work activities","million KRW",135624
2020,"32070","economy","grdp","human health and social work activities","million KRW",99724
2020,"32310","economy","grdp","human health and social work activities","million KRW",78937
2020,"32320","economy","grdp","human health and social work activities","million KRW",47754
2020,"32330","economy","grdp","human health and social work activities","million KRW",53676
2020,"32340","economy","grdp","human health and social work activities","million KRW",40175
2020,"32350","economy","grdp","human health and social work activities","million KRW",48816
2020,"32360","economy","grdp","human health and social work activities","million KRW",51051
2020,"32370","economy","grdp","human health and social work activities","million KRW",24551
2020,"32380","economy","grdp","human health and social work activities","million KRW",27463
2020,"32390","economy","grdp","human health and social work activities","million KRW",34185
2020,"32400","economy","grdp","human health and social work activities","million KRW",30668
2020,"32410","economy","grdp","human health and social work activities","million KRW",29517
2020,"32010","economy","grdp","arts, sports and recreation; membership organizations and personal services","million KRW",357565
2020,"32020","economy","grdp","arts, sports and recreation; membership organizations and personal services","million KRW",340932
2020,"32030","economy","grdp","arts, sports and recreation; membership organizations and personal services","million KRW",214619
2020,"32040","economy","grdp","arts, sports and recreation; membership organizations and personal services","million KRW",71019
2020,"32050","economy","grdp","arts, sports and recreation; membership organizations and personal services","million KRW",54057
2020,"32060","economy","grdp","arts, sports and recreation; membership organizations and personal services","million KRW",85340
2020,"32070","economy","grdp","arts, sports and recreation; membership organizations and personal services","million KRW",72448
2020,"32310","economy","grdp","arts, sports and recreation; membership organizations and personal services","million KRW",88860
2020,"32320","economy","grdp","arts, sports and recreation; membership organizations and personal services","million KRW",60669
2020,"32330","economy","grdp","arts, sports and recreation; membership organizations and personal services","million KRW",43970
2020,"32340","economy","grdp","arts, sports and recreation; membership organizations and personal services","million KRW",60531
2020,"32350","economy","grdp","arts, sports and recreation; membership organizations and personal services","million KRW",183928
2020,"32360","economy","grdp","arts, sports and recreation; membership organizations and personal services","million KRW",49069
2020,"32370","economy","grdp","arts, sports and recreation; membership organizations and personal services","million KRW",23761
2020,"32380","economy","grdp","arts, sports and recreation; membership organizations and personal services","million KRW",21556
2020,"32390","economy","grdp","arts, sports and recreation; membership organizations and personal services","million KRW",40923
2020,"32400","economy","grdp","arts, sports and recreation; membership organizations and personal services","million KRW",37974
2020,"32410","economy","grdp","arts, sports and recreation; membership organizations and personal services","million KRW",48104
2015,"38110","economy","grdp","gross regional domestic product at market prices","million KRW",36565204
2015,"38110","economy","grdp","net taxes on products","million KRW",2813170
2015,"38110","economy","grdp","total value added at basic prices","million KRW",33752034
2015,"38110","economy","grdp","agriculture, forestry and fishing","million KRW",248166
2015,"38110","economy","grdp","mining and quarrying","million KRW",8469
2015,"38110","economy","grdp","manufacturing","million KRW",15714396
2015,"38110","economy","grdp","electricity, gas, steam and air conditioning supply; water supply and waste management","million KRW",94973
2015,"38110","economy","grdp","construction","million KRW",1555410
2015,"38110","economy","grdp","wholesale and retail trade","million KRW",1537132
2015,"38110","economy","grdp","transportation and storage","million KRW",935561
2015,"38110","economy","grdp","accommodation and food service activities","million KRW",687700
2015,"38110","economy","grdp","information and communication","million KRW",425993
2015,"38110","economy","grdp","financial and insurance activities","million KRW",1523126
2015,"38110","economy","grdp","real estate activities; rental and leasing activities","million KRW",2355480
2015,"38110","economy","grdp","professional, scientific and technical activities; business support facilities","million KRW",2137655
2015,"38110","economy","grdp","public administration and defence; compulsory social security","million KRW",2816336
2015,"38110","economy","grdp","education","million KRW",1668442
2015,"38110","economy","grdp","human health and social work activities","million KRW",1263057
2015,"38110","economy","grdp","arts, sports and recreation; membership organizations and personal services","million KRW",780138
2015,"38030","economy","grdp","gross regional domestic product at market prices","million KRW",7094810
2015,"38030","economy","grdp","net taxes on products","million KRW",415274
2015,"38030","economy","grdp","total value added at basic prices","million KRW",6679537
2015,"38030","economy","grdp","agriculture, forestry and fishing","million KRW",274664
2015,"38030","economy","grdp","mining and quarrying","million KRW",1817
2015,"38030","economy","grdp","manufacturing","million KRW",847438
2015,"38030","economy","grdp","electricity, gas, steam and air conditioning supply; water supply and waste management","million KRW",25148
2015,"38030","economy","grdp","construction","million KRW",422702
2015,"38030","economy","grdp","wholesale and retail trade","million KRW",541249
2015,"38030","economy","grdp","transportation and storage","million KRW",295988
2015,"38030","economy","grdp","accommodation and food service activities","million KRW",222133
2015,"38030","economy","grdp","information and communication","million KRW",170710
2015,"38030","economy","grdp","financial and insurance activities","million KRW",485052
2015,"38030","economy","grdp","real estate activities; rental and leasing activities","million KRW",681866
2015,"38030","economy","grdp","professional, scientific and technical activities; business support facilities","million KRW",640331
2015,"38030","economy","grdp","public administration and defence; compulsory social security","million KRW",727317
2015,"38030","economy","grdp","education","million KRW",607529
2015,"38030","economy","grdp","human health and social work activities","million KRW",465419
2015,"38030","economy","grdp","arts, sports and recreation; membership organizations and personal services","million KRW",270174
2015,"38050","economy","grdp","gross regional domestic product at market prices","million KRW",3692983
2015,"38050","economy","grdp","net taxes on products","million KRW",257937
2015,"38050","economy","grdp","total value added at basic prices","million KRW",3435046
2015,"38050","economy","grdp","agriculture, forestry and fishing","million KRW",221220
2015,"38050","economy","grdp","mining and quarrying","million KRW",41
2015,"38050","economy","grdp","manufacturing","million KRW",574437
2015,"38050","economy","grdp","electricity, gas, steam and air conditioning supply; water supply and waste management","million KRW",740805
2015,"38050","economy","grdp","construction","million KRW",153180
2015,"38050","economy","grdp","wholesale and retail trade","million KRW",216652
2015,"38050","economy","grdp","transportation and storage","million KRW",128885
2015,"38050","economy","grdp","accommodation and food service activities","million KRW",108603
2015,"38050","economy","grdp","information and communication","million KRW",45100
2015,"38050","economy","grdp","financial and insurance activities","million KRW",216462
2015,"38050","economy","grdp","real estate activities; rental and leasing activities","million KRW",187947
2015,"38050","economy","grdp","professional, scientific and technical activities; business support facilities","million KRW",139818
2015,"38050","economy","grdp","public administration and defence; compulsory social security","million KRW",273636
2015,"38050","economy","grdp","education","million KRW",161501
2015,"38050","economy","grdp","human health and social work activities","million KRW",158857
2015,"38050","economy","grdp","arts, sports and recreation; membership organizations and personal services","million KRW",107902
2015,"38060","economy","grdp","gross regional domestic product at market prices","million KRW",4082992
2015,"38060","economy","grdp","net taxes on products","million KRW",319454
2015,"38060","economy","grdp","total value added at basic prices","million KRW",3763538
2015,"38060","economy","grdp","agriculture, forestry and fishing","million KRW",217339
2015,"38060","economy","grdp","mining and quarrying","million KRW",1662
2015,"38060","economy","grdp","manufacturing","million KRW",1805445
2015,"38060","economy","grdp","electricity, gas, steam and air conditioning supply; water supply and waste management","million KRW",18379
2015,"38060","economy","grdp","construction","million KRW",126429
2015,"38060","economy","grdp","wholesale and retail trade","million KRW",191245
2015,"38060","economy","grdp","transportation and storage","million KRW",91410
2015,"38060","economy","grdp","accommodation and food service activities","million KRW",87402
2015,"38060","economy","grdp","information and communication","million KRW",43864
2015,"38060","economy","grdp","financial and insurance activities","million KRW",121133
2015,"38060","economy","grdp","real estate activities; rental and leasing activities","million KRW",182653
2015,"38060","economy","grdp","professional, scientific and technical activities; business support facilities","million KRW",137811
2015,"38060","economy","grdp","public administration and defence; compulsory social security","million KRW",329658
2015,"38060","economy","grdp","education","million KRW",162916
2015,"38060","economy","grdp","human health and social work activities","million KRW",142207
2015,"38060","economy","grdp","arts, sports and recreation; membership organizations and personal services","million KRW",103983
2015,"38070","economy","grdp","gross regional domestic product at market prices","million KRW",15064592
2015,"38070","economy","grdp","net taxes on products","million KRW",1185339
2015,"38070","economy","grdp","total value added at basic prices","million KRW",13879253
2015,"38070","economy","grdp","agriculture, forestry and fishing","million KRW",227718
2015,"38070","economy","grdp","mining and quarrying","million KRW",32791
2015,"38070","economy","grdp","manufacturing","million KRW",6583645
2015,"38070","economy","grdp","electricity, gas, steam and air conditioning supply; water supply and waste management","million KRW",44796
2015,"38070","economy","grdp","construction","million KRW",971328
2015,"38070","economy","grdp","wholesale and retail trade","million KRW",751726
2015,"38070","economy","grdp","transportation and storage","million KRW",440208
2015,"38070","economy","grdp","accommodation and food service activities","million KRW",302590
2015,"38070","economy","grdp","information and communication","million KRW",138783
2015,"38070","economy","grdp","financial and insurance activities","million KRW",395234
2015,"38070","economy","grdp","real estate activities; rental and leasing activities","million KRW",1177520
2015,"38070","economy","grdp","professional, scientific and technical activities; business support facilities","million KRW",614564
2015,"38070","economy","grdp","public administration and defence; compulsory social security","million KRW",405073
2015,"38070","economy","grdp","education","million KRW",807728
2015,"38070","economy","grdp","human health and social work activities","million KRW",566716
2015,"38070","economy","grdp","arts, sports and recreation; membership organizations and personal services","million KRW",418832
2015,"38080","economy","grdp","gross regional domestic product at market prices","million KRW",2688732
2015,"38080","economy","grdp","net taxes on products","million KRW",176883
2015,"38080","economy","grdp","total value added at basic prices","million KRW",2511849
2015,"38080","economy","grdp","agriculture, forestry and fishing","million KRW",281302
2015,"38080","economy","grdp","mining and quarrying","million KRW",736
2015,"38080","economy","grdp","manufacturing","million KRW",616958
2015,"38080","economy","grdp","electricity, gas, steam and air conditioning supply; water supply and waste management","million KRW",20758
2015,"38080","economy","grdp","construction","million KRW",157378
2015,"38080","economy","grdp","wholesale and retail trade","million KRW",156766
2015,"38080","economy","grdp","transportation and storage","million KRW",86095
2015,"38080","economy","grdp","accommodation and food service activities","million KRW",60563
2015,"38080","economy","grdp","information and communication","million KRW",51533
2015,"38080","economy","grdp","financial and insurance activities","million KRW",98819
2015,"38080","economy","grdp","real estate activities; rental and leasing activities","million KRW",131920
2015,"38080","economy","grdp","professional, scientific and technical activities; business support facilities","million KRW",205864
2015,"38080","economy","grdp","public administration and defence; compulsory social security","million KRW",274055
2015,"38080","economy","grdp","education","million KRW",141124
2015,"38080","economy","grdp","human health and social work activities","million KRW",133836
2015,"38080","economy","grdp","arts, sports and recreation; membership organizations and personal services","million KRW",94142
2015,"38090","economy","grdp","gross regional domestic product at market prices","million KRW",10996802
2015,"38090","economy","grdp","net taxes on products","million KRW",965973
2015,"38090","economy","grdp","total value added at basic prices","million KRW",10030829
2015,"38090","economy","grdp","agriculture, forestry and fishing","million KRW",131102
2015,"38090","economy","grdp","mining and quarrying","million KRW",3135
2015,"38090","economy","grdp","manufacturing","million KRW",6502441
2015,"38090","economy","grdp","electricity, gas, steam and air conditioning supply; water supply and waste management","million KRW",34658
2015,"38090","economy","grdp","construction","million KRW",491976
2015,"38090","economy","grdp","wholesale and retail trade","million KRW",249754
2015,"38090","economy","grdp","transportation and storage","million KRW",144958
2015,"38090","economy","grdp","accommodation and food service activities","million KRW",194973
2015,"38090","economy","grdp","information and communication","million KRW",71485
2015,"38090","economy","grdp","financial and insurance activities","million KRW",223723
2015,"38090","economy","grdp","real estate activities; rental and leasing activities","million KRW",396235
2015,"38090","economy","grdp","professional, scientific and technical activities; business support facilities","million KRW",584338
2015,"38090","economy","grdp","public administration and defence; compulsory social security","million KRW",280849
2015,"38090","economy","grdp","education","million KRW",338207
2015,"38090","economy","grdp","human health and social work activities","million KRW",237149
2015,"38090","economy","grdp","arts, sports and recreation; membership organizations and personal services","million KRW",145845
2015,"38100","economy","grdp","gross regional domestic product at market prices","million KRW",9807353
2015,"38100","economy","grdp","net taxes on products","million KRW",779623
2015,"38100","economy","grdp","total value added at basic prices","million KRW",9027731
2015,"38100","economy","grdp","agriculture, forestry and fishing","million KRW",107056
2015,"38100","economy","grdp","mining and quarrying","million KRW",16745
2015,"38100","economy","grdp","manufacturing","million KRW",4335154
2015,"38100","economy","grdp","electricity, gas, steam and air conditioning supply; water supply and waste management","million KRW",46235
2015,"38100","economy","grdp","construction","million KRW",842832
2015,"38100","economy","grdp","wholesale and retail trade","million KRW",366837
2015,"38100","economy","grdp","transportation and storage","million KRW",384631
2015,"38100","economy","grdp","accommodation and food service activities","million KRW",167172
2015,"38100","economy","grdp","information and communication","million KRW",79743
2015,"38100","economy","grdp","financial and insurance activities","million KRW",228317
2015,"38100","economy","grdp","real estate activities; rental and leasing activities","million KRW",818039
2015,"38100","economy","grdp","professional, scientific and technical activities; business support facilities","million KRW",328964
2015,"38100","economy","grdp","public administration and defence; compulsory social security","million KRW",269696
2015,"38100","economy","grdp","education","million KRW",422621
2015,"38100","economy","grdp","human health and social work activities","million KRW",364470
2015,"38100","economy","grdp","arts, sports and recreation; membership organizations and personal services","million KRW",249218
2015,"38310","economy","grdp","gross regional domestic product at market prices","million KRW",824993
2015,"38310","economy","grdp","net taxes on products","million KRW",52394
2015,"38310","economy","grdp","total value added at basic prices","million KRW",772599
2015,"38310","economy","grdp","agriculture, forestry and fishing","million KRW",136055
2015,"38310","economy","grdp","mining and quarrying","million KRW",7221
2015,"38310","economy","grdp","manufacturing","million KRW",169490
2015,"38310","economy","grdp","electricity, gas, steam and air conditioning supply; water supply and waste management","million KRW",1281
2015,"38310","economy","grdp","construction","million KRW",49395
2015,"38310","economy","grdp","wholesale and retail trade","million KRW",23895
2015,"38310","economy","grdp","transportation and storage","million KRW",13589
2015,"38310","economy","grdp","accommodation and food service activities","million KRW",14708
2015,"38310","economy","grdp","information and communication","million KRW",29528
2015,"38310","economy","grdp","financial and insurance activities","million KRW",36745
2015,"38310","economy","grdp","real estate activities; rental and leasing activities","million KRW",16181
2015,"38310","economy","grdp","professional, scientific and technical activities; business support facilities","million KRW",16353
2015,"38310","economy","grdp","public administration and defence; compulsory social security","million KRW",157517
2015,"38310","economy","grdp","education","million KRW",38901
2015,"38310","economy","grdp","human health and social work activities","million KRW",38952
2015,"38310","economy","grdp","arts, sports and recreation; membership organizations and personal services","million KRW",22788
2015,"38320","economy","grdp","gross regional domestic product at market prices","million KRW",3445542
2015,"38320","economy","grdp","net taxes on products","million KRW",292673
2015,"38320","economy","grdp","total value added at basic prices","million KRW",3152869
2015,"38320","economy","grdp","agriculture, forestry and fishing","million KRW",202479
2015,"38320","economy","grdp","mining and quarrying","million KRW",1447
2015,"38320","economy","grdp","manufacturing","million KRW",1894642
2015,"38320","economy","grdp","electricity, gas, steam and air conditioning supply; water supply and waste management","million KRW",17047
2015,"38320","economy","grdp","construction","million KRW",135929
2015,"38320","economy","grdp","wholesale and retail trade","million KRW",88861
2015,"38320","economy","grdp","transportation and storage","million KRW",56168
2015,"38320","economy","grdp","accommodation and food service activities","million KRW",43773
2015,"38320","economy","grdp","information and communication","million KRW",32099
2015,"38320","economy","grdp","financial and insurance activities","million KRW",47343
2015,"38320","economy","grdp","real estate activities; rental and leasing activities","million KRW",106621
2015,"38320","economy","grdp","professional, scientific and technical activities; business support facilities","million KRW",86252
2015,"38320","economy","grdp","public administration and defence; compulsory social security","million KRW",208234
2015,"38320","economy","grdp","education","million KRW",92190
2015,"38320","economy","grdp","human health and social work activities","million KRW",67768
2015,"38320","economy","grdp","arts, sports and recreation; membership organizations and personal services","million KRW",72014
2015,"38330","economy","grdp","gross regional domestic product at market prices","million KRW",2275498
2015,"38330","economy","grdp","net taxes on products","million KRW",165206
2015,"38330","economy","grdp","total value added at basic prices","million KRW",2110293
2015,"38330","economy","grdp","agriculture, forestry and fishing","million KRW",236082
2015,"38330","economy","grdp","mining and quarrying","million KRW",4902
2015,"38330","economy","grdp","manufacturing","million KRW",797814
2015,"38330","economy","grdp","electricity, gas, steam and air conditioning supply; water supply and waste management","million KRW",9336
2015,"38330","economy","grdp","construction","million KRW",97971
2015,"38330","economy","grdp","wholesale and retail trade","million KRW",83154
2015,"38330","economy","grdp","transportation and storage","million KRW",51162
2015,"38330","economy","grdp","accommodation and food service activities","million KRW",49846
2015,"38330","economy","grdp","information and communication","million KRW",37546
2015,"38330","economy","grdp","financial and insurance activities","million KRW",58859
2015,"38330","economy","grdp","real estate activities; rental and leasing activities","million KRW",67507
2015,"38330","economy","grdp","professional, scientific and technical activities; business support facilities","million KRW",99013
2015,"38330","economy","grdp","public administration and defence; compulsory social security","million KRW",280670
2015,"38330","economy","grdp","education","million KRW",90110
2015,"38330","economy","grdp","human health and social work activities","million KRW",86698
2015,"38330","economy","grdp","arts, sports and recreation; membership organizations and personal services","million KRW",59623
2015,"38340","economy","grdp","gross regional domestic product at market prices","million KRW",2450129
2015,"38340","economy","grdp","net taxes on products","million KRW",182759
2015,"38340","economy","grdp","total value added at basic prices","million KRW",2267370
2015,"38340","economy","grdp","agriculture, forestry and fishing","million KRW",208045
2015,"38340","economy","grdp","mining and quarrying","million KRW",25
2015,"38340","economy","grdp","manufacturing","million KRW",403712
2015,"38340","economy","grdp","electricity, gas, steam and air conditioning supply; water supply and waste management","million KRW",834595
2015,"38340","economy","grdp","construction","million KRW",93371
2015,"38340","economy","grdp","wholesale and retail trade","million KRW",74321
2015,"38340","economy","grdp","transportation and storage","million KRW",39309
2015,"38340","economy","grdp","accommodation and food service activities","million KRW",35288
2015,"38340","economy","grdp","information and communication","million KRW",37044
2015,"38340","economy","grdp","financial and insurance activities","million KRW",64260
2015,"38340","economy","grdp","real estate activities; rental and leasing activities","million KRW",49811
2015,"38340","economy","grdp","professional, scientific and technical activities; business support facilities","million KRW",64596
2015,"38340","economy","grdp","public administration and defence; compulsory social security","million KRW",182732
2015,"38340","economy","grdp","education","million KRW",70714
2015,"38340","economy","grdp","human health and social work activities","million KRW",59992
2015,"38340","economy","grdp","arts, sports and recreation; membership organizations and personal services","million KRW",49554
2015,"38350","economy","grdp","gross regional domestic product at market prices","million KRW",977764
2015,"38350","economy","grdp","net taxes on products","million KRW",52929
2015,"38350","economy","grdp","total value added at basic prices","million KRW",924835
2015,"38350","economy","grdp","agriculture, forestry and fishing","million KRW",176255
2015,"38350","economy","grdp","mining and quarrying","million KRW",NA
2015,"38350","economy","grdp","manufacturing","million KRW",21994
2015,"38350","economy","grdp","electricity, gas, steam and air conditioning supply; water supply and waste management","million KRW",2460
2015,"38350","economy","grdp","construction","million KRW",71257
2015,"38350","economy","grdp","wholesale and retail trade","million KRW",65621
2015,"38350","economy","grdp","transportation and storage","million KRW",29502
2015,"38350","economy","grdp","accommodation and food service activities","million KRW",41640
2015,"38350","economy","grdp","information and communication","million KRW",28169
2015,"38350","economy","grdp","financial and insurance activities","million KRW",66435
2015,"38350","economy","grdp","real estate activities; rental and leasing activities","million KRW",31234
2015,"38350","economy","grdp","professional, scientific and technical activities; business support facilities","million KRW",68216
2015,"38350","economy","grdp","public administration and defence; compulsory social security","million KRW",159813
2015,"38350","economy","grdp","education","million KRW",63331
2015,"38350","economy","grdp","human health and social work activities","million KRW",58133
2015,"38350","economy","grdp","arts, sports and recreation; membership organizations and personal services","million KRW",40774
2015,"38360","economy","grdp","gross regional domestic product at market prices","million KRW",2255074
2015,"38360","economy","grdp","net taxes on products","million KRW",162197
2015,"38360","economy","grdp","total value added at basic prices","million KRW",2092877
2015,"38360","economy","grdp","agriculture, forestry and fishing","million KRW",149856
2015,"38360","economy","grdp","mining and quarrying","million KRW",655
2015,"38360","economy","grdp","manufacturing","million KRW",63632
2015,"38360","economy","grdp","electricity, gas, steam and air conditioning supply; water supply and waste management","million KRW",1054083
2015,"38360","economy","grdp","construction","million KRW",175599
2015,"38360","economy","grdp","wholesale and retail trade","million KRW",69877
2015,"38360","economy","grdp","transportation and storage","million KRW",18302
2015,"38360","economy","grdp","accommodation and food service activities","million KRW",34316
2015,"38360","economy","grdp","information and communication","million KRW",37793
2015,"38360","economy","grdp","financial and insurance activities","million KRW",61706
2015,"38360","economy","grdp","real estate activities; rental and leasing activities","million KRW",44436
2015,"38360","economy","grdp","professional, scientific and technical activities; business support facilities","million KRW",56511
2015,"38360","economy","grdp","public administration and defence; compulsory social security","million KRW",179044
2015,"38360","economy","grdp","education","million KRW",57889
2015,"38360","economy","grdp","human health and social work activities","million KRW",55559
2015,"38360","economy","grdp","arts, sports and recreation; membership organizations and personal services","million KRW",33619
2015,"38370","economy","grdp","gross regional domestic product at market prices","million KRW",925406
2015,"38370","economy","grdp","net taxes on products","million KRW",53847
2015,"38370","economy","grdp","total value added at basic prices","million KRW",871559
2015,"38370","economy","grdp","agriculture, forestry and fishing","million KRW",184498
2015,"38370","economy","grdp","mining and quarrying","million KRW",11573
2015,"38370","economy","grdp","manufacturing","million KRW",77864
2015,"38370","economy","grdp","electricity, gas, steam and air conditioning supply; water supply and waste management","million KRW",22606
2015,"38370","economy","grdp","construction","million KRW",62959
2015,"38370","economy","grdp","wholesale and retail trade","million KRW",58696
2015,"38370","economy","grdp","transportation and storage","million KRW",21007
2015,"38370","economy","grdp","accommodation and food service activities","million KRW",28038
2015,"38370","economy","grdp","information and communication","million KRW",31108
2015,"38370","economy","grdp","financial and insurance activities","million KRW",36401
2015,"38370","economy","grdp","real estate activities; rental and leasing activities","million KRW",22043
2015,"38370","economy","grdp","professional, scientific and technical activities; business support facilities","million KRW",37787
2015,"38370","economy","grdp","public administration and defence; compulsory social security","million KRW",151188
2015,"38370","economy","grdp","education","million KRW",50878
2015,"38370","economy","grdp","human health and social work activities","million KRW",43183
2015,"38370","economy","grdp","arts, sports and recreation; membership organizations and personal services","million KRW",31732
2015,"38380","economy","grdp","gross regional domestic product at market prices","million KRW",910951
2015,"38380","economy","grdp","net taxes on products","million KRW",52921
2015,"38380","economy","grdp","total value added at basic prices","million KRW",858030
2015,"38380","economy","grdp","agriculture, forestry and fishing","million KRW",144598
2015,"38380","economy","grdp","mining and quarrying","million KRW",42
2015,"38380","economy","grdp","manufacturing","million KRW",84424
2015,"38380","economy","grdp","electricity, gas, steam and air conditioning supply; water supply and waste management","million KRW",845
2015,"38380","economy","grdp","construction","million KRW",89085
2015,"38380","economy","grdp","wholesale and retail trade","million KRW",57033
2015,"38380","economy","grdp","transportation and storage","million KRW",26273
2015,"38380","economy","grdp","accommodation and food service activities","million KRW",26150
2015,"38380","economy","grdp","information and communication","million KRW",30354
2015,"38380","economy","grdp","financial and insurance activities","million KRW",41671
2015,"38380","economy","grdp","real estate activities; rental and leasing activities","million KRW",25735
2015,"38380","economy","grdp","professional, scientific and technical activities; business support facilities","million KRW",32904
2015,"38380","economy","grdp","public administration and defence; compulsory social security","million KRW",166399
2015,"38380","economy","grdp","education","million KRW",50502
2015,"38380","economy","grdp","human health and social work activities","million KRW",50497
2015,"38380","economy","grdp","arts, sports and recreation; membership organizations and personal services","million KRW",31518
2015,"38390","economy","grdp","gross regional domestic product at market prices","million KRW",1451454
2015,"38390","economy","grdp","net taxes on products","million KRW",88095
2015,"38390","economy","grdp","total value added at basic prices","million KRW",1363359
2015,"38390","economy","grdp","agriculture, forestry and fishing","million KRW",201797
2015,"38390","economy","grdp","mining and quarrying","million KRW",12579
2015,"38390","economy","grdp","manufacturing","million KRW",206133
2015,"38390","economy","grdp","electricity, gas, steam and air conditioning supply; water supply and waste management","million KRW",2835
2015,"38390","economy","grdp","construction","million KRW",118064
2015,"38390","economy","grdp","wholesale and retail trade","million KRW",85029
2015,"38390","economy","grdp","transportation and storage","million KRW",31544
2015,"38390","economy","grdp","accommodation and food service activities","million KRW",35711
2015,"38390","economy","grdp","information and communication","million KRW",39809
2015,"38390","economy","grdp","financial and insurance activities","million KRW",69764
2015,"38390","economy","grdp","real estate activities; rental and leasing activities","million KRW",54983
2015,"38390","economy","grdp","professional, scientific and technical activities; business support facilities","million KRW",74992
2015,"38390","economy","grdp","public administration and defence; compulsory social security","million KRW",189694
2015,"38390","economy","grdp","education","million KRW",113135
2015,"38390","economy","grdp","human health and social work activities","million KRW",80993
2015,"38390","economy","grdp","arts, sports and recreation; membership organizations and personal services","million KRW",46298
2015,"38400","economy","grdp","gross regional domestic product at market prices","million KRW",1080656
2015,"38400","economy","grdp","net taxes on products","million KRW",60503
2015,"38400","economy","grdp","total value added at basic prices","million KRW",1020153
2015,"38400","economy","grdp","agriculture, forestry and fishing","million KRW",220798
2015,"38400","economy","grdp","mining and quarrying","million KRW",4528
2015,"38400","economy","grdp","manufacturing","million KRW",62474
2015,"38400","economy","grdp","electricity, gas, steam and air conditioning supply; water supply and waste management","million KRW",15258
2015,"38400","economy","grdp","construction","million KRW",93592
2015,"38400","economy","grdp","wholesale and retail trade","million KRW",52127
2015,"38400","economy","grdp","transportation and storage","million KRW",17633
2015,"38400","economy","grdp","accommodation and food service activities","million KRW",26318
2015,"38400","economy","grdp","information and communication","million KRW",42297
2015,"38400","economy","grdp","financial and insurance activities","million KRW",54511
2015,"38400","economy","grdp","real estate activities; rental and leasing activities","million KRW",24241
2015,"38400","economy","grdp","professional, scientific and technical activities; business support facilities","million KRW",36640
2015,"38400","economy","grdp","public administration and defence; compulsory social security","million KRW",205816
2015,"38400","economy","grdp","education","million KRW",67348
2015,"38400","economy","grdp","human health and social work activities","million KRW",57229
2015,"38400","economy","grdp","arts, sports and recreation; membership organizations and personal services","million KRW",39344
2020,"38110","economy","grdp","gross regional domestic product at market prices","million KRW",38694382
2020,"38110","economy","grdp","net taxes on products","million KRW",2993889
2020,"38110","economy","grdp","total value added at basic prices","million KRW",35700493
2020,"38110","economy","grdp","agriculture, forestry and fishing","million KRW",254653
2020,"38110","economy","grdp","mining and quarrying","million KRW",7824
2020,"38110","economy","grdp","manufacturing","million KRW",15693261
2020,"38110","economy","grdp","electricity, gas, steam and air conditioning supply; water supply and waste management","million KRW",78367
2020,"38110","economy","grdp","construction","million KRW",1605053
2020,"38110","economy","grdp","wholesale and retail trade","million KRW",1403204
2020,"38110","economy","grdp","transportation and storage","million KRW",936073
2020,"38110","economy","grdp","accommodation and food service activities","million KRW",629116
2020,"38110","economy","grdp","information and communication","million KRW",497283
2020,"38110","economy","grdp","financial and insurance activities","million KRW",1403695
2020,"38110","economy","grdp","real estate activities; rental and leasing activities","million KRW",2474121
2020,"38110","economy","grdp","professional, scientific and technical activities; business support facilities","million KRW",2396055
2020,"38110","economy","grdp","public administration and defence; compulsory social security","million KRW",3814005
2020,"38110","economy","grdp","education","million KRW",1875702
2020,"38110","economy","grdp","human health and social work activities","million KRW",1820253
2020,"38110","economy","grdp","arts, sports and recreation; membership organizations and personal services","million KRW",811827
2020,"38030","economy","grdp","gross regional domestic product at market prices","million KRW",8495532
2020,"38030","economy","grdp","net taxes on products","million KRW",516875
2020,"38030","economy","grdp","total value added at basic prices","million KRW",7978657
2020,"38030","economy","grdp","agriculture, forestry and fishing","million KRW",342228
2020,"38030","economy","grdp","mining and quarrying","million KRW",859
2020,"38030","economy","grdp","manufacturing","million KRW",892116
2020,"38030","economy","grdp","electricity, gas, steam and air conditioning supply; water supply and waste management","million KRW",21307
2020,"38030","economy","grdp","construction","million KRW",313160
2020,"38030","economy","grdp","wholesale and retail trade","million KRW",543116
2020,"38030","economy","grdp","transportation and storage","million KRW",282034
2020,"38030","economy","grdp","accommodation and food service activities","million KRW",222845
2020,"38030","economy","grdp","information and communication","million KRW",187271
2020,"38030","economy","grdp","financial and insurance activities","million KRW",530471
2020,"38030","economy","grdp","real estate activities; rental and leasing activities","million KRW",1008277
2020,"38030","economy","grdp","professional, scientific and technical activities; business support facilities","million KRW",946936
2020,"38030","economy","grdp","public administration and defence; compulsory social security","million KRW",904087
2020,"38030","economy","grdp","education","million KRW",797174
2020,"38030","economy","grdp","human health and social work activities","million KRW",693500
2020,"38030","economy","grdp","arts, sports and recreation; membership organizations and personal services","million KRW",293277
2020,"38050","economy","grdp","gross regional domestic product at market prices","million KRW",3153775
2020,"38050","economy","grdp","net taxes on products","million KRW",217504
2020,"38050","economy","grdp","total value added at basic prices","million KRW",2936271
2020,"38050","economy","grdp","agriculture, forestry and fishing","million KRW",186196
2020,"38050","economy","grdp","mining and quarrying","million KRW",1
2020,"38050","economy","grdp","manufacturing","million KRW",153880
2020,"38050","economy","grdp","electricity, gas, steam and air conditioning supply; water supply and waste management","million KRW",495193
2020,"38050","economy","grdp","construction","million KRW",117208
2020,"38050","economy","grdp","wholesale and retail trade","million KRW",205247
2020,"38050","economy","grdp","transportation and storage","million KRW",102756
2020,"38050","economy","grdp","accommodation and food service activities","million KRW",125760
2020,"38050","economy","grdp","information and communication","million KRW",58452
2020,"38050","economy","grdp","financial and insurance activities","million KRW",246089
2020,"38050","economy","grdp","real estate activities; rental and leasing activities","million KRW",228721
2020,"38050","economy","grdp","professional, scientific and technical activities; business support facilities","million KRW",180384
2020,"38050","economy","grdp","public administration and defence; compulsory social security","million KRW",306964
2020,"38050","economy","grdp","education","million KRW",210466
2020,"38050","economy","grdp","human health and social work activities","million KRW",208643
2020,"38050","economy","grdp","arts, sports and recreation; membership organizations and personal services","million KRW",110311
2020,"38060","economy","grdp","gross regional domestic product at market prices","million KRW",4355391
2020,"38060","economy","grdp","net taxes on products","million KRW",332790
2020,"38060","economy","grdp","total value added at basic prices","million KRW",4022601
2020,"38060","economy","grdp","agriculture, forestry and fishing","million KRW",232588
2020,"38060","economy","grdp","mining and quarrying","million KRW",1469
2020,"38060","economy","grdp","manufacturing","million KRW",1684859
2020,"38060","economy","grdp","electricity, gas, steam and air conditioning supply; water supply and waste management","million KRW",14441
2020,"38060","economy","grdp","construction","million KRW",126044
2020,"38060","economy","grdp","wholesale and retail trade","million KRW",211870
2020,"38060","economy","grdp","transportation and storage","million KRW",90533
2020,"38060","economy","grdp","accommodation and food service activities","million KRW",87741
2020,"38060","economy","grdp","information and communication","million KRW",50538
2020,"38060","economy","grdp","financial and insurance activities","million KRW",138593
2020,"38060","economy","grdp","real estate activities; rental and leasing activities","million KRW",213832
2020,"38060","economy","grdp","professional, scientific and technical activities; business support facilities","million KRW",154872
2020,"38060","economy","grdp","public administration and defence; compulsory social security","million KRW",526282
2020,"38060","economy","grdp","education","million KRW",172627
2020,"38060","economy","grdp","human health and social work activities","million KRW",191776
2020,"38060","economy","grdp","arts, sports and recreation; membership organizations and personal services","million KRW",124536
2020,"38070","economy","grdp","gross regional domestic product at market prices","million KRW",15604555
2020,"38070","economy","grdp","net taxes on products","million KRW",1249018
2020,"38070","economy","grdp","total value added at basic prices","million KRW",14355537
2020,"38070","economy","grdp","agriculture, forestry and fishing","million KRW",221616
2020,"38070","economy","grdp","mining and quarrying","million KRW",25576
2020,"38070","economy","grdp","manufacturing","million KRW",6678798
2020,"38070","economy","grdp","electricity, gas, steam and air conditioning supply; water supply and waste management","million KRW",34700
2020,"38070","economy","grdp","construction","million KRW",916367
2020,"38070","economy","grdp","wholesale and retail trade","million KRW",818236
2020,"38070","economy","grdp","transportation and storage","million KRW",404980
2020,"38070","economy","grdp","accommodation and food service activities","million KRW",254167
2020,"38070","economy","grdp","information and communication","million KRW",136356
2020,"38070","economy","grdp","financial and insurance activities","million KRW",450628
2020,"38070","economy","grdp","real estate activities; rental and leasing activities","million KRW",970592
2020,"38070","economy","grdp","professional, scientific and technical activities; business support facilities","million KRW",694337
2020,"38070","economy","grdp","public administration and defence; compulsory social security","million KRW",582673
2020,"38070","economy","grdp","education","million KRW",939981
2020,"38070","economy","grdp","human health and social work activities","million KRW",747379
2020,"38070","economy","grdp","arts, sports and recreation; membership organizations and personal services","million KRW",479154
2020,"38080","economy","grdp","gross regional domestic product at market prices","million KRW",3172719
2020,"38080","economy","grdp","net taxes on products","million KRW",217704
2020,"38080","economy","grdp","total value added at basic prices","million KRW",2955014
2020,"38080","economy","grdp","agriculture, forestry and fishing","million KRW",353581
2020,"38080","economy","grdp","mining and quarrying","million KRW",1602
2020,"38080","economy","grdp","manufacturing","million KRW",752003
2020,"38080","economy","grdp","electricity, gas, steam and air conditioning supply; water supply and waste management","million KRW",13730
2020,"38080","economy","grdp","construction","million KRW",128107
2020,"38080","economy","grdp","wholesale and retail trade","million KRW",158242
2020,"38080","economy","grdp","transportation and storage","million KRW",86970
2020,"38080","economy","grdp","accommodation and food service activities","million KRW",68793
2020,"38080","economy","grdp","information and communication","million KRW",50426
2020,"38080","economy","grdp","financial and insurance activities","million KRW",117804
2020,"38080","economy","grdp","real estate activities; rental and leasing activities","million KRW",184832
2020,"38080","economy","grdp","professional, scientific and technical activities; business support facilities","million KRW",248482
2020,"38080","economy","grdp","public administration and defence; compulsory social security","million KRW",376441
2020,"38080","economy","grdp","education","million KRW",134350
2020,"38080","economy","grdp","human health and social work activities","million KRW",177014
2020,"38080","economy","grdp","arts, sports and recreation; membership organizations and personal services","million KRW",102636
2020,"38090","economy","grdp","gross regional domestic product at market prices","million KRW",8584161
2020,"38090","economy","grdp","net taxes on products","million KRW",709097
2020,"38090","economy","grdp","total value added at basic prices","million KRW",7875064
2020,"38090","economy","grdp","agriculture, forestry and fishing","million KRW",105513
2020,"38090","economy","grdp","mining and quarrying","million KRW",5621
2020,"38090","economy","grdp","manufacturing","million KRW",4173269
2020,"38090","economy","grdp","electricity, gas, steam and air conditioning supply; water supply and waste management","million KRW",25458
2020,"38090","economy","grdp","construction","million KRW",419721
2020,"38090","economy","grdp","wholesale and retail trade","million KRW",220302
2020,"38090","economy","grdp","transportation and storage","million KRW",103105
2020,"38090","economy","grdp","accommodation and food service activities","million KRW",196780
2020,"38090","economy","grdp","information and communication","million KRW",73012
2020,"38090","economy","grdp","financial and insurance activities","million KRW",247008
2020,"38090","economy","grdp","real estate activities; rental and leasing activities","million KRW",422202
2020,"38090","economy","grdp","professional, scientific and technical activities; business support facilities","million KRW",566936
2020,"38090","economy","grdp","public administration and defence; compulsory social security","million KRW",348214
2020,"38090","economy","grdp","education","million KRW",412368
2020,"38090","economy","grdp","human health and social work activities","million KRW",375966
2020,"38090","economy","grdp","arts, sports and recreation; membership organizations and personal services","million KRW",179590
2020,"38100","economy","grdp","gross regional domestic product at market prices","million KRW",10795754
2020,"38100","economy","grdp","net taxes on products","million KRW",864187
2020,"38100","economy","grdp","total value added at basic prices","million KRW",9931567
2020,"38100","economy","grdp","agriculture, forestry and fishing","million KRW",147215
2020,"38100","economy","grdp","mining and quarrying","million KRW",3020
2020,"38100","economy","grdp","manufacturing","million KRW",4407070
2020,"38100","economy","grdp","electricity, gas, steam and air conditioning supply; water supply and waste management","million KRW",34186
2020,"38100","economy","grdp","construction","million KRW",978607
2020,"38100","economy","grdp","wholesale and retail trade","million KRW",434629
2020,"38100","economy","grdp","transportation and storage","million KRW",448453
2020,"38100","economy","grdp","accommodation and food service activities","million KRW",199714
2020,"38100","economy","grdp","information and communication","million KRW",83907
2020,"38100","economy","grdp","financial and insurance activities","million KRW",279011
2020,"38100","economy","grdp","real estate activities; rental and leasing activities","million KRW",665689
2020,"38100","economy","grdp","professional, scientific and technical activities; business support facilities","million KRW",429040
2020,"38100","economy","grdp","public administration and defence; compulsory social security","million KRW",470360
2020,"38100","economy","grdp","education","million KRW",525061
2020,"38100","economy","grdp","human health and social work activities","million KRW",493466
2020,"38100","economy","grdp","arts, sports and recreation; membership organizations and personal services","million KRW",332141
2020,"38310","economy","grdp","gross regional domestic product at market prices","million KRW",976088
2020,"38310","economy","grdp","net taxes on products","million KRW",65019
2020,"38310","economy","grdp","total value added at basic prices","million KRW",911069
2020,"38310","economy","grdp","agriculture, forestry and fishing","million KRW",179122
2020,"38310","economy","grdp","mining and quarrying","million KRW",3927
2020,"38310","economy","grdp","manufacturing","million KRW",221205
2020,"38310","economy","grdp","electricity, gas, steam and air conditioning supply; water supply and waste management","million KRW",1102
2020,"38310","economy","grdp","construction","million KRW",45164
2020,"38310","economy","grdp","wholesale and retail trade","million KRW",22463
2020,"38310","economy","grdp","transportation and storage","million KRW",13607
2020,"38310","economy","grdp","accommodation and food service activities","million KRW",14338
2020,"38310","economy","grdp","information and communication","million KRW",27322
2020,"38310","economy","grdp","financial and insurance activities","million KRW",42539
2020,"38310","economy","grdp","real estate activities; rental and leasing activities","million KRW",14115
2020,"38310","economy","grdp","professional, scientific and technical activities; business support facilities","million KRW",15970
2020,"38310","economy","grdp","public administration and defence; compulsory social security","million KRW",188135
2020,"38310","economy","grdp","education","million KRW",44191
2020,"38310","economy","grdp","human health and social work activities","million KRW",52649
2020,"38310","economy","grdp","arts, sports and recreation; membership organizations and personal services","million KRW",25219
2020,"38320","economy","grdp","gross regional domestic product at market prices","million KRW",3999539
2020,"38320","economy","grdp","net taxes on products","million KRW",339846
2020,"38320","economy","grdp","total value added at basic prices","million KRW",3659694
2020,"38320","economy","grdp","agriculture, forestry and fishing","million KRW",266881
2020,"38320","economy","grdp","mining and quarrying","million KRW",548
2020,"38320","economy","grdp","manufacturing","million KRW",2148330
2020,"38320","economy","grdp","electricity, gas, steam and air conditioning supply; water supply and waste management","million KRW",13681
2020,"38320","economy","grdp","construction","million KRW",142108
2020,"38320","economy","grdp","wholesale and retail trade","million KRW",112361
2020,"38320","economy","grdp","transportation and storage","million KRW",61619
2020,"38320","economy","grdp","accommodation and food service activities","million KRW",37298
2020,"38320","economy","grdp","information and communication","million KRW",29165
2020,"38320","economy","grdp","financial and insurance activities","million KRW",58701
2020,"38320","economy","grdp","real estate activities; rental and leasing activities","million KRW",108803
2020,"38320","economy","grdp","professional, scientific and technical activities; business support facilities","million KRW",96682
2020,"38320","economy","grdp","public administration and defence; compulsory social security","million KRW",280338
2020,"38320","economy","grdp","education","million KRW",96905
2020,"38320","economy","grdp","human health and social work activities","million KRW",106153
2020,"38320","economy","grdp","arts, sports and recreation; membership organizations and personal services","million KRW",100120
2020,"38330","economy","grdp","gross regional domestic product at market prices","million KRW",2474636
2020,"38330","economy","grdp","net taxes on products","million KRW",182586
2020,"38330","economy","grdp","total value added at basic prices","million KRW",2292050
2020,"38330","economy","grdp","agriculture, forestry and fishing","million KRW",291503
2020,"38330","economy","grdp","mining and quarrying","million KRW",808
2020,"38330","economy","grdp","manufacturing","million KRW",838691
2020,"38330","economy","grdp","electricity, gas, steam and air conditioning supply; water supply and waste management","million KRW",8397
2020,"38330","economy","grdp","construction","million KRW",105845
2020,"38330","economy","grdp","wholesale and retail trade","million KRW",85263
2020,"38330","economy","grdp","transportation and storage","million KRW",52199
2020,"38330","economy","grdp","accommodation and food service activities","million KRW",43106
2020,"38330","economy","grdp","information and communication","million KRW",35260
2020,"38330","economy","grdp","financial and insurance activities","million KRW",68554
2020,"38330","economy","grdp","real estate activities; rental and leasing activities","million KRW",88726
2020,"38330","economy","grdp","professional, scientific and technical activities; business support facilities","million KRW",100665
2020,"38330","economy","grdp","public administration and defence; compulsory social security","million KRW",304619
2020,"38330","economy","grdp","education","million KRW",90892
2020,"38330","economy","grdp","human health and social work activities","million KRW",115984
2020,"38330","economy","grdp","arts, sports and recreation; membership organizations and personal services","million KRW",61538
2020,"38340","economy","grdp","gross regional domestic product at market prices","million KRW",2292902
2020,"38340","economy","grdp","net taxes on products","million KRW",182705
2020,"38340","economy","grdp","total value added at basic prices","million KRW",2110198
2020,"38340","economy","grdp","agriculture, forestry and fishing","million KRW",219872
2020,"38340","economy","grdp","mining and quarrying","million KRW",1103
2020,"38340","economy","grdp","manufacturing","million KRW",472556
2020,"38340","economy","grdp","electricity, gas, steam and air conditioning supply; water supply and waste management","million KRW",510506
2020,"38340","economy","grdp","construction","million KRW",94384
2020,"38340","economy","grdp","wholesale and retail trade","million KRW",68313
2020,"38340","economy","grdp","transportation and storage","million KRW",39467
2020,"38340","economy","grdp","accommodation and food service activities","million KRW",35183
2020,"38340","economy","grdp","information and communication","million KRW",35541
2020,"38340","economy","grdp","financial and insurance activities","million KRW",74800
2020,"38340","economy","grdp","real estate activities; rental and leasing activities","million KRW",53980
2020,"38340","economy","grdp","professional, scientific and technical activities; business support facilities","million KRW",55550
2020,"38340","economy","grdp","public administration and defence; compulsory social security","million KRW",244974
2020,"38340","economy","grdp","education","million KRW",78020
2020,"38340","economy","grdp","human health and social work activities","million KRW",83020
2020,"38340","economy","grdp","arts, sports and recreation; membership organizations and personal services","million KRW",42930
2020,"38350","economy","grdp","gross regional domestic product at market prices","million KRW",1134093
2020,"38350","economy","grdp","net taxes on products","million KRW",64550
2020,"38350","economy","grdp","total value added at basic prices","million KRW",1069543
2020,"38350","economy","grdp","agriculture, forestry and fishing","million KRW",176361
2020,"38350","economy","grdp","mining and quarrying","million KRW",0
2020,"38350","economy","grdp","manufacturing","million KRW",32107
2020,"38350","economy","grdp","electricity, gas, steam and air conditioning supply; water supply and waste management","million KRW",2203
2020,"38350","economy","grdp","construction","million KRW",69885
2020,"38350","economy","grdp","wholesale and retail trade","million KRW",62359
2020,"38350","economy","grdp","transportation and storage","million KRW",25164
2020,"38350","economy","grdp","accommodation and food service activities","million KRW",78782
2020,"38350","economy","grdp","information and communication","million KRW",27834
2020,"38350","economy","grdp","financial and insurance activities","million KRW",80175
2020,"38350","economy","grdp","real estate activities; rental and leasing activities","million KRW",41953
2020,"38350","economy","grdp","professional, scientific and technical activities; business support facilities","million KRW",70120
2020,"38350","economy","grdp","public administration and defence; compulsory social security","million KRW",195285
2020,"38350","economy","grdp","education","million KRW",76454
2020,"38350","economy","grdp","human health and social work activities","million KRW",75232
2020,"38350","economy","grdp","arts, sports and recreation; membership organizations and personal services","million KRW",55628
2020,"38360","economy","grdp","gross regional domestic product at market prices","million KRW",2164021
2020,"38360","economy","grdp","net taxes on products","million KRW",175933
2020,"38360","economy","grdp","total value added at basic prices","million KRW",1988088
2020,"38360","economy","grdp","agriculture, forestry and fishing","million KRW",166203
2020,"38360","economy","grdp","mining and quarrying","million KRW",132
2020,"38360","economy","grdp","manufacturing","million KRW",63263
2020,"38360","economy","grdp","electricity, gas, steam and air conditioning supply; water supply and waste management","million KRW",878920
2020,"38360","economy","grdp","construction","million KRW",141522
2020,"38360","economy","grdp","wholesale and retail trade","million KRW",59519
2020,"38360","economy","grdp","transportation and storage","million KRW",18076
2020,"38360","economy","grdp","accommodation and food service activities","million KRW",32864
2020,"38360","economy","grdp","information and communication","million KRW",36564
2020,"38360","economy","grdp","financial and insurance activities","million KRW",73578
2020,"38360","economy","grdp","real estate activities; rental and leasing activities","million KRW",36910
2020,"38360","economy","grdp","professional, scientific and technical activities; business support facilities","million KRW",80694
2020,"38360","economy","grdp","public administration and defence; compulsory social security","million KRW",217724
2020,"38360","economy","grdp","education","million KRW",63234
2020,"38360","economy","grdp","human health and social work activities","million KRW",78136
2020,"38360","economy","grdp","arts, sports and recreation; membership organizations and personal services","million KRW",40748
2020,"38370","economy","grdp","gross regional domestic product at market prices","million KRW",1096030
2020,"38370","economy","grdp","net taxes on products","million KRW",67914
2020,"38370","economy","grdp","total value added at basic prices","million KRW",1028116
2020,"38370","economy","grdp","agriculture, forestry and fishing","million KRW",239391
2020,"38370","economy","grdp","mining and quarrying","million KRW",6354
2020,"38370","economy","grdp","manufacturing","million KRW",128427
2020,"38370","economy","grdp","electricity, gas, steam and air conditioning supply; water supply and waste management","million KRW",16705
2020,"38370","economy","grdp","construction","million KRW",55509
2020,"38370","economy","grdp","wholesale and retail trade","million KRW",43896
2020,"38370","economy","grdp","transportation and storage","million KRW",21346
2020,"38370","economy","grdp","accommodation and food service activities","million KRW",29461
2020,"38370","economy","grdp","information and communication","million KRW",29440
2020,"38370","economy","grdp","financial and insurance activities","million KRW",48724
2020,"38370","economy","grdp","real estate activities; rental and leasing activities","million KRW",25122
2020,"38370","economy","grdp","professional, scientific and technical activities; business support facilities","million KRW",55500
2020,"38370","economy","grdp","public administration and defence; compulsory social security","million KRW",184909
2020,"38370","economy","grdp","education","million KRW",56857
2020,"38370","economy","grdp","human health and social work activities","million KRW",55686
2020,"38370","economy","grdp","arts, sports and recreation; membership organizations and personal services","million KRW",30789
2020,"38380","economy","grdp","gross regional domestic product at market prices","million KRW",1053148
2020,"38380","economy","grdp","net taxes on products","million KRW",64970
2020,"38380","economy","grdp","total value added at basic prices","million KRW",988178
2020,"38380","economy","grdp","agriculture, forestry and fishing","million KRW",189442
2020,"38380","economy","grdp","mining and quarrying","million KRW",2485
2020,"38380","economy","grdp","manufacturing","million KRW",117774
2020,"38380","economy","grdp","electricity, gas, steam and air conditioning supply; water supply and waste management","million KRW",708
2020,"38380","economy","grdp","construction","million KRW",72773
2020,"38380","economy","grdp","wholesale and retail trade","million KRW",52648
2020,"38380","economy","grdp","transportation and storage","million KRW",28081
2020,"38380","economy","grdp","accommodation and food service activities","million KRW",31663
2020,"38380","economy","grdp","information and communication","million KRW",32014
2020,"38380","economy","grdp","financial and insurance activities","million KRW",58018
2020,"38380","economy","grdp","real estate activities; rental and leasing activities","million KRW",30649
2020,"38380","economy","grdp","professional, scientific and technical activities; business support facilities","million KRW",36369
2020,"38380","economy","grdp","public administration and defence; compulsory social security","million KRW",177902
2020,"38380","economy","grdp","education","million KRW",63370
2020,"38380","economy","grdp","human health and social work activities","million KRW",58019
2020,"38380","economy","grdp","arts, sports and recreation; membership organizations and personal services","million KRW",36262
2020,"38390","economy","grdp","gross regional domestic product at market prices","million KRW",1648855
2020,"38390","economy","grdp","net taxes on products","million KRW",107919
2020,"38390","economy","grdp","total value added at basic prices","million KRW",1540936
2020,"38390","economy","grdp","agriculture, forestry and fishing","million KRW",240889
2020,"38390","economy","grdp","mining and quarrying","million KRW",14421
2020,"38390","economy","grdp","manufacturing","million KRW",288804
2020,"38390","economy","grdp","electricity, gas, steam and air conditioning supply; water supply and waste management","million KRW",2691
2020,"38390","economy","grdp","construction","million KRW",103487
2020,"38390","economy","grdp","wholesale and retail trade","million KRW",82813
2020,"38390","economy","grdp","transportation and storage","million KRW",34741
2020,"38390","economy","grdp","accommodation and food service activities","million KRW",37058
2020,"38390","economy","grdp","information and communication","million KRW",36094
2020,"38390","economy","grdp","financial and insurance activities","million KRW",81094
2020,"38390","economy","grdp","real estate activities; rental and leasing activities","million KRW",45668
2020,"38390","economy","grdp","professional, scientific and technical activities; business support facilities","million KRW",84939
2020,"38390","economy","grdp","public administration and defence; compulsory social security","million KRW",219751
2020,"38390","economy","grdp","education","million KRW",121101
2020,"38390","economy","grdp","human health and social work activities","million KRW",98423
2020,"38390","economy","grdp","arts, sports and recreation; membership organizations and personal services","million KRW",48964
2020,"38400","economy","grdp","gross regional domestic product at market prices","million KRW",1151431
2020,"38400","economy","grdp","net taxes on products","million KRW",67316
2020,"38400","economy","grdp","total value added at basic prices","million KRW",1084115
2020,"38400","economy","grdp","agriculture, forestry and fishing","million KRW",234676
2020,"38400","economy","grdp","mining and quarrying","million KRW",4917
2020,"38400","economy","grdp","manufacturing","million KRW",69023
2020,"38400","economy","grdp","electricity, gas, steam and air conditioning supply; water supply and waste management","million KRW",11798
2020,"38400","economy","grdp","construction","million KRW",77754
2020,"38400","economy","grdp","wholesale and retail trade","million KRW",46038
2020,"38400","economy","grdp","transportation and storage","million KRW",18595
2020,"38400","economy","grdp","accommodation and food service activities","million KRW",24650
2020,"38400","economy","grdp","information and communication","million KRW",40522
2020,"38400","economy","grdp","financial and insurance activities","million KRW",67867
2020,"38400","economy","grdp","real estate activities; rental and leasing activities","million KRW",20906
2020,"38400","economy","grdp","professional, scientific and technical activities; business support facilities","million KRW",45675
2020,"38400","economy","grdp","public administration and defence; compulsory social security","million KRW",254301
2020,"38400","economy","grdp","education","million KRW",58470
2020,"38400","economy","grdp","human health and social work activities","million KRW",67656
2020,"38400","economy","grdp","arts, sports and recreation; membership organizations and personal services","million KRW",41267
2015,"15216","economy","grdp","gross regional domestic product at market prices","million KRW",103120174
2015,"15216","economy","grdp","net taxes on products","million KRW",5561708
2015,"15216","economy","grdp","total value added at basic prices","million KRW",97558466
2015,"15216","economy","grdp","agriculture, forestry and fishing","million KRW",5481436
2015,"15216","economy","grdp","mining and quarrying","million KRW",188469
2015,"15216","economy","grdp","manufacturing","million KRW",47125916
2015,"15216","economy","grdp","electricity, gas, steam and air conditioning supply; water supply and waste management","million KRW",2856358
2015,"15216","economy","grdp","construction","million KRW",6003570
2015,"15216","economy","grdp","wholesale and retail trade","million KRW",3308023
2015,"15216","economy","grdp","transportation and storage","million KRW",2429042
2015,"15216","economy","grdp","accommodation and food service activities","million KRW",1656691
2015,"15216","economy","grdp","information and communication","million KRW",1309811
2015,"15216","economy","grdp","financial and insurance activities","million KRW",2726263
2015,"15216","economy","grdp","real estate activities; rental and leasing activities","million KRW",4104736
2015,"15216","economy","grdp","professional, scientific and technical activities; business support facilities","million KRW",4740502
2015,"15216","economy","grdp","public administration and defence; compulsory social security","million KRW",6058937
2015,"15216","economy","grdp","education","million KRW",4347453
2015,"15216","economy","grdp","human health and social work activities","million KRW",2905294
2015,"15216","economy","grdp","arts, sports and recreation; membership organizations and personal services","million KRW",2315965
2015,"37010","economy","grdp","gross regional domestic product at market prices","million KRW",16587811
2015,"37010","economy","grdp","net taxes on products","million KRW",962240
2015,"37010","economy","grdp","total value added at basic prices","million KRW",15625571
2015,"37010","economy","grdp","agriculture, forestry and fishing","million KRW",243134
2015,"37010","economy","grdp","mining and quarrying","million KRW",12783
2015,"37010","economy","grdp","manufacturing","million KRW",5982386
2015,"37010","economy","grdp","electricity, gas, steam and air conditioning supply; water supply and waste management","million KRW",215784
2015,"37010","economy","grdp","construction","million KRW",1133595
2015,"37010","economy","grdp","wholesale and retail trade","million KRW",708423
2015,"37010","economy","grdp","transportation and storage","million KRW",828588
2015,"37010","economy","grdp","accommodation and food service activities","million KRW",320221
2015,"37010","economy","grdp","information and communication","million KRW",347869
2015,"37010","economy","grdp","financial and insurance activities","million KRW",753398
2015,"37010","economy","grdp","real estate activities; rental and leasing activities","million KRW",960604
2015,"37010","economy","grdp","professional, scientific and technical activities; business support facilities","million KRW",1181087
2015,"37010","economy","grdp","public administration and defence; compulsory social security","million KRW",1019140
2015,"37010","economy","grdp","education","million KRW",813084
2015,"37010","economy","grdp","human health and social work activities","million KRW",557568
2015,"37010","economy","grdp","arts, sports and recreation; membership organizations and personal services","million KRW",547909
2015,"37020","economy","grdp","gross regional domestic product at market prices","million KRW",9960756
2015,"37020","economy","grdp","net taxes on products","million KRW",569288
2015,"37020","economy","grdp","total value added at basic prices","million KRW",9391468
2015,"37020","economy","grdp","agriculture, forestry and fishing","million KRW",326922
2015,"37020","economy","grdp","mining and quarrying","million KRW",11154
2015,"37020","economy","grdp","manufacturing","million KRW",4117778
2015,"37020","economy","grdp","electricity, gas, steam and air conditioning supply; water supply and waste management","million KRW",843743
2015,"37020","economy","grdp","construction","million KRW",570701
2015,"37020","economy","grdp","wholesale and retail trade","million KRW",337755
2015,"37020","economy","grdp","transportation and storage","million KRW",185783
2015,"37020","economy","grdp","accommodation and food service activities","million KRW",276043
2015,"37020","economy","grdp","information and communication","million KRW",137664
2015,"37020","economy","grdp","financial and insurance activities","million KRW",245432
2015,"37020","economy","grdp","real estate activities; rental and leasing activities","million KRW",374265
2015,"37020","economy","grdp","professional, scientific and technical activities; business support facilities","million KRW",555059
2015,"37020","economy","grdp","public administration and defence; compulsory social security","million KRW",439554
2015,"37020","economy","grdp","education","million KRW",397681
2015,"37020","economy","grdp","human health and social work activities","million KRW",276988
2015,"37020","economy","grdp","arts, sports and recreation; membership organizations and personal services","million KRW",294947
2015,"37030","economy","grdp","gross regional domestic product at market prices","million KRW",4964756
2015,"37030","economy","grdp","net taxes on products","million KRW",246442
2015,"37030","economy","grdp","total value added at basic prices","million KRW",4718314
2015,"37030","economy","grdp","agriculture, forestry and fishing","million KRW",278002
2015,"37030","economy","grdp","mining and quarrying","million KRW",12392
2015,"37030","economy","grdp","manufacturing","million KRW",1489964
2015,"37030","economy","grdp","electricity, gas, steam and air conditioning supply; water supply and waste management","million KRW",23264
2015,"37030","economy","grdp","construction","million KRW",464103
2015,"37030","economy","grdp","wholesale and retail trade","million KRW",133042
2015,"37030","economy","grdp","transportation and storage","million KRW",320552
2015,"37030","economy","grdp","accommodation and food service activities","million KRW",70693
2015,"37030","economy","grdp","information and communication","million KRW",41901
2015,"37030","economy","grdp","financial and insurance activities","million KRW",101814
2015,"37030","economy","grdp","real estate activities; rental and leasing activities","million KRW",139769
2015,"37030","economy","grdp","professional, scientific and technical activities; business support facilities","million KRW",706670
2015,"37030","economy","grdp","public administration and defence; compulsory social security","million KRW",454496
2015,"37030","economy","grdp","education","million KRW",190790
2015,"37030","economy","grdp","human health and social work activities","million KRW",167330
2015,"37030","economy","grdp","arts, sports and recreation; membership organizations and personal services","million KRW",123532
2015,"37040","economy","grdp","gross regional domestic product at market prices","million KRW",3248266
2015,"37040","economy","grdp","net taxes on products","million KRW",135823
2015,"37040","economy","grdp","total value added at basic prices","million KRW",3112443
2015,"37040","economy","grdp","agriculture, forestry and fishing","million KRW",445382
2015,"37040","economy","grdp","mining and quarrying","million KRW",13625
2015,"37040","economy","grdp","manufacturing","million KRW",199532
2015,"37040","economy","grdp","electricity, gas, steam and air conditioning supply; water supply and waste management","million KRW",31241
2015,"37040","economy","grdp","construction","million KRW",357804
2015,"37040","economy","grdp","wholesale and retail trade","million KRW",240489
2015,"37040","economy","grdp","transportation and storage","million KRW",75283
2015,"37040","economy","grdp","accommodation and food service activities","million KRW",89863
2015,"37040","economy","grdp","information and communication","million KRW",86099
2015,"37040","economy","grdp","financial and insurance activities","million KRW",156483
2015,"37040","economy","grdp","real estate activities; rental and leasing activities","million KRW",167069
2015,"37040","economy","grdp","professional, scientific and technical activities; business support facilities","million KRW",173354
2015,"37040","economy","grdp","public administration and defence; compulsory social security","million KRW",370379
2015,"37040","economy","grdp","education","million KRW",278358
2015,"37040","economy","grdp","human health and social work activities","million KRW",320206
2015,"37040","economy","grdp","arts, sports and recreation; membership organizations and personal services","million KRW",107276
2015,"37050","economy","grdp","gross regional domestic product at market prices","million KRW",34732664
2015,"37050","economy","grdp","net taxes on products","million KRW",1974019
2015,"37050","economy","grdp","total value added at basic prices","million KRW",32758645
2015,"37050","economy","grdp","agriculture, forestry and fishing","million KRW",205112
2015,"37050","economy","grdp","mining and quarrying","million KRW",4950
2015,"37050","economy","grdp","manufacturing","million KRW",25827591
2015,"37050","economy","grdp","electricity, gas, steam and air conditioning supply; water supply and waste management","million KRW",198026
2015,"37050","economy","grdp","construction","million KRW",755109
2015,"37050","economy","grdp","wholesale and retail trade","million KRW",589730
2015,"37050","economy","grdp","transportation and storage","million KRW",313356
2015,"37050","economy","grdp","accommodation and food service activities","million KRW",280937
2015,"37050","economy","grdp","information and communication","million KRW",227744
2015,"37050","economy","grdp","financial and insurance activities","million KRW",728252
2015,"37050","economy","grdp","real estate activities; rental and leasing activities","million KRW",1039888
2015,"37050","economy","grdp","professional, scientific and technical activities; business support facilities","million KRW",755089
2015,"37050","economy","grdp","public administration and defence; compulsory social security","million KRW",381940
2015,"37050","economy","grdp","education","million KRW",758902
2015,"37050","economy","grdp","human health and social work activities","million KRW",365873
2015,"37050","economy","grdp","arts, sports and recreation; membership organizations and personal services","million KRW",326147
2015,"37060","economy","grdp","gross regional domestic product at market prices","million KRW",2784874
2015,"37060","economy","grdp","net taxes on products","million KRW",136864
2015,"37060","economy","grdp","total value added at basic prices","million KRW",2648010
2015,"37060","economy","grdp","agriculture, forestry and fishing","million KRW",325310
2015,"37060","economy","grdp","mining and quarrying","million KRW",12958
2015,"37060","economy","grdp","manufacturing","million KRW",861073
2015,"37060","economy","grdp","electricity, gas, steam and air conditioning supply; water supply and waste management","million KRW",15384
2015,"37060","economy","grdp","construction","million KRW",187562
2015,"37060","economy","grdp","wholesale and retail trade","million KRW",124154
2015,"37060","economy","grdp","transportation and storage","million KRW",94114
2015,"37060","economy","grdp","accommodation and food service activities","million KRW",56477
2015,"37060","economy","grdp","information and communication","million KRW",36100
2015,"37060","economy","grdp","financial and insurance activities","million KRW",97962
2015,"37060","economy","grdp","real estate activities; rental and leasing activities","million KRW",97092
2015,"37060","economy","grdp","professional, scientific and technical activities; business support facilities","million KRW",68794
2015,"37060","economy","grdp","public administration and defence; compulsory social security","million KRW",219948
2015,"37060","economy","grdp","education","million KRW",272583
2015,"37060","economy","grdp","human health and social work activities","million KRW",124320
2015,"37060","economy","grdp","arts, sports and recreation; membership organizations and personal services","million KRW",54181
2015,"37070","economy","grdp","gross regional domestic product at market prices","million KRW",3258783
2015,"37070","economy","grdp","net taxes on products","million KRW",187705
2015,"37070","economy","grdp","total value added at basic prices","million KRW",3071077
2015,"37070","economy","grdp","agriculture, forestry and fishing","million KRW",272863
2015,"37070","economy","grdp","mining and quarrying","million KRW",11016
2015,"37070","economy","grdp","manufacturing","million KRW",1424705
2015,"37070","economy","grdp","electricity, gas, steam and air conditioning supply; water supply and waste management","million KRW",16527
2015,"37070","economy","grdp","construction","million KRW",226147
2015,"37070","economy","grdp","wholesale and retail trade","million KRW",128922
2015,"37070","economy","grdp","transportation and storage","million KRW",58445
2015,"37070","economy","grdp","accommodation and food service activities","million KRW",48646
2015,"37070","economy","grdp","information and communication","million KRW",33176
2015,"37070","economy","grdp","financial and insurance activities","million KRW",70323
2015,"37070","economy","grdp","real estate activities; rental and leasing activities","million KRW",84293
2015,"37070","economy","grdp","professional, scientific and technical activities; business support facilities","million KRW",98420
2015,"37070","economy","grdp","public administration and defence; compulsory social security","million KRW",292570
2015,"37070","economy","grdp","education","million KRW",111829
2015,"37070","economy","grdp","human health and social work activities","million KRW",119250
2015,"37070","economy","grdp","arts, sports and recreation; membership organizations and personal services","million KRW",73946
2015,"37080","economy","grdp","gross regional domestic product at market prices","million KRW",2196807
2015,"37080","economy","grdp","net taxes on products","million KRW",97776
2015,"37080","economy","grdp","total value added at basic prices","million KRW",2099031
2015,"37080","economy","grdp","agriculture, forestry and fishing","million KRW",470907
2015,"37080","economy","grdp","mining and quarrying","million KRW",4626
2015,"37080","economy","grdp","manufacturing","million KRW",235838
2015,"37080","economy","grdp","electricity, gas, steam and air conditioning supply; water supply and waste management","million KRW",7937
2015,"37080","economy","grdp","construction","million KRW",328017
2015,"37080","economy","grdp","wholesale and retail trade","million KRW",111883
2015,"37080","economy","grdp","transportation and storage","million KRW",44643
2015,"37080","economy","grdp","accommodation and food service activities","million KRW",39109
2015,"37080","economy","grdp","information and communication","million KRW",32706
2015,"37080","economy","grdp","financial and insurance activities","million KRW",65562
2015,"37080","economy","grdp","real estate activities; rental and leasing activities","million KRW",67156
2015,"37080","economy","grdp","professional, scientific and technical activities; business support facilities","million KRW",79110
2015,"37080","economy","grdp","public administration and defence; compulsory social security","million KRW",306291
2015,"37080","economy","grdp","education","million KRW",143364
2015,"37080","economy","grdp","human health and social work activities","million KRW",105681
2015,"37080","economy","grdp","arts, sports and recreation; membership organizations and personal services","million KRW",56201
2015,"37090","economy","grdp","gross regional domestic product at market prices","million KRW",1431745
2015,"37090","economy","grdp","net taxes on products","million KRW",59701
2015,"37090","economy","grdp","total value added at basic prices","million KRW",1372045
2015,"37090","economy","grdp","agriculture, forestry and fishing","million KRW",290795
2015,"37090","economy","grdp","mining and quarrying","million KRW",9005
2015,"37090","economy","grdp","manufacturing","million KRW",208129
2015,"37090","economy","grdp","electricity, gas, steam and air conditioning supply; water supply and waste management","million KRW",6522
2015,"37090","economy","grdp","construction","million KRW",77261
2015,"37090","economy","grdp","wholesale and retail trade","million KRW",70227
2015,"37090","economy","grdp","transportation and storage","million KRW",30621
2015,"37090","economy","grdp","accommodation and food service activities","million KRW",45045
2015,"37090","economy","grdp","information and communication","million KRW",23945
2015,"37090","economy","grdp","financial and insurance activities","million KRW",50920
2015,"37090","economy","grdp","real estate activities; rental and leasing activities","million KRW",58457
2015,"37090","economy","grdp","professional, scientific and technical activities; business support facilities","million KRW",34230
2015,"37090","economy","grdp","public administration and defence; compulsory social security","million KRW",229324
2015,"37090","economy","grdp","education","million KRW",90512
2015,"37090","economy","grdp","human health and social work activities","million KRW",105994
2015,"37090","economy","grdp","arts, sports and recreation; membership organizations and personal services","million KRW",41055
2015,"37100","economy","grdp","gross regional domestic product at market prices","million KRW",7231040
2015,"37100","economy","grdp","net taxes on products","million KRW",395179
2015,"37100","economy","grdp","total value added at basic prices","million KRW",6835862
2015,"37100","economy","grdp","agriculture, forestry and fishing","million KRW",160650
2015,"37100","economy","grdp","mining and quarrying","million KRW",16052
2015,"37100","economy","grdp","manufacturing","million KRW",2721713
2015,"37100","economy","grdp","electricity, gas, steam and air conditioning supply; water supply and waste management","million KRW",222095
2015,"37100","economy","grdp","construction","million KRW",308914
2015,"37100","economy","grdp","wholesale and retail trade","million KRW",284900
2015,"37100","economy","grdp","transportation and storage","million KRW",187760
2015,"37100","economy","grdp","accommodation and food service activities","million KRW",144637
2015,"37100","economy","grdp","information and communication","million KRW",146256
2015,"37100","economy","grdp","financial and insurance activities","million KRW",233696
2015,"37100","economy","grdp","real estate activities; rental and leasing activities","million KRW",574572
2015,"37100","economy","grdp","professional, scientific and technical activities; business support facilities","million KRW",380598
2015,"37100","economy","grdp","public administration and defence; compulsory social security","million KRW",312896
2015,"37100","economy","grdp","education","million KRW",687632
2015,"37100","economy","grdp","human health and social work activities","million KRW",237312
2015,"37100","economy","grdp","arts, sports and recreation; membership organizations and personal services","million KRW",216180
2015,"37310","economy","grdp","gross regional domestic product at market prices","million KRW",764963
2015,"37310","economy","grdp","net taxes on products","million KRW",37615
2015,"37310","economy","grdp","total value added at basic prices","million KRW",727348
2015,"37310","economy","grdp","agriculture, forestry and fishing","million KRW",151392
2015,"37310","economy","grdp","mining and quarrying","million KRW",12085
2015,"37310","economy","grdp","manufacturing","million KRW",202406
2015,"37310","economy","grdp","electricity, gas, steam and air conditioning supply; water supply and waste management","million KRW",3633
2015,"37310","economy","grdp","construction","million KRW",33850
2015,"37310","economy","grdp","wholesale and retail trade","million KRW",21564
2015,"37310","economy","grdp","transportation and storage","million KRW",14753
2015,"37310","economy","grdp","accommodation and food service activities","million KRW",19759
2015,"37310","economy","grdp","information and communication","million KRW",7942
2015,"37310","economy","grdp","financial and insurance activities","million KRW",9002
2015,"37310","economy","grdp","real estate activities; rental and leasing activities","million KRW",37729
2015,"37310","economy","grdp","professional, scientific and technical activities; business support facilities","million KRW",28745
2015,"37310","economy","grdp","public administration and defence; compulsory social security","million KRW",116421
2015,"37310","economy","grdp","education","million KRW",18754
2015,"37310","economy","grdp","human health and social work activities","million KRW",18432
2015,"37310","economy","grdp","arts, sports and recreation; membership organizations and personal services","million KRW",30879
2015,"37320","economy","grdp","gross regional domestic product at market prices","million KRW",1229888
2015,"37320","economy","grdp","net taxes on products","million KRW",51092
2015,"37320","economy","grdp","total value added at basic prices","million KRW",1178796
2015,"37320","economy","grdp","agriculture, forestry and fishing","million KRW",386597
2015,"37320","economy","grdp","mining and quarrying","million KRW",353
2015,"37320","economy","grdp","manufacturing","million KRW",145533
2015,"37320","economy","grdp","electricity, gas, steam and air conditioning supply; water supply and waste management","million KRW",4637
2015,"37320","economy","grdp","construction","million KRW",122783
2015,"37320","economy","grdp","wholesale and retail trade","million KRW",50609
2015,"37320","economy","grdp","transportation and storage","million KRW",10750
2015,"37320","economy","grdp","accommodation and food service activities","million KRW",10371
2015,"37320","economy","grdp","information and communication","million KRW",19528
2015,"37320","economy","grdp","financial and insurance activities","million KRW",27021
2015,"37320","economy","grdp","real estate activities; rental and leasing activities","million KRW",26832
2015,"37320","economy","grdp","professional, scientific and technical activities; business support facilities","million KRW",30120
2015,"37320","economy","grdp","public administration and defence; compulsory social security","million KRW",202524
2015,"37320","economy","grdp","education","million KRW",51824
2015,"37320","economy","grdp","human health and social work activities","million KRW",54674
2015,"37320","economy","grdp","arts, sports and recreation; membership organizations and personal services","million KRW",34639
2015,"37330","economy","grdp","gross regional domestic product at market prices","million KRW",692663
2015,"37330","economy","grdp","net taxes on products","million KRW",24063
2015,"37330","economy","grdp","total value added at basic prices","million KRW",668600
2015,"37330","economy","grdp","agriculture, forestry and fishing","million KRW",184972
2015,"37330","economy","grdp","mining and quarrying","million KRW",2405
2015,"37330","economy","grdp","manufacturing","million KRW",11400
2015,"37330","economy","grdp","electricity, gas, steam and air conditioning supply; water supply and waste management","million KRW",2015
2015,"37330","economy","grdp","construction","million KRW",64233
2015,"37330","economy","grdp","wholesale and retail trade","million KRW",22425
2015,"37330","economy","grdp","transportation and storage","million KRW",3125
2015,"37330","economy","grdp","accommodation and food service activities","million KRW",10525
2015,"37330","economy","grdp","information and communication","million KRW",11497
2015,"37330","economy","grdp","financial and insurance activities","million KRW",8331
2015,"37330","economy","grdp","real estate activities; rental and leasing activities","million KRW",14706
2015,"37330","economy","grdp","professional, scientific and technical activities; business support facilities","million KRW",25048
2015,"37330","economy","grdp","public administration and defence; compulsory social security","million KRW",219146
2015,"37330","economy","grdp","education","million KRW",30256
2015,"37330","economy","grdp","human health and social work activities","million KRW",37045
2015,"37330","economy","grdp","arts, sports and recreation; membership organizations and personal services","million KRW",21468
2015,"37340","economy","grdp","gross regional domestic product at market prices","million KRW",373745
2015,"37340","economy","grdp","net taxes on products","million KRW",12991
2015,"37340","economy","grdp","total value added at basic prices","million KRW",360754
2015,"37340","economy","grdp","agriculture, forestry and fishing","million KRW",109995
2015,"37340","economy","grdp","mining and quarrying","million KRW",76
2015,"37340","economy","grdp","manufacturing","million KRW",10860
2015,"37340","economy","grdp","electricity, gas, steam and air conditioning supply; water supply and waste management","million KRW",1247
2015,"37340","economy","grdp","construction","million KRW",27729
2015,"37340","economy","grdp","wholesale and retail trade","million KRW",8625
2015,"37340","economy","grdp","transportation and storage","million KRW",2221
2015,"37340","economy","grdp","accommodation and food service activities","million KRW",4200
2015,"37340","economy","grdp","information and communication","million KRW",5916
2015,"37340","economy","grdp","financial and insurance activities","million KRW",6417
2015,"37340","economy","grdp","real estate activities; rental and leasing activities","million KRW",7132
2015,"37340","economy","grdp","professional, scientific and technical activities; business support facilities","million KRW",11712
2015,"37340","economy","grdp","public administration and defence; compulsory social security","million KRW",108134
2015,"37340","economy","grdp","education","million KRW",22138
2015,"37340","economy","grdp","human health and social work activities","million KRW",27511
2015,"37340","economy","grdp","arts, sports and recreation; membership organizations and personal services","million KRW",6840
2015,"37350","economy","grdp","gross regional domestic product at market prices","million KRW",801844
2015,"37350","economy","grdp","net taxes on products","million KRW",33429
2015,"37350","economy","grdp","total value added at basic prices","million KRW",768415
2015,"37350","economy","grdp","agriculture, forestry and fishing","million KRW",173877
2015,"37350","economy","grdp","mining and quarrying","million KRW",10391
2015,"37350","economy","grdp","manufacturing","million KRW",38138
2015,"37350","economy","grdp","electricity, gas, steam and air conditioning supply; water supply and waste management","million KRW",3195
2015,"37350","economy","grdp","construction","million KRW",116935
2015,"37350","economy","grdp","wholesale and retail trade","million KRW",29076
2015,"37350","economy","grdp","transportation and storage","million KRW",6322
2015,"37350","economy","grdp","accommodation and food service activities","million KRW",29636
2015,"37350","economy","grdp","information and communication","million KRW",12842
2015,"37350","economy","grdp","financial and insurance activities","million KRW",17153
2015,"37350","economy","grdp","real estate activities; rental and leasing activities","million KRW",23556
2015,"37350","economy","grdp","professional, scientific and technical activities; business support facilities","million KRW",41424
2015,"37350","economy","grdp","public administration and defence; compulsory social security","million KRW",152554
2015,"37350","economy","grdp","education","million KRW",40747
2015,"37350","economy","grdp","human health and social work activities","million KRW",34025
2015,"37350","economy","grdp","arts, sports and recreation; membership organizations and personal services","million KRW",38545
2015,"37360","economy","grdp","gross regional domestic product at market prices","million KRW",1003464
2015,"37360","economy","grdp","net taxes on products","million KRW",41836
2015,"37360","economy","grdp","total value added at basic prices","million KRW",961628
2015,"37360","economy","grdp","agriculture, forestry and fishing","million KRW",256497
2015,"37360","economy","grdp","mining and quarrying","million KRW",3255
2015,"37360","economy","grdp","manufacturing","million KRW",152399
2015,"37360","economy","grdp","electricity, gas, steam and air conditioning supply; water supply and waste management","million KRW",5297
2015,"37360","economy","grdp","construction","million KRW",67426
2015,"37360","economy","grdp","wholesale and retail trade","million KRW",42423
2015,"37360","economy","grdp","transportation and storage","million KRW",11497
2015,"37360","economy","grdp","accommodation and food service activities","million KRW",21322
2015,"37360","economy","grdp","information and communication","million KRW",14376
2015,"37360","economy","grdp","financial and insurance activities","million KRW",12623
2015,"37360","economy","grdp","real estate activities; rental and leasing activities","million KRW",40933
2015,"37360","economy","grdp","professional, scientific and technical activities; business support facilities","million KRW",35826
2015,"37360","economy","grdp","public administration and defence; compulsory social security","million KRW",143649
2015,"37360","economy","grdp","education","million KRW",50731
2015,"37360","economy","grdp","human health and social work activities","million KRW",48874
2015,"37360","economy","grdp","arts, sports and recreation; membership organizations and personal services","million KRW",54498
2015,"37370","economy","grdp","gross regional domestic product at market prices","million KRW",1358292
2015,"37370","economy","grdp","net taxes on products","million KRW",77565
2015,"37370","economy","grdp","total value added at basic prices","million KRW",1280727
2015,"37370","economy","grdp","agriculture, forestry and fishing","million KRW",149666
2015,"37370","economy","grdp","mining and quarrying","million KRW",13396
2015,"37370","economy","grdp","manufacturing","million KRW",621325
2015,"37370","economy","grdp","electricity, gas, steam and air conditioning supply; water supply and waste management","million KRW",13622
2015,"37370","economy","grdp","construction","million KRW",103015
2015,"37370","economy","grdp","wholesale and retail trade","million KRW",38008
2015,"37370","economy","grdp","transportation and storage","million KRW",15814
2015,"37370","economy","grdp","accommodation and food service activities","million KRW",11347
2015,"37370","economy","grdp","information and communication","million KRW",11357
2015,"37370","economy","grdp","financial and insurance activities","million KRW",13204
2015,"37370","economy","grdp","real estate activities; rental and leasing activities","million KRW",31612
2015,"37370","economy","grdp","professional, scientific and technical activities; business support facilities","million KRW",44237
2015,"37370","economy","grdp","public administration and defence; compulsory social security","million KRW",112638
2015,"37370","economy","grdp","education","million KRW",34770
2015,"37370","economy","grdp","human health and social work activities","million KRW",38569
2015,"37370","economy","grdp","arts, sports and recreation; membership organizations and personal services","million KRW",28146
2015,"37380","economy","grdp","gross regional domestic product at market prices","million KRW",1608489
2015,"37380","economy","grdp","net taxes on products","million KRW",82661
2015,"37380","economy","grdp","total value added at basic prices","million KRW",1525827
2015,"37380","economy","grdp","agriculture, forestry and fishing","million KRW",317230
2015,"37380","economy","grdp","mining and quarrying","million KRW",5200
2015,"37380","economy","grdp","manufacturing","million KRW",614168
2015,"37380","economy","grdp","electricity, gas, steam and air conditioning supply; water supply and waste management","million KRW",10455
2015,"37380","economy","grdp","construction","million KRW",85315
2015,"37380","economy","grdp","wholesale and retail trade","million KRW",52387
2015,"37380","economy","grdp","transportation and storage","million KRW",24883
2015,"37380","economy","grdp","accommodation and food service activities","million KRW",21282
2015,"37380","economy","grdp","information and communication","million KRW",14234
2015,"37380","economy","grdp","financial and insurance activities","million KRW",14539
2015,"37380","economy","grdp","real estate activities; rental and leasing activities","million KRW",38128
2015,"37380","economy","grdp","professional, scientific and technical activities; business support facilities","million KRW",43986
2015,"37380","economy","grdp","public administration and defence; compulsory social security","million KRW",146383
2015,"37380","economy","grdp","education","million KRW",44832
2015,"37380","economy","grdp","human health and social work activities","million KRW",40530
2015,"37380","economy","grdp","arts, sports and recreation; membership organizations and personal services","million KRW",52274
2015,"37390","economy","grdp","gross regional domestic product at market prices","million KRW",3877013
2015,"37390","economy","grdp","net taxes on products","million KRW",214885
2015,"37390","economy","grdp","total value added at basic prices","million KRW",3662128
2015,"37390","economy","grdp","agriculture, forestry and fishing","million KRW",114771
2015,"37390","economy","grdp","mining and quarrying","million KRW",8939
2015,"37390","economy","grdp","manufacturing","million KRW",1881563
2015,"37390","economy","grdp","electricity, gas, steam and air conditioning supply; water supply and waste management","million KRW",17173
2015,"37390","economy","grdp","construction","million KRW",231453
2015,"37390","economy","grdp","wholesale and retail trade","million KRW",199772
2015,"37390","economy","grdp","transportation and storage","million KRW",149747
2015,"37390","economy","grdp","accommodation and food service activities","million KRW",75061
2015,"37390","economy","grdp","information and communication","million KRW",49574
2015,"37390","economy","grdp","financial and insurance activities","million KRW",55449
2015,"37390","economy","grdp","real estate activities; rental and leasing activities","million KRW",235114
2015,"37390","economy","grdp","professional, scientific and technical activities; business support facilities","million KRW",122127
2015,"37390","economy","grdp","public administration and defence; compulsory social security","million KRW",166336
2015,"37390","economy","grdp","education","million KRW",163935
2015,"37390","economy","grdp","human health and social work activities","million KRW",86665
2015,"37390","economy","grdp","arts, sports and recreation; membership organizations and personal services","million KRW",104447
2015,"37400","economy","grdp","gross regional domestic product at market prices","million KRW",1033787
2015,"37400","economy","grdp","net taxes on products","million KRW",41309
2015,"37400","economy","grdp","total value added at basic prices","million KRW",992478
2015,"37400","economy","grdp","agriculture, forestry and fishing","million KRW",244872
2015,"37400","economy","grdp","mining and quarrying","million KRW",290
2015,"37400","economy","grdp","manufacturing","million KRW",53794
2015,"37400","economy","grdp","electricity, gas, steam and air conditioning supply; water supply and waste management","million KRW",3370
2015,"37400","economy","grdp","construction","million KRW",161605
2015,"37400","economy","grdp","wholesale and retail trade","million KRW",37632
2015,"37400","economy","grdp","transportation and storage","million KRW",8563
2015,"37400","economy","grdp","accommodation and food service activities","million KRW",15426
2015,"37400","economy","grdp","information and communication","million KRW",14757
2015,"37400","economy","grdp","financial and insurance activities","million KRW",17268
2015,"37400","economy","grdp","real estate activities; rental and leasing activities","million KRW",26949
2015,"37400","economy","grdp","professional, scientific and technical activities; business support facilities","million KRW",26870
2015,"37400","economy","grdp","public administration and defence; compulsory social security","million KRW",263017
2015,"37400","economy","grdp","education","million KRW",42342
2015,"37400","economy","grdp","human health and social work activities","million KRW",42977
2015,"37400","economy","grdp","arts, sports and recreation; membership organizations and personal services","million KRW",32747
2015,"37410","economy","grdp","gross regional domestic product at market prices","million KRW",979520
2015,"37410","economy","grdp","net taxes on products","million KRW",50397
2015,"37410","economy","grdp","total value added at basic prices","million KRW",929122
2015,"37410","economy","grdp","agriculture, forestry and fishing","million KRW",269922
2015,"37410","economy","grdp","mining and quarrying","million KRW",6131
2015,"37410","economy","grdp","manufacturing","million KRW",255001
2015,"37410","economy","grdp","electricity, gas, steam and air conditioning supply; water supply and waste management","million KRW",2649
2015,"37410","economy","grdp","construction","million KRW",68192
2015,"37410","economy","grdp","wholesale and retail trade","million KRW",16839
2015,"37410","economy","grdp","transportation and storage","million KRW",14983
2015,"37410","economy","grdp","accommodation and food service activities","million KRW",9814
2015,"37410","economy","grdp","information and communication","million KRW",11044
2015,"37410","economy","grdp","financial and insurance activities","million KRW",7941
2015,"37410","economy","grdp","real estate activities; rental and leasing activities","million KRW",14361
2015,"37410","economy","grdp","professional, scientific and technical activities; business support facilities","million KRW",14267
2015,"37410","economy","grdp","public administration and defence; compulsory social security","million KRW",140341
2015,"37410","economy","grdp","education","million KRW",33971
2015,"37410","economy","grdp","human health and social work activities","million KRW",33716
2015,"37410","economy","grdp","arts, sports and recreation; membership organizations and personal services","million KRW",29952
2015,"37420","economy","grdp","gross regional domestic product at market prices","million KRW",2718777
2015,"37420","economy","grdp","net taxes on products","million KRW",117024
2015,"37420","economy","grdp","total value added at basic prices","million KRW",2601753
2015,"37420","economy","grdp","agriculture, forestry and fishing","million KRW",87084
2015,"37420","economy","grdp","mining and quarrying","million KRW",17387
2015,"37420","economy","grdp","manufacturing","million KRW",60822
2015,"37420","economy","grdp","electricity, gas, steam and air conditioning supply; water supply and waste management","million KRW",1207913
2015,"37420","economy","grdp","construction","million KRW",441934
2015,"37420","economy","grdp","wholesale and retail trade","million KRW",52726
2015,"37420","economy","grdp","transportation and storage","million KRW",12486
2015,"37420","economy","grdp","accommodation and food service activities","million KRW",48002
2015,"37420","economy","grdp","information and communication","million KRW",18657
2015,"37420","economy","grdp","financial and insurance activities","million KRW",30327
2015,"37420","economy","grdp","real estate activities; rental and leasing activities","million KRW",36085
2015,"37420","economy","grdp","professional, scientific and technical activities; business support facilities","million KRW",272320
2015,"37420","economy","grdp","public administration and defence; compulsory social security","million KRW",170109
2015,"37420","economy","grdp","education","million KRW",57792
2015,"37420","economy","grdp","human health and social work activities","million KRW",57234
2015,"37420","economy","grdp","arts, sports and recreation; membership organizations and personal services","million KRW",30875
2015,"37430","economy","grdp","gross regional domestic product at market prices","million KRW",280227
2015,"37430","economy","grdp","net taxes on products","million KRW",11804
2015,"37430","economy","grdp","total value added at basic prices","million KRW",268423
2015,"37430","economy","grdp","agriculture, forestry and fishing","million KRW",15482
2015,"37430","economy","grdp","mining and quarrying","million KRW",0
2015,"37430","economy","grdp","manufacturing","million KRW",9798
2015,"37430","economy","grdp","electricity, gas, steam and air conditioning supply; water supply and waste management","million KRW",631
2015,"37430","economy","grdp","construction","million KRW",69888
2015,"37430","economy","grdp","wholesale and retail trade","million KRW",6411
2015,"37430","economy","grdp","transportation and storage","million KRW",14753
2015,"37430","economy","grdp","accommodation and food service activities","million KRW",8275
2015,"37430","economy","grdp","information and communication","million KRW",4626
2015,"37430","economy","grdp","financial and insurance activities","million KRW",3144
2015,"37430","economy","grdp","real estate activities; rental and leasing activities","million KRW",8433
2015,"37430","economy","grdp","professional, scientific and technical activities; business support facilities","million KRW",11408
2015,"37430","economy","grdp","public administration and defence; compulsory social security","million KRW",91150
2015,"37430","economy","grdp","education","million KRW",10626
2015,"37430","economy","grdp","human health and social work activities","million KRW",4519
2015,"37430","economy","grdp","arts, sports and recreation; membership organizations and personal services","million KRW",9279
2020,"15216","economy","grdp","gross regional domestic product at market prices","million KRW",105771509
2020,"15216","economy","grdp","net taxes on products","million KRW",6702231
2020,"15216","economy","grdp","total value added at basic prices","million KRW",99069278
2020,"15216","economy","grdp","agriculture, forestry and fishing","million KRW",5785872
2020,"15216","economy","grdp","mining and quarrying","million KRW",151641
2020,"15216","economy","grdp","manufacturing","million KRW",41868521
2020,"15216","economy","grdp","electricity, gas, steam and air conditioning supply; water supply and waste management","million KRW",3063135
2020,"15216","economy","grdp","construction","million KRW",5585676
2020,"15216","economy","grdp","wholesale and retail trade","million KRW",3321336
2020,"15216","economy","grdp","transportation and storage","million KRW",2451818
2020,"15216","economy","grdp","accommodation and food service activities","million KRW",1660207
2020,"15216","economy","grdp","information and communication","million KRW",1385816
2020,"15216","economy","grdp","financial and insurance activities","million KRW",3095671
2020,"15216","economy","grdp","real estate activities; rental and leasing activities","million KRW",4175347
2020,"15216","economy","grdp","professional, scientific and technical activities; business support facilities","million KRW",5470873
2020,"15216","economy","grdp","public administration and defence; compulsory social security","million KRW",9527109
2020,"15216","economy","grdp","education","million KRW",4810645
2020,"15216","economy","grdp","human health and social work activities","million KRW",3917055
2020,"15216","economy","grdp","arts, sports and recreation; membership organizations and personal services","million KRW",2798556
2020,"37010","economy","grdp","gross regional domestic product at market prices","million KRW",18620504
2020,"37010","economy","grdp","net taxes on products","million KRW",1370747
2020,"37010","economy","grdp","total value added at basic prices","million KRW",17249756
2020,"37010","economy","grdp","agriculture, forestry and fishing","million KRW",309280
2020,"37010","economy","grdp","mining and quarrying","million KRW",5623
2020,"37010","economy","grdp","manufacturing","million KRW",6789690
2020,"37010","economy","grdp","electricity, gas, steam and air conditioning supply; water supply and waste management","million KRW",253661
2020,"37010","economy","grdp","construction","million KRW",1267872
2020,"37010","economy","grdp","wholesale and retail trade","million KRW",665182
2020,"37010","economy","grdp","transportation and storage","million KRW",823267
2020,"37010","economy","grdp","accommodation and food service activities","million KRW",324078
2020,"37010","economy","grdp","information and communication","million KRW",293712
2020,"37010","economy","grdp","financial and insurance activities","million KRW",785859
2020,"37010","economy","grdp","real estate activities; rental and leasing activities","million KRW",605947
2020,"37010","economy","grdp","professional, scientific and technical activities; business support facilities","million KRW",1418274
2020,"37010","economy","grdp","public administration and defence; compulsory social security","million KRW",1376224
2020,"37010","economy","grdp","education","million KRW",920498
2020,"37010","economy","grdp","human health and social work activities","million KRW",869202
2020,"37010","economy","grdp","arts, sports and recreation; membership organizations and personal services","million KRW",541387
2020,"37020","economy","grdp","gross regional domestic product at market prices","million KRW",9921536
2020,"37020","economy","grdp","net taxes on products","million KRW",714973
2020,"37020","economy","grdp","total value added at basic prices","million KRW",9206564
2020,"37020","economy","grdp","agriculture, forestry and fishing","million KRW",322786
2020,"37020","economy","grdp","mining and quarrying","million KRW",3293
2020,"37020","economy","grdp","manufacturing","million KRW",3883902
2020,"37020","economy","grdp","electricity, gas, steam and air conditioning supply; water supply and waste management","million KRW",799177
2020,"37020","economy","grdp","construction","million KRW",514392
2020,"37020","economy","grdp","wholesale and retail trade","million KRW",310482
2020,"37020","economy","grdp","transportation and storage","million KRW",191325
2020,"37020","economy","grdp","accommodation and food service activities","million KRW",263574
2020,"37020","economy","grdp","information and communication","million KRW",179153
2020,"37020","economy","grdp","financial and insurance activities","million KRW",245419
2020,"37020","economy","grdp","real estate activities; rental and leasing activities","million KRW",185503
2020,"37020","economy","grdp","professional, scientific and technical activities; business support facilities","million KRW",701561
2020,"37020","economy","grdp","public administration and defence; compulsory social security","million KRW",544541
2020,"37020","economy","grdp","education","million KRW",364770
2020,"37020","economy","grdp","human health and social work activities","million KRW",363376
2020,"37020","economy","grdp","arts, sports and recreation; membership organizations and personal services","million KRW",333310
2020,"37030","economy","grdp","gross regional domestic product at market prices","million KRW",5654517
2020,"37030","economy","grdp","net taxes on products","million KRW",346059
2020,"37030","economy","grdp","total value added at basic prices","million KRW",5308458
2020,"37030","economy","grdp","agriculture, forestry and fishing","million KRW",300022
2020,"37030","economy","grdp","mining and quarrying","million KRW",8891
2020,"37030","economy","grdp","manufacturing","million KRW",2029423
2020,"37030","economy","grdp","electricity, gas, steam and air conditioning supply; water supply and waste management","million KRW",48513
2020,"37030","economy","grdp","construction","million KRW",253292
2020,"37030","economy","grdp","wholesale and retail trade","million KRW",143176
2020,"37030","economy","grdp","transportation and storage","million KRW",250366
2020,"37030","economy","grdp","accommodation and food service activities","million KRW",66230
2020,"37030","economy","grdp","information and communication","million KRW",99766
2020,"37030","economy","grdp","financial and insurance activities","million KRW",164092
2020,"37030","economy","grdp","real estate activities; rental and leasing activities","million KRW",71349
2020,"37030","economy","grdp","professional, scientific and technical activities; business support facilities","million KRW",591764
2020,"37030","economy","grdp","public administration and defence; compulsory social security","million KRW",656393
2020,"37030","economy","grdp","education","million KRW",218907
2020,"37030","economy","grdp","human health and social work activities","million KRW",212798
2020,"37030","economy","grdp","arts, sports and recreation; membership organizations and personal services","million KRW",193474
2020,"37040","economy","grdp","gross regional domestic product at market prices","million KRW",6018724
2020,"37040","economy","grdp","net taxes on products","million KRW",274455
2020,"37040","economy","grdp","total value added at basic prices","million KRW",5744269
2020,"37040","economy","grdp","agriculture, forestry and fishing","million KRW",454279
2020,"37040","economy","grdp","mining and quarrying","million KRW",11138
2020,"37040","economy","grdp","manufacturing","million KRW",307972
2020,"37040","economy","grdp","electricity, gas, steam and air conditioning supply; water supply and waste management","million KRW",57595
2020,"37040","economy","grdp","construction","million KRW",301101
2020,"37040","economy","grdp","wholesale and retail trade","million KRW",227789
2020,"37040","economy","grdp","transportation and storage","million KRW",89671
2020,"37040","economy","grdp","accommodation and food service activities","million KRW",90273
2020,"37040","economy","grdp","information and communication","million KRW",81646
2020,"37040","economy","grdp","financial and insurance activities","million KRW",259962
2020,"37040","economy","grdp","real estate activities; rental and leasing activities","million KRW",707607
2020,"37040","economy","grdp","professional, scientific and technical activities; business support facilities","million KRW",393781
2020,"37040","economy","grdp","public administration and defence; compulsory social security","million KRW",1867214
2020,"37040","economy","grdp","education","million KRW",310918
2020,"37040","economy","grdp","human health and social work activities","million KRW",402352
2020,"37040","economy","grdp","arts, sports and recreation; membership organizations and personal services","million KRW",180971
2020,"37050","economy","grdp","gross regional domestic product at market prices","million KRW",27984001
2020,"37050","economy","grdp","net taxes on products","million KRW",1734312
2020,"37050","economy","grdp","total value added at basic prices","million KRW",26249689
2020,"37050","economy","grdp","agriculture, forestry and fishing","million KRW",185849
2020,"37050","economy","grdp","mining and quarrying","million KRW",2293
2020,"37050","economy","grdp","manufacturing","million KRW",19231362
2020,"37050","economy","grdp","electricity, gas, steam and air conditioning supply; water supply and waste management","million KRW",291406
2020,"37050","economy","grdp","construction","million KRW",568043
2020,"37050","economy","grdp","wholesale and retail trade","million KRW",537746
2020,"37050","economy","grdp","transportation and storage","million KRW",256745
2020,"37050","economy","grdp","accommodation and food service activities","million KRW",237454
2020,"37050","economy","grdp","information and communication","million KRW",246597
2020,"37050","economy","grdp","financial and insurance activities","million KRW",655670
2020,"37050","economy","grdp","real estate activities; rental and leasing activities","million KRW",822477
2020,"37050","economy","grdp","professional, scientific and technical activities; business support facilities","million KRW",1061494
2020,"37050","economy","grdp","public administration and defence; compulsory social security","million KRW",518253
2020,"37050","economy","grdp","education","million KRW",761960
2020,"37050","economy","grdp","human health and social work activities","million KRW",528016
2020,"37050","economy","grdp","arts, sports and recreation; membership organizations and personal services","million KRW",344324
2020,"37060","economy","grdp","gross regional domestic product at market prices","million KRW",3038326
2020,"37060","economy","grdp","net taxes on products","million KRW",193657
2020,"37060","economy","grdp","total value added at basic prices","million KRW",2844669
2020,"37060","economy","grdp","agriculture, forestry and fishing","million KRW",361980
2020,"37060","economy","grdp","mining and quarrying","million KRW",18506
2020,"37060","economy","grdp","manufacturing","million KRW",980588
2020,"37060","economy","grdp","electricity, gas, steam and air conditioning supply; water supply and waste management","million KRW",33272
2020,"37060","economy","grdp","construction","million KRW",203936
2020,"37060","economy","grdp","wholesale and retail trade","million KRW",123279
2020,"37060","economy","grdp","transportation and storage","million KRW",76120
2020,"37060","economy","grdp","accommodation and food service activities","million KRW",55911
2020,"37060","economy","grdp","information and communication","million KRW",35690
2020,"37060","economy","grdp","financial and insurance activities","million KRW",119400
2020,"37060","economy","grdp","real estate activities; rental and leasing activities","million KRW",37720
2020,"37060","economy","grdp","professional, scientific and technical activities; business support facilities","million KRW",112497
2020,"37060","economy","grdp","public administration and defence; compulsory social security","million KRW",296820
2020,"37060","economy","grdp","education","million KRW",175977
2020,"37060","economy","grdp","human health and social work activities","million KRW",145536
2020,"37060","economy","grdp","arts, sports and recreation; membership organizations and personal services","million KRW",67437
2020,"37070","economy","grdp","gross regional domestic product at market prices","million KRW",3824513
2020,"37070","economy","grdp","net taxes on products","million KRW",268600
2020,"37070","economy","grdp","total value added at basic prices","million KRW",3555913
2020,"37070","economy","grdp","agriculture, forestry and fishing","million KRW",302042
2020,"37070","economy","grdp","mining and quarrying","million KRW",2894
2020,"37070","economy","grdp","manufacturing","million KRW",1577452
2020,"37070","economy","grdp","electricity, gas, steam and air conditioning supply; water supply and waste management","million KRW",31776
2020,"37070","economy","grdp","construction","million KRW",198231
2020,"37070","economy","grdp","wholesale and retail trade","million KRW",131531
2020,"37070","economy","grdp","transportation and storage","million KRW",77322
2020,"37070","economy","grdp","accommodation and food service activities","million KRW",76587
2020,"37070","economy","grdp","information and communication","million KRW",40562
2020,"37070","economy","grdp","financial and insurance activities","million KRW",97167
2020,"37070","economy","grdp","real estate activities; rental and leasing activities","million KRW",53590
2020,"37070","economy","grdp","professional, scientific and technical activities; business support facilities","million KRW",147552
2020,"37070","economy","grdp","public administration and defence; compulsory social security","million KRW",412482
2020,"37070","economy","grdp","education","million KRW",125505
2020,"37070","economy","grdp","human health and social work activities","million KRW",146960
2020,"37070","economy","grdp","arts, sports and recreation; membership organizations and personal services","million KRW",134260
2020,"37080","economy","grdp","gross regional domestic product at market prices","million KRW",2492442
2020,"37080","economy","grdp","net taxes on products","million KRW",132424
2020,"37080","economy","grdp","total value added at basic prices","million KRW",2360018
2020,"37080","economy","grdp","agriculture, forestry and fishing","million KRW",491457
2020,"37080","economy","grdp","mining and quarrying","million KRW",NA
2020,"37080","economy","grdp","manufacturing","million KRW",257217
2020,"37080","economy","grdp","electricity, gas, steam and air conditioning supply; water supply and waste management","million KRW",16119
2020,"37080","economy","grdp","construction","million KRW",210779
2020,"37080","economy","grdp","wholesale and retail trade","million KRW",115691
2020,"37080","economy","grdp","transportation and storage","million KRW",53982
2020,"37080","economy","grdp","accommodation and food service activities","million KRW",41948
2020,"37080","economy","grdp","information and communication","million KRW",34265
2020,"37080","economy","grdp","financial and insurance activities","million KRW",101650
2020,"37080","economy","grdp","real estate activities; rental and leasing activities","million KRW",160377
2020,"37080","economy","grdp","professional, scientific and technical activities; business support facilities","million KRW",86421
2020,"37080","economy","grdp","public administration and defence; compulsory social security","million KRW",382748
2020,"37080","economy","grdp","education","million KRW",160278
2020,"37080","economy","grdp","human health and social work activities","million KRW",166631
2020,"37080","economy","grdp","arts, sports and recreation; membership organizations and personal services","million KRW",80456
2020,"37090","economy","grdp","gross regional domestic product at market prices","million KRW",1794902
2020,"37090","economy","grdp","net taxes on products","million KRW",95538
2020,"37090","economy","grdp","total value added at basic prices","million KRW",1699364
2020,"37090","economy","grdp","agriculture, forestry and fishing","million KRW",317770
2020,"37090","economy","grdp","mining and quarrying","million KRW",14737
2020,"37090","economy","grdp","manufacturing","million KRW",308517
2020,"37090","economy","grdp","electricity, gas, steam and air conditioning supply; water supply and waste management","million KRW",12444
2020,"37090","economy","grdp","construction","million KRW",121847
2020,"37090","economy","grdp","wholesale and retail trade","million KRW",75038
2020,"37090","economy","grdp","transportation and storage","million KRW",29434
2020,"37090","economy","grdp","accommodation and food service activities","million KRW",44381
2020,"37090","economy","grdp","information and communication","million KRW",21586
2020,"37090","economy","grdp","financial and insurance activities","million KRW",57599
2020,"37090","economy","grdp","real estate activities; rental and leasing activities","million KRW",42387
2020,"37090","economy","grdp","professional, scientific and technical activities; business support facilities","million KRW",48471
2020,"37090","economy","grdp","public administration and defence; compulsory social security","million KRW",291369
2020,"37090","economy","grdp","education","million KRW",107618
2020,"37090","economy","grdp","human health and social work activities","million KRW",135829
2020,"37090","economy","grdp","arts, sports and recreation; membership organizations and personal services","million KRW",70335
2020,"37100","economy","grdp","gross regional domestic product at market prices","million KRW",7997516
2020,"37100","economy","grdp","net taxes on products","million KRW",521885
2020,"37100","economy","grdp","total value added at basic prices","million KRW",7475632
2020,"37100","economy","grdp","agriculture, forestry and fishing","million KRW",164026
2020,"37100","economy","grdp","mining and quarrying","million KRW",19074
2020,"37100","economy","grdp","manufacturing","million KRW",2785969
2020,"37100","economy","grdp","electricity, gas, steam and air conditioning supply; water supply and waste management","million KRW",247043
2020,"37100","economy","grdp","construction","million KRW",547593
2020,"37100","economy","grdp","wholesale and retail trade","million KRW",306198
2020,"37100","economy","grdp","transportation and storage","million KRW",212216
2020,"37100","economy","grdp","accommodation and food service activities","million KRW",139574
2020,"37100","economy","grdp","information and communication","million KRW",156133
2020,"37100","economy","grdp","financial and insurance activities","million KRW",310010
2020,"37100","economy","grdp","real estate activities; rental and leasing activities","million KRW",423899
2020,"37100","economy","grdp","professional, scientific and technical activities; business support facilities","million KRW",376308
2020,"37100","economy","grdp","public administration and defence; compulsory social security","million KRW",448668
2020,"37100","economy","grdp","education","million KRW",795720
2020,"37100","economy","grdp","human health and social work activities","million KRW",312980
2020,"37100","economy","grdp","arts, sports and recreation; membership organizations and personal services","million KRW",230219
2020,"37310","economy","grdp","gross regional domestic product at market prices","million KRW",846953
2020,"37310","economy","grdp","net taxes on products","million KRW",48877
2020,"37310","economy","grdp","total value added at basic prices","million KRW",798076
2020,"37310","economy","grdp","agriculture, forestry and fishing","million KRW",143326
2020,"37310","economy","grdp","mining and quarrying","million KRW",14890
2020,"37310","economy","grdp","manufacturing","million KRW",154984
2020,"37310","economy","grdp","electricity, gas, steam and air conditioning supply; water supply and waste management","million KRW",6892
2020,"37310","economy","grdp","construction","million KRW",72162
2020,"37310","economy","grdp","wholesale and retail trade","million KRW",33268
2020,"37310","economy","grdp","transportation and storage","million KRW",19394
2020,"37310","economy","grdp","accommodation and food service activities","million KRW",14525
2020,"37310","economy","grdp","information and communication","million KRW",7910
2020,"37310","economy","grdp","financial and insurance activities","million KRW",14342
2020,"37310","economy","grdp","real estate activities; rental and leasing activities","million KRW",38579
2020,"37310","economy","grdp","professional, scientific and technical activities; business support facilities","million KRW",22100
2020,"37310","economy","grdp","public administration and defence; compulsory social security","million KRW",150851
2020,"37310","economy","grdp","education","million KRW",35277
2020,"37310","economy","grdp","human health and social work activities","million KRW",38950
2020,"37310","economy","grdp","arts, sports and recreation; membership organizations and personal services","million KRW",30628
2020,"37320","economy","grdp","gross regional domestic product at market prices","million KRW",1408077
2020,"37320","economy","grdp","net taxes on products","million KRW",72680
2020,"37320","economy","grdp","total value added at basic prices","million KRW",1335398
2020,"37320","economy","grdp","agriculture, forestry and fishing","million KRW",380666
2020,"37320","economy","grdp","mining and quarrying","million KRW",NA
2020,"37320","economy","grdp","manufacturing","million KRW",141314
2020,"37320","economy","grdp","electricity, gas, steam and air conditioning supply; water supply and waste management","million KRW",8978
2020,"37320","economy","grdp","construction","million KRW",121523
2020,"37320","economy","grdp","wholesale and retail trade","million KRW",65082
2020,"37320","economy","grdp","transportation and storage","million KRW",16447
2020,"37320","economy","grdp","accommodation and food service activities","million KRW",16310
2020,"37320","economy","grdp","information and communication","million KRW",18600
2020,"37320","economy","grdp","financial and insurance activities","million KRW",33206
2020,"37320","economy","grdp","real estate activities; rental and leasing activities","million KRW",6140
2020,"37320","economy","grdp","professional, scientific and technical activities; business support facilities","million KRW",27213
2020,"37320","economy","grdp","public administration and defence; compulsory social security","million KRW",299714
2020,"37320","economy","grdp","education","million KRW",69121
2020,"37320","economy","grdp","human health and social work activities","million KRW",73632
2020,"37320","economy","grdp","arts, sports and recreation; membership organizations and personal services","million KRW",57452
2020,"37330","economy","grdp","gross regional domestic product at market prices","million KRW",803523
2020,"37330","economy","grdp","net taxes on products","million KRW",33932
2020,"37330","economy","grdp","total value added at basic prices","million KRW",769591
2020,"37330","economy","grdp","agriculture, forestry and fishing","million KRW",175101
2020,"37330","economy","grdp","mining and quarrying","million KRW",3931
2020,"37330","economy","grdp","manufacturing","million KRW",9333
2020,"37330","economy","grdp","electricity, gas, steam and air conditioning supply; water supply and waste management","million KRW",4199
2020,"37330","economy","grdp","construction","million KRW",73316
2020,"37330","economy","grdp","wholesale and retail trade","million KRW",26509
2020,"37330","economy","grdp","transportation and storage","million KRW",11480
2020,"37330","economy","grdp","accommodation and food service activities","million KRW",17479
2020,"37330","economy","grdp","information and communication","million KRW",11498
2020,"37330","economy","grdp","financial and insurance activities","million KRW",11699
2020,"37330","economy","grdp","real estate activities; rental and leasing activities","million KRW",27894
2020,"37330","economy","grdp","professional, scientific and technical activities; business support facilities","million KRW",12266
2020,"37330","economy","grdp","public administration and defence; compulsory social security","million KRW",264962
2020,"37330","economy","grdp","education","million KRW",38937
2020,"37330","economy","grdp","human health and social work activities","million KRW",58606
2020,"37330","economy","grdp","arts, sports and recreation; membership organizations and personal services","million KRW",22382
2020,"37340","economy","grdp","gross regional domestic product at market prices","million KRW",439126
2020,"37340","economy","grdp","net taxes on products","million KRW",18530
2020,"37340","economy","grdp","total value added at basic prices","million KRW",420596
2020,"37340","economy","grdp","agriculture, forestry and fishing","million KRW",124576
2020,"37340","economy","grdp","mining and quarrying","million KRW",NA
2020,"37340","economy","grdp","manufacturing","million KRW",11672
2020,"37340","economy","grdp","electricity, gas, steam and air conditioning supply; water supply and waste management","million KRW",2446
2020,"37340","economy","grdp","construction","million KRW",45690
2020,"37340","economy","grdp","wholesale and retail trade","million KRW",10861
2020,"37340","economy","grdp","transportation and storage","million KRW",1556
2020,"37340","economy","grdp","accommodation and food service activities","million KRW",5183
2020,"37340","economy","grdp","information and communication","million KRW",5507
2020,"37340","economy","grdp","financial and insurance activities","million KRW",13075
2020,"37340","economy","grdp","real estate activities; rental and leasing activities","million KRW",334
2020,"37340","economy","grdp","professional, scientific and technical activities; business support facilities","million KRW",8011
2020,"37340","economy","grdp","public administration and defence; compulsory social security","million KRW",145543
2020,"37340","economy","grdp","education","million KRW",27375
2020,"37340","economy","grdp","human health and social work activities","million KRW",14245
2020,"37340","economy","grdp","arts, sports and recreation; membership organizations and personal services","million KRW",4523
2020,"37350","economy","grdp","gross regional domestic product at market prices","million KRW",928968
2020,"37350","economy","grdp","net taxes on products","million KRW",45486
2020,"37350","economy","grdp","total value added at basic prices","million KRW",883482
2020,"37350","economy","grdp","agriculture, forestry and fishing","million KRW",132548
2020,"37350","economy","grdp","mining and quarrying","million KRW",11734
2020,"37350","economy","grdp","manufacturing","million KRW",20448
2020,"37350","economy","grdp","electricity, gas, steam and air conditioning supply; water supply and waste management","million KRW",6200
2020,"37350","economy","grdp","construction","million KRW",146120
2020,"37350","economy","grdp","wholesale and retail trade","million KRW",34679
2020,"37350","economy","grdp","transportation and storage","million KRW",5402
2020,"37350","economy","grdp","accommodation and food service activities","million KRW",30945
2020,"37350","economy","grdp","information and communication","million KRW",12084
2020,"37350","economy","grdp","financial and insurance activities","million KRW",23241
2020,"37350","economy","grdp","real estate activities; rental and leasing activities","million KRW",12270
2020,"37350","economy","grdp","professional, scientific and technical activities; business support facilities","million KRW",23564
2020,"37350","economy","grdp","public administration and defence; compulsory social security","million KRW",223300
2020,"37350","economy","grdp","education","million KRW",119711
2020,"37350","economy","grdp","human health and social work activities","million KRW",49253
2020,"37350","economy","grdp","arts, sports and recreation; membership organizations and personal services","million KRW",31982
2020,"37360","economy","grdp","gross regional domestic product at market prices","million KRW",1015755
2020,"37360","economy","grdp","net taxes on products","million KRW",52076
2020,"37360","economy","grdp","total value added at basic prices","million KRW",963679
2020,"37360","economy","grdp","agriculture, forestry and fishing","million KRW",203915
2020,"37360","economy","grdp","mining and quarrying","million KRW",3160
2020,"37360","economy","grdp","manufacturing","million KRW",126443
2020,"37360","economy","grdp","electricity, gas, steam and air conditioning supply; water supply and waste management","million KRW",10025
2020,"37360","economy","grdp","construction","million KRW",66259
2020,"37360","economy","grdp","wholesale and retail trade","million KRW",42137
2020,"37360","economy","grdp","transportation and storage","million KRW",16006
2020,"37360","economy","grdp","accommodation and food service activities","million KRW",31097
2020,"37360","economy","grdp","information and communication","million KRW",14311
2020,"37360","economy","grdp","financial and insurance activities","million KRW",23738
2020,"37360","economy","grdp","real estate activities; rental and leasing activities","million KRW",22938
2020,"37360","economy","grdp","professional, scientific and technical activities; business support facilities","million KRW",32125
2020,"37360","economy","grdp","public administration and defence; compulsory social security","million KRW",189037
2020,"37360","economy","grdp","education","million KRW",52370
2020,"37360","economy","grdp","human health and social work activities","million KRW",58436
2020,"37360","economy","grdp","arts, sports and recreation; membership organizations and personal services","million KRW",71684
2020,"37370","economy","grdp","gross regional domestic product at market prices","million KRW",1265197
2020,"37370","economy","grdp","net taxes on products","million KRW",87069
2020,"37370","economy","grdp","total value added at basic prices","million KRW",1178129
2020,"37370","economy","grdp","agriculture, forestry and fishing","million KRW",158074
2020,"37370","economy","grdp","mining and quarrying","million KRW",7022
2020,"37370","economy","grdp","manufacturing","million KRW",483868
2020,"37370","economy","grdp","electricity, gas, steam and air conditioning supply; water supply and waste management","million KRW",25437
2020,"37370","economy","grdp","construction","million KRW",57634
2020,"37370","economy","grdp","wholesale and retail trade","million KRW",48016
2020,"37370","economy","grdp","transportation and storage","million KRW",27929
2020,"37370","economy","grdp","accommodation and food service activities","million KRW",12578
2020,"37370","economy","grdp","information and communication","million KRW",10408
2020,"37370","economy","grdp","financial and insurance activities","million KRW",14885
2020,"37370","economy","grdp","real estate activities; rental and leasing activities","million KRW",16821
2020,"37370","economy","grdp","professional, scientific and technical activities; business support facilities","million KRW",22271
2020,"37370","economy","grdp","public administration and defence; compulsory social security","million KRW",157548
2020,"37370","economy","grdp","education","million KRW",52975
2020,"37370","economy","grdp","human health and social work activities","million KRW",35452
2020,"37370","economy","grdp","arts, sports and recreation; membership organizations and personal services","million KRW",47210
2020,"37380","economy","grdp","gross regional domestic product at market prices","million KRW",2071278
2020,"37380","economy","grdp","net taxes on products","million KRW",123061
2020,"37380","economy","grdp","total value added at basic prices","million KRW",1948216
2020,"37380","economy","grdp","agriculture, forestry and fishing","million KRW",449217
2020,"37380","economy","grdp","mining and quarrying","million KRW",8100
2020,"37380","economy","grdp","manufacturing","million KRW",675685
2020,"37380","economy","grdp","electricity, gas, steam and air conditioning supply; water supply and waste management","million KRW",21405
2020,"37380","economy","grdp","construction","million KRW",71730
2020,"37380","economy","grdp","wholesale and retail trade","million KRW",67087
2020,"37380","economy","grdp","transportation and storage","million KRW",54074
2020,"37380","economy","grdp","accommodation and food service activities","million KRW",24345
2020,"37380","economy","grdp","information and communication","million KRW",14103
2020,"37380","economy","grdp","financial and insurance activities","million KRW",20880
2020,"37380","economy","grdp","real estate activities; rental and leasing activities","million KRW",113878
2020,"37380","economy","grdp","professional, scientific and technical activities; business support facilities","million KRW",45680
2020,"37380","economy","grdp","public administration and defence; compulsory social security","million KRW",195929
2020,"37380","economy","grdp","education","million KRW",54504
2020,"37380","economy","grdp","human health and social work activities","million KRW",47931
2020,"37380","economy","grdp","arts, sports and recreation; membership organizations and personal services","million KRW",83669
2020,"37390","economy","grdp","gross regional domestic product at market prices","million KRW",4584662
2020,"37390","economy","grdp","net taxes on products","million KRW",285994
2020,"37390","economy","grdp","total value added at basic prices","million KRW",4298668
2020,"37390","economy","grdp","agriculture, forestry and fishing","million KRW",131641
2020,"37390","economy","grdp","mining and quarrying","million KRW",5712
2020,"37390","economy","grdp","manufacturing","million KRW",1766838
2020,"37390","economy","grdp","electricity, gas, steam and air conditioning supply; water supply and waste management","million KRW",39660
2020,"37390","economy","grdp","construction","million KRW",198763
2020,"37390","economy","grdp","wholesale and retail trade","million KRW",227680
2020,"37390","economy","grdp","transportation and storage","million KRW",204974
2020,"37390","economy","grdp","accommodation and food service activities","million KRW",64192
2020,"37390","economy","grdp","information and communication","million KRW",54756
2020,"37390","economy","grdp","financial and insurance activities","million KRW",58985
2020,"37390","economy","grdp","real estate activities; rental and leasing activities","million KRW",753923
2020,"37390","economy","grdp","professional, scientific and technical activities; business support facilities","million KRW",132175
2020,"37390","economy","grdp","public administration and defence; compulsory social security","million KRW",210438
2020,"37390","economy","grdp","education","million KRW",205091
2020,"37390","economy","grdp","human health and social work activities","million KRW",109026
2020,"37390","economy","grdp","arts, sports and recreation; membership organizations and personal services","million KRW",134813
2020,"37400","economy","grdp","gross regional domestic product at market prices","million KRW",1150431
2020,"37400","economy","grdp","net taxes on products","million KRW",53373
2020,"37400","economy","grdp","total value added at basic prices","million KRW",1097058
2020,"37400","economy","grdp","agriculture, forestry and fishing","million KRW",275504
2020,"37400","economy","grdp","mining and quarrying","million KRW",NA
2020,"37400","economy","grdp","manufacturing","million KRW",31973
2020,"37400","economy","grdp","electricity, gas, steam and air conditioning supply; water supply and waste management","million KRW",7813
2020,"37400","economy","grdp","construction","million KRW",108331
2020,"37400","economy","grdp","wholesale and retail trade","million KRW",45518
2020,"37400","economy","grdp","transportation and storage","million KRW",7200
2020,"37400","economy","grdp","accommodation and food service activities","million KRW",19713
2020,"37400","economy","grdp","information and communication","million KRW",17748
2020,"37400","economy","grdp","financial and insurance activities","million KRW",21933
2020,"37400","economy","grdp","real estate activities; rental and leasing activities","million KRW",7670
2020,"37400","economy","grdp","professional, scientific and technical activities; business support facilities","million KRW",26661
2020,"37400","economy","grdp","public administration and defence; compulsory social security","million KRW",351865
2020,"37400","economy","grdp","education","million KRW",62073
2020,"37400","economy","grdp","human health and social work activities","million KRW",65405
2020,"37400","economy","grdp","arts, sports and recreation; membership organizations and personal services","million KRW",47652
2020,"37410","economy","grdp","gross regional domestic product at market prices","million KRW",1163777
2020,"37410","economy","grdp","net taxes on products","million KRW",74329
2020,"37410","economy","grdp","total value added at basic prices","million KRW",1089448
2020,"37410","economy","grdp","agriculture, forestry and fishing","million KRW",280626
2020,"37410","economy","grdp","mining and quarrying","million KRW",5445
2020,"37410","economy","grdp","manufacturing","million KRW",269544
2020,"37410","economy","grdp","electricity, gas, steam and air conditioning supply; water supply and waste management","million KRW",40116
2020,"37410","economy","grdp","construction","million KRW",93979
2020,"37410","economy","grdp","wholesale and retail trade","million KRW",17092
2020,"37410","economy","grdp","transportation and storage","million KRW",9562
2020,"37410","economy","grdp","accommodation and food service activities","million KRW",14275
2020,"37410","economy","grdp","information and communication","million KRW",10273
2020,"37410","economy","grdp","financial and insurance activities","million KRW",17557
2020,"37410","economy","grdp","real estate activities; rental and leasing activities","million KRW",12145
2020,"37410","economy","grdp","professional, scientific and technical activities; business support facilities","million KRW",22759
2020,"37410","economy","grdp","public administration and defence; compulsory social security","million KRW",193148
2020,"37410","economy","grdp","education","million KRW",51956
2020,"37410","economy","grdp","human health and social work activities","million KRW",26116
2020,"37410","economy","grdp","arts, sports and recreation; membership organizations and personal services","million KRW",24856
2020,"37420","economy","grdp","gross regional domestic product at market prices","million KRW",2468740
2020,"37420","economy","grdp","net taxes on products","million KRW",140915
2020,"37420","economy","grdp","total value added at basic prices","million KRW",2327825
2020,"37420","economy","grdp","agriculture, forestry and fishing","million KRW",104826
2020,"37420","economy","grdp","mining and quarrying","million KRW",5197
2020,"37420","economy","grdp","manufacturing","million KRW",17983
2020,"37420","economy","grdp","electricity, gas, steam and air conditioning supply; water supply and waste management","million KRW",1097650
2020,"37420","economy","grdp","construction","million KRW",296882
2020,"37420","economy","grdp","wholesale and retail trade","million KRW",56368
2020,"37420","economy","grdp","transportation and storage","million KRW",9286
2020,"37420","economy","grdp","accommodation and food service activities","million KRW",57086
2020,"37420","economy","grdp","information and communication","million KRW",15289
2020,"37420","economy","grdp","financial and insurance activities","million KRW",38942
2020,"37420","economy","grdp","real estate activities; rental and leasing activities","million KRW",49525
2020,"37420","economy","grdp","professional, scientific and technical activities; business support facilities","million KRW",150197
2020,"37420","economy","grdp","public administration and defence; compulsory social security","million KRW",236063
2020,"37420","economy","grdp","education","million KRW",89074
2020,"37420","economy","grdp","human health and social work activities","million KRW",52773
2020,"37420","economy","grdp","arts, sports and recreation; membership organizations and personal services","million KRW",50684
2020,"37430","economy","grdp","gross regional domestic product at market prices","million KRW",278041
2020,"37430","economy","grdp","net taxes on products","million KRW",13262
2020,"37430","economy","grdp","total value added at basic prices","million KRW",264779
2020,"37430","economy","grdp","agriculture, forestry and fishing","million KRW",16362
2020,"37430","economy","grdp","mining and quarrying","million KRW",NA
2020,"37430","economy","grdp","manufacturing","million KRW",6344
2020,"37430","economy","grdp","electricity, gas, steam and air conditioning supply; water supply and waste management","million KRW",1306
2020,"37430","economy","grdp","construction","million KRW",46201
2020,"37430","economy","grdp","wholesale and retail trade","million KRW",10925
2020,"37430","economy","grdp","transportation and storage","million KRW",8060
2020,"37430","economy","grdp","accommodation and food service activities","million KRW",12471
2020,"37430","economy","grdp","information and communication","million KRW",4218
2020,"37430","economy","grdp","financial and insurance activities","million KRW",6361
2020,"37430","economy","grdp","real estate activities; rental and leasing activities","million KRW",2375
2020,"37430","economy","grdp","professional, scientific and technical activities; business support facilities","million KRW",7728
2020,"37430","economy","grdp","public administration and defence; compulsory social security","million KRW",114001
2020,"37430","economy","grdp","education","million KRW",10029
2020,"37430","economy","grdp","human health and social work activities","million KRW",3550
2020,"37430","economy","grdp","arts, sports and recreation; membership organizations and personal services","million KRW",14847
2010,"15216","economy","grdp","gross regional domestic product at market prices","million KRW",80839017
2010,"15216","economy","grdp","agriculture, forestry and fishing","million KRW",4422499
2010,"15216","economy","grdp","mining and quarrying","million KRW",194738
2010,"15216","economy","grdp","manufacturing","million KRW",39272590
2010,"15216","economy","grdp","electricity, gas, steam and air conditioning supply; water supply and waste management","million KRW",1458973
2010,"15216","economy","grdp","construction","million KRW",4270554
2010,"15216","economy","grdp","wholesale and retail trade","million KRW",2722174
2010,"15216","economy","grdp","transportation and storage","million KRW",1941141
2010,"15216","economy","grdp","accommodation and food service activities","million KRW",1242776
2010,"15216","economy","grdp","information and communication","million KRW",1144905
2010,"15216","economy","grdp","financial and insurance activities","million KRW",2182361
2010,"15216","economy","grdp","real estate activities; rental and leasing activities","million KRW",3094669
2010,"15216","economy","grdp","professional, scientific and technical activities; business support facilities","million KRW",2023323
2010,"15216","economy","grdp","public administration and defence; compulsory social security","million KRW",4980961
2010,"15216","economy","grdp","education","million KRW",3651415
2010,"15216","economy","grdp","human health and social work activities","million KRW",1977073
2010,"15216","economy","grdp","arts, sports and recreation; membership organizations and personal services","million KRW",1643294
2010,"15216","economy","grdp","net taxes on products","million KRW",4615571
2010,"37010","economy","grdp","gross regional domestic product at market prices","million KRW",17293780
2010,"37010","economy","grdp","agriculture, forestry and fishing","million KRW",239507
2010,"37010","economy","grdp","mining and quarrying","million KRW",8422
2010,"37010","economy","grdp","manufacturing","million KRW",8564002
2010,"37010","economy","grdp","electricity, gas, steam and air conditioning supply; water supply and waste management","million KRW",47980
2010,"37010","economy","grdp","construction","million KRW",1146997
2010,"37010","economy","grdp","wholesale and retail trade","million KRW",701967
2010,"37010","economy","grdp","transportation and storage","million KRW",765558
2010,"37010","economy","grdp","accommodation and food service activities","million KRW",140918
2010,"37010","economy","grdp","information and communication","million KRW",302549
2010,"37010","economy","grdp","financial and insurance activities","million KRW",541967
2010,"37010","economy","grdp","real estate activities; rental and leasing activities","million KRW",709547
2010,"37010","economy","grdp","professional, scientific and technical activities; business support facilities","million KRW",708101
2010,"37010","economy","grdp","public administration and defence; compulsory social security","million KRW",843921
2010,"37010","economy","grdp","education","million KRW",666548
2010,"37010","economy","grdp","human health and social work activities","million KRW",389040
2010,"37010","economy","grdp","arts, sports and recreation; membership organizations and personal services","million KRW",439294
2010,"37010","economy","grdp","net taxes on products","million KRW",1077462
2010,"37020","economy","grdp","gross regional domestic product at market prices","million KRW",7182821
2010,"37020","economy","grdp","agriculture, forestry and fishing","million KRW",278663
2010,"37020","economy","grdp","mining and quarrying","million KRW",9387
2010,"37020","economy","grdp","manufacturing","million KRW",2848876
2010,"37020","economy","grdp","electricity, gas, steam and air conditioning supply; water supply and waste management","million KRW",289211
2010,"37020","economy","grdp","construction","million KRW",544168
2010,"37020","economy","grdp","wholesale and retail trade","million KRW",218210
2010,"37020","economy","grdp","transportation and storage","million KRW",163741
2010,"37020","economy","grdp","accommodation and food service activities","million KRW",530671
2010,"37020","economy","grdp","information and communication","million KRW",88998
2010,"37020","economy","grdp","financial and insurance activities","million KRW",220087
2010,"37020","economy","grdp","real estate activities; rental and leasing activities","million KRW",290473
2010,"37020","economy","grdp","professional, scientific and technical activities; business support facilities","million KRW",142079
2010,"37020","economy","grdp","public administration and defence; compulsory social security","million KRW",361571
2010,"37020","economy","grdp","education","million KRW",359468
2010,"37020","economy","grdp","human health and social work activities","million KRW",183108
2010,"37020","economy","grdp","arts, sports and recreation; membership organizations and personal services","million KRW",200853
2010,"37020","economy","grdp","net taxes on products","million KRW",453257
2010,"37030","economy","grdp","gross regional domestic product at market prices","million KRW",2645437
2010,"37030","economy","grdp","agriculture, forestry and fishing","million KRW",218907
2010,"37030","economy","grdp","mining and quarrying","million KRW",8385
2010,"37030","economy","grdp","manufacturing","million KRW",970359
2010,"37030","economy","grdp","electricity, gas, steam and air conditioning supply; water supply and waste management","million KRW",15617
2010,"37030","economy","grdp","construction","million KRW",182424
2010,"37030","economy","grdp","wholesale and retail trade","million KRW",71320
2010,"37030","economy","grdp","transportation and storage","million KRW",92747
2010,"37030","economy","grdp","accommodation and food service activities","million KRW",34805
2010,"37030","economy","grdp","information and communication","million KRW",37002
2010,"37030","economy","grdp","financial and insurance activities","million KRW",100903
2010,"37030","economy","grdp","real estate activities; rental and leasing activities","million KRW",103853
2010,"37030","economy","grdp","professional, scientific and technical activities; business support facilities","million KRW",60994
2010,"37030","economy","grdp","public administration and defence; compulsory social security","million KRW",270222
2010,"37030","economy","grdp","education","million KRW",160891
2010,"37030","economy","grdp","human health and social work activities","million KRW",108100
2010,"37030","economy","grdp","arts, sports and recreation; membership organizations and personal services","million KRW",71151
2010,"37030","economy","grdp","net taxes on products","million KRW",137757
2010,"37040","economy","grdp","gross regional domestic product at market prices","million KRW",2563906
2010,"37040","economy","grdp","agriculture, forestry and fishing","million KRW",277381
2010,"37040","economy","grdp","mining and quarrying","million KRW",16281
2010,"37040","economy","grdp","manufacturing","million KRW",136675
2010,"37040","economy","grdp","electricity, gas, steam and air conditioning supply; water supply and waste management","million KRW",14062
2010,"37040","economy","grdp","construction","million KRW",228136
2010,"37040","economy","grdp","wholesale and retail trade","million KRW",224816
2010,"37040","economy","grdp","transportation and storage","million KRW",120357
2010,"37040","economy","grdp","accommodation and food service activities","million KRW",44898
2010,"37040","economy","grdp","information and communication","million KRW",101742
2010,"37040","economy","grdp","financial and insurance activities","million KRW",147577
2010,"37040","economy","grdp","real estate activities; rental and leasing activities","million KRW",128481
2010,"37040","economy","grdp","professional, scientific and technical activities; business support facilities","million KRW",64815
2010,"37040","economy","grdp","public administration and defence; compulsory social security","million KRW",350094
2010,"37040","economy","grdp","education","million KRW",237980
2010,"37040","economy","grdp","human health and social work activities","million KRW",249670
2010,"37040","economy","grdp","arts, sports and recreation; membership organizations and personal services","million KRW",93242
2010,"37040","economy","grdp","net taxes on products","million KRW",127699
2010,"37050","economy","grdp","gross regional domestic product at market prices","million KRW",27173189
2010,"37050","economy","grdp","agriculture, forestry and fishing","million KRW",113144
2010,"37050","economy","grdp","mining and quarrying","million KRW",7920
2010,"37050","economy","grdp","manufacturing","million KRW",20429923
2010,"37050","economy","grdp","electricity, gas, steam and air conditioning supply; water supply and waste management","million KRW",96861
2010,"37050","economy","grdp","construction","million KRW",603063
2010,"37050","economy","grdp","wholesale and retail trade","million KRW",580634
2010,"37050","economy","grdp","transportation and storage","million KRW",255928
2010,"37050","economy","grdp","accommodation and food service activities","million KRW",139203
2010,"37050","economy","grdp","information and communication","million KRW",206692
2010,"37050","economy","grdp","financial and insurance activities","million KRW",398843
2010,"37050","economy","grdp","real estate activities; rental and leasing activities","million KRW",739993
2010,"37050","economy","grdp","professional, scientific and technical activities; business support facilities","million KRW",651385
2010,"37050","economy","grdp","public administration and defence; compulsory social security","million KRW",359796
2010,"37050","economy","grdp","education","million KRW",528307
2010,"37050","economy","grdp","human health and social work activities","million KRW",253446
2010,"37050","economy","grdp","arts, sports and recreation; membership organizations and personal services","million KRW",192801
2010,"37050","economy","grdp","net taxes on products","million KRW",1615250
2010,"37060","economy","grdp","gross regional domestic product at market prices","million KRW",2001206
2010,"37060","economy","grdp","agriculture, forestry and fishing","million KRW",258754
2010,"37060","economy","grdp","mining and quarrying","million KRW",9296
2010,"37060","economy","grdp","manufacturing","million KRW",667971
2010,"37060","economy","grdp","electricity, gas, steam and air conditioning supply; water supply and waste management","million KRW",44036
2010,"37060","economy","grdp","construction","million KRW",74475
2010,"37060","economy","grdp","wholesale and retail trade","million KRW",69004
2010,"37060","economy","grdp","transportation and storage","million KRW",67916
2010,"37060","economy","grdp","accommodation and food service activities","million KRW",25172
2010,"37060","economy","grdp","information and communication","million KRW",37221
2010,"37060","economy","grdp","financial and insurance activities","million KRW",98210
2010,"37060","economy","grdp","real estate activities; rental and leasing activities","million KRW",84337
2010,"37060","economy","grdp","professional, scientific and technical activities; business support facilities","million KRW",29578
2010,"37060","economy","grdp","public administration and defence; compulsory social security","million KRW",185947
2010,"37060","economy","grdp","education","million KRW",141015
2010,"37060","economy","grdp","human health and social work activities","million KRW",77164
2010,"37060","economy","grdp","arts, sports and recreation; membership organizations and personal services","million KRW",52043
2010,"37060","economy","grdp","net taxes on products","million KRW",79067
2010,"37070","economy","grdp","gross regional domestic product at market prices","million KRW",2221831
2010,"37070","economy","grdp","agriculture, forestry and fishing","million KRW",232823
2010,"37070","economy","grdp","mining and quarrying","million KRW",6992
2010,"37070","economy","grdp","manufacturing","million KRW",836111
2010,"37070","economy","grdp","electricity, gas, steam and air conditioning supply; water supply and waste management","million KRW",7353
2010,"37070","economy","grdp","construction","million KRW",129149
2010,"37070","economy","grdp","wholesale and retail trade","million KRW",82694
2010,"37070","economy","grdp","transportation and storage","million KRW",58618
2010,"37070","economy","grdp","accommodation and food service activities","million KRW",17111
2010,"37070","economy","grdp","information and communication","million KRW",30411
2010,"37070","economy","grdp","financial and insurance activities","million KRW",76592
2010,"37070","economy","grdp","real estate activities; rental and leasing activities","million KRW",70834
2010,"37070","economy","grdp","professional, scientific and technical activities; business support facilities","million KRW",40418
2010,"37070","economy","grdp","public administration and defence; compulsory social security","million KRW",261871
2010,"37070","economy","grdp","education","million KRW",107080
2010,"37070","economy","grdp","human health and social work activities","million KRW",92039
2010,"37070","economy","grdp","arts, sports and recreation; membership organizations and personal services","million KRW",62020
2010,"37070","economy","grdp","net taxes on products","million KRW",109715
2010,"37080","economy","grdp","gross regional domestic product at market prices","million KRW",1638372
2010,"37080","economy","grdp","agriculture, forestry and fishing","million KRW",352815
2010,"37080","economy","grdp","mining and quarrying","million KRW",12922
2010,"37080","economy","grdp","manufacturing","million KRW",157242
2010,"37080","economy","grdp","electricity, gas, steam and air conditioning supply; water supply and waste management","million KRW",6058
2010,"37080","economy","grdp","construction","million KRW",200240
2010,"37080","economy","grdp","wholesale and retail trade","million KRW",69508
2010,"37080","economy","grdp","transportation and storage","million KRW",42562
2010,"37080","economy","grdp","accommodation and food service activities","million KRW",15026
2010,"37080","economy","grdp","information and communication","million KRW",32349
2010,"37080","economy","grdp","financial and insurance activities","million KRW",79616
2010,"37080","economy","grdp","real estate activities; rental and leasing activities","million KRW",62795
2010,"37080","economy","grdp","professional, scientific and technical activities; business support facilities","million KRW",28980
2010,"37080","economy","grdp","public administration and defence; compulsory social security","million KRW",247897
2010,"37080","economy","grdp","education","million KRW",120100
2010,"37080","economy","grdp","human health and social work activities","million KRW",75024
2010,"37080","economy","grdp","arts, sports and recreation; membership organizations and personal services","million KRW",50924
2010,"37080","economy","grdp","net taxes on products","million KRW",84314
2010,"37090","economy","grdp","gross regional domestic product at market prices","million KRW",1273416
2010,"37090","economy","grdp","agriculture, forestry and fishing","million KRW",256548
2010,"37090","economy","grdp","mining and quarrying","million KRW",10908
2010,"37090","economy","grdp","manufacturing","million KRW",195081
2010,"37090","economy","grdp","electricity, gas, steam and air conditioning supply; water supply and waste management","million KRW",4758
2010,"37090","economy","grdp","construction","million KRW",82530
2010,"37090","economy","grdp","wholesale and retail trade","million KRW",57835
2010,"37090","economy","grdp","transportation and storage","million KRW",34150
2010,"37090","economy","grdp","accommodation and food service activities","million KRW",44610
2010,"37090","economy","grdp","information and communication","million KRW",23061
2010,"37090","economy","grdp","financial and insurance activities","million KRW",53084
2010,"37090","economy","grdp","real estate activities; rental and leasing activities","million KRW",50843
2010,"37090","economy","grdp","professional, scientific and technical activities; business support facilities","million KRW",15542
2010,"37090","economy","grdp","public administration and defence; compulsory social security","million KRW",199849
2010,"37090","economy","grdp","education","million KRW",79817
2010,"37090","economy","grdp","human health and social work activities","million KRW",65411
2010,"37090","economy","grdp","arts, sports and recreation; membership organizations and personal services","million KRW",44295
2010,"37090","economy","grdp","net taxes on products","million KRW",55094
2010,"37100","economy","grdp","gross regional domestic product at market prices","million KRW",5182024
2010,"37100","economy","grdp","agriculture, forestry and fishing","million KRW",135144
2010,"37100","economy","grdp","mining and quarrying","million KRW",11620
2010,"37100","economy","grdp","manufacturing","million KRW",1754196
2010,"37100","economy","grdp","electricity, gas, steam and air conditioning supply; water supply and waste management","million KRW",229296
2010,"37100","economy","grdp","construction","million KRW",211391
2010,"37100","economy","grdp","wholesale and retail trade","million KRW",305083
2010,"37100","economy","grdp","transportation and storage","million KRW",128014
2010,"37100","economy","grdp","accommodation and food service activities","million KRW",40610
2010,"37100","economy","grdp","information and communication","million KRW",92720
2010,"37100","economy","grdp","financial and insurance activities","million KRW",166756
2010,"37100","economy","grdp","real estate activities; rental and leasing activities","million KRW",450506
2010,"37100","economy","grdp","professional, scientific and technical activities; business support facilities","million KRW",129120
2010,"37100","economy","grdp","public administration and defence; compulsory social security","million KRW",234999
2010,"37100","economy","grdp","education","million KRW",683067
2010,"37100","economy","grdp","human health and social work activities","million KRW",151515
2010,"37100","economy","grdp","arts, sports and recreation; membership organizations and personal services","million KRW",145929
2010,"37100","economy","grdp","net taxes on products","million KRW",312058
2010,"37310","economy","grdp","gross regional domestic product at market prices","million KRW",524268
2010,"37310","economy","grdp","agriculture, forestry and fishing","million KRW",127439
2010,"37310","economy","grdp","mining and quarrying","million KRW",6802
2010,"37310","economy","grdp","manufacturing","million KRW",108532
2010,"37310","economy","grdp","electricity, gas, steam and air conditioning supply; water supply and waste management","million KRW",11425
2010,"37310","economy","grdp","construction","million KRW",31132
2010,"37310","economy","grdp","wholesale and retail trade","million KRW",21800
2010,"37310","economy","grdp","transportation and storage","million KRW",7878
2010,"37310","economy","grdp","accommodation and food service activities","million KRW",5842
2010,"37310","economy","grdp","information and communication","million KRW",6891
2010,"37310","economy","grdp","financial and insurance activities","million KRW",13645
2010,"37310","economy","grdp","real estate activities; rental and leasing activities","million KRW",12216
2010,"37310","economy","grdp","professional, scientific and technical activities; business support facilities","million KRW",12828
2010,"37310","economy","grdp","public administration and defence; compulsory social security","million KRW",93160
2010,"37310","economy","grdp","education","million KRW",24769
2010,"37310","economy","grdp","human health and social work activities","million KRW",8911
2010,"37310","economy","grdp","arts, sports and recreation; membership organizations and personal services","million KRW",10809
2010,"37310","economy","grdp","net taxes on products","million KRW",20189
2010,"37320","economy","grdp","gross regional domestic product at market prices","million KRW",970380
2010,"37320","economy","grdp","agriculture, forestry and fishing","million KRW",275905
2010,"37320","economy","grdp","mining and quarrying","million KRW",3030
2010,"37320","economy","grdp","manufacturing","million KRW",93501
2010,"37320","economy","grdp","electricity, gas, steam and air conditioning supply; water supply and waste management","million KRW",1294
2010,"37320","economy","grdp","construction","million KRW",117457
2010,"37320","economy","grdp","wholesale and retail trade","million KRW",26418
2010,"37320","economy","grdp","transportation and storage","million KRW",13927
2010,"37320","economy","grdp","accommodation and food service activities","million KRW",5362
2010,"37320","economy","grdp","information and communication","million KRW",17490
2010,"37320","economy","grdp","financial and insurance activities","million KRW",34848
2010,"37320","economy","grdp","real estate activities; rental and leasing activities","million KRW",26062
2010,"37320","economy","grdp","professional, scientific and technical activities; business support facilities","million KRW",6890
2010,"37320","economy","grdp","public administration and defence; compulsory social security","million KRW",179248
2010,"37320","economy","grdp","education","million KRW",60252
2010,"37320","economy","grdp","human health and social work activities","million KRW",44504
2010,"37320","economy","grdp","arts, sports and recreation; membership organizations and personal services","million KRW",20693
2010,"37320","economy","grdp","net taxes on products","million KRW",43499
2010,"37330","economy","grdp","gross regional domestic product at market prices","million KRW",406163
2010,"37330","economy","grdp","agriculture, forestry and fishing","million KRW",98695
2010,"37330","economy","grdp","mining and quarrying","million KRW",4136
2010,"37330","economy","grdp","manufacturing","million KRW",7055
2010,"37330","economy","grdp","electricity, gas, steam and air conditioning supply; water supply and waste management","million KRW",1483
2010,"37330","economy","grdp","construction","million KRW",36903
2010,"37330","economy","grdp","wholesale and retail trade","million KRW",14321
2010,"37330","economy","grdp","transportation and storage","million KRW",4041
2010,"37330","economy","grdp","accommodation and food service activities","million KRW",7794
2010,"37330","economy","grdp","information and communication","million KRW",11236
2010,"37330","economy","grdp","financial and insurance activities","million KRW",15210
2010,"37330","economy","grdp","real estate activities; rental and leasing activities","million KRW",12302
2010,"37330","economy","grdp","professional, scientific and technical activities; business support facilities","million KRW",5562
2010,"37330","economy","grdp","public administration and defence; compulsory social security","million KRW",115053
2010,"37330","economy","grdp","education","million KRW",30046
2010,"37330","economy","grdp","human health and social work activities","million KRW",16192
2010,"37330","economy","grdp","arts, sports and recreation; membership organizations and personal services","million KRW",11277
2010,"37330","economy","grdp","net taxes on products","million KRW",14857
2010,"37340","economy","grdp","gross regional domestic product at market prices","million KRW",335769
2010,"37340","economy","grdp","agriculture, forestry and fishing","million KRW",124715
2010,"37340","economy","grdp","mining and quarrying","million KRW",37
2010,"37340","economy","grdp","manufacturing","million KRW",7888
2010,"37340","economy","grdp","electricity, gas, steam and air conditioning supply; water supply and waste management","million KRW",359
2010,"37340","economy","grdp","construction","million KRW",17145
2010,"37340","economy","grdp","wholesale and retail trade","million KRW",7162
2010,"37340","economy","grdp","transportation and storage","million KRW",2490
2010,"37340","economy","grdp","accommodation and food service activities","million KRW",3720
2010,"37340","economy","grdp","information and communication","million KRW",6174
2010,"37340","economy","grdp","financial and insurance activities","million KRW",11386
2010,"37340","economy","grdp","real estate activities; rental and leasing activities","million KRW",6534
2010,"37340","economy","grdp","professional, scientific and technical activities; business support facilities","million KRW",2337
2010,"37340","economy","grdp","public administration and defence; compulsory social security","million KRW",101058
2010,"37340","economy","grdp","education","million KRW",20759
2010,"37340","economy","grdp","human health and social work activities","million KRW",9988
2010,"37340","economy","grdp","arts, sports and recreation; membership organizations and personal services","million KRW",6450
2010,"37340","economy","grdp","net taxes on products","million KRW",7567
2010,"37350","economy","grdp","gross regional domestic product at market prices","million KRW",570257
2010,"37350","economy","grdp","agriculture, forestry and fishing","million KRW",103985
2010,"37350","economy","grdp","mining and quarrying","million KRW",7263
2010,"37350","economy","grdp","manufacturing","million KRW",23776
2010,"37350","economy","grdp","electricity, gas, steam and air conditioning supply; water supply and waste management","million KRW",915
2010,"37350","economy","grdp","construction","million KRW",63091
2010,"37350","economy","grdp","wholesale and retail trade","million KRW",23746
2010,"37350","economy","grdp","transportation and storage","million KRW",8410
2010,"37350","economy","grdp","accommodation and food service activities","million KRW",22305
2010,"37350","economy","grdp","information and communication","million KRW",12643
2010,"37350","economy","grdp","financial and insurance activities","million KRW",24218
2010,"37350","economy","grdp","real estate activities; rental and leasing activities","million KRW",23483
2010,"37350","economy","grdp","professional, scientific and technical activities; business support facilities","million KRW",6133
2010,"37350","economy","grdp","public administration and defence; compulsory social security","million KRW",131247
2010,"37350","economy","grdp","education","million KRW",40258
2010,"37350","economy","grdp","human health and social work activities","million KRW",28400
2010,"37350","economy","grdp","arts, sports and recreation; membership organizations and personal services","million KRW",22613
2010,"37350","economy","grdp","net taxes on products","million KRW",27771
2010,"37360","economy","grdp","gross regional domestic product at market prices","million KRW",748607
2010,"37360","economy","grdp","agriculture, forestry and fishing","million KRW",211988
2010,"37360","economy","grdp","mining and quarrying","million KRW",2850
2010,"37360","economy","grdp","manufacturing","million KRW",108222
2010,"37360","economy","grdp","electricity, gas, steam and air conditioning supply; water supply and waste management","million KRW",3057
2010,"37360","economy","grdp","construction","million KRW",32129
2010,"37360","economy","grdp","wholesale and retail trade","million KRW",31727
2010,"37360","economy","grdp","transportation and storage","million KRW",21968
2010,"37360","economy","grdp","accommodation and food service activities","million KRW",15138
2010,"37360","economy","grdp","information and communication","million KRW",13083
2010,"37360","economy","grdp","financial and insurance activities","million KRW",23019
2010,"37360","economy","grdp","real estate activities; rental and leasing activities","million KRW",31886
2010,"37360","economy","grdp","professional, scientific and technical activities; business support facilities","million KRW",5221
2010,"37360","economy","grdp","public administration and defence; compulsory social security","million KRW",124154
2010,"37360","economy","grdp","education","million KRW",43732
2010,"37360","economy","grdp","human health and social work activities","million KRW",33935
2010,"37360","economy","grdp","arts, sports and recreation; membership organizations and personal services","million KRW",21525
2010,"37360","economy","grdp","net taxes on products","million KRW",24973
2010,"37370","economy","grdp","gross regional domestic product at market prices","million KRW",966906
2010,"37370","economy","grdp","agriculture, forestry and fishing","million KRW",127291
2010,"37370","economy","grdp","mining and quarrying","million KRW",12273
2010,"37370","economy","grdp","manufacturing","million KRW",420516
2010,"37370","economy","grdp","electricity, gas, steam and air conditioning supply; water supply and waste management","million KRW",3334
2010,"37370","economy","grdp","construction","million KRW",80376
2010,"37370","economy","grdp","wholesale and retail trade","million KRW",20637
2010,"37370","economy","grdp","transportation and storage","million KRW",17052
2010,"37370","economy","grdp","accommodation and food service activities","million KRW",2992
2010,"37370","economy","grdp","information and communication","million KRW",9697
2010,"37370","economy","grdp","financial and insurance activities","million KRW",17343
2010,"37370","economy","grdp","real estate activities; rental and leasing activities","million KRW",27631
2010,"37370","economy","grdp","professional, scientific and technical activities; business support facilities","million KRW",10272
2010,"37370","economy","grdp","public administration and defence; compulsory social security","million KRW",91383
2010,"37370","economy","grdp","education","million KRW",32259
2010,"37370","economy","grdp","human health and social work activities","million KRW",21658
2010,"37370","economy","grdp","arts, sports and recreation; membership organizations and personal services","million KRW",19941
2010,"37370","economy","grdp","net taxes on products","million KRW",52251
2010,"37380","economy","grdp","gross regional domestic product at market prices","million KRW",1156019
2010,"37380","economy","grdp","agriculture, forestry and fishing","million KRW",388275
2010,"37380","economy","grdp","mining and quarrying","million KRW",4910
2010,"37380","economy","grdp","manufacturing","million KRW",330212
2010,"37380","economy","grdp","electricity, gas, steam and air conditioning supply; water supply and waste management","million KRW",3329
2010,"37380","economy","grdp","construction","million KRW",45003
2010,"37380","economy","grdp","wholesale and retail trade","million KRW",28708
2010,"37380","economy","grdp","transportation and storage","million KRW",12284
2010,"37380","economy","grdp","accommodation and food service activities","million KRW",9310
2010,"37380","economy","grdp","information and communication","million KRW",11798
2010,"37380","economy","grdp","financial and insurance activities","million KRW",21797
2010,"37380","economy","grdp","real estate activities; rental and leasing activities","million KRW",28525
2010,"37380","economy","grdp","professional, scientific and technical activities; business support facilities","million KRW",9147
2010,"37380","economy","grdp","public administration and defence; compulsory social security","million KRW",122704
2010,"37380","economy","grdp","education","million KRW",42219
2010,"37380","economy","grdp","human health and social work activities","million KRW",26729
2010,"37380","economy","grdp","arts, sports and recreation; membership organizations and personal services","million KRW",29572
2010,"37380","economy","grdp","net taxes on products","million KRW",41497
2010,"37390","economy","grdp","gross regional domestic product at market prices","million KRW",2731547
2010,"37390","economy","grdp","agriculture, forestry and fishing","million KRW",100283
2010,"37390","economy","grdp","mining and quarrying","million KRW",15008
2010,"37390","economy","grdp","manufacturing","million KRW",1332690
2010,"37390","economy","grdp","electricity, gas, steam and air conditioning supply; water supply and waste management","million KRW",4628
2010,"37390","economy","grdp","construction","million KRW",207605
2010,"37390","economy","grdp","wholesale and retail trade","million KRW",99885
2010,"37390","economy","grdp","transportation and storage","million KRW",76266
2010,"37390","economy","grdp","accommodation and food service activities","million KRW",22962
2010,"37390","economy","grdp","information and communication","million KRW",50931
2010,"37390","economy","grdp","financial and insurance activities","million KRW",59944
2010,"37390","economy","grdp","real estate activities; rental and leasing activities","million KRW",162278
2010,"37390","economy","grdp","professional, scientific and technical activities; business support facilities","million KRW",31989
2010,"37390","economy","grdp","public administration and defence; compulsory social security","million KRW",132872
2010,"37390","economy","grdp","education","million KRW",123969
2010,"37390","economy","grdp","human health and social work activities","million KRW",68122
2010,"37390","economy","grdp","arts, sports and recreation; membership organizations and personal services","million KRW",70350
2010,"37390","economy","grdp","net taxes on products","million KRW",171765
2010,"37400","economy","grdp","gross regional domestic product at market prices","million KRW",769009
2010,"37400","economy","grdp","agriculture, forestry and fishing","million KRW",210576
2010,"37400","economy","grdp","mining and quarrying","million KRW",60
2010,"37400","economy","grdp","manufacturing","million KRW",39530
2010,"37400","economy","grdp","electricity, gas, steam and air conditioning supply; water supply and waste management","million KRW",4679
2010,"37400","economy","grdp","construction","million KRW",64666
2010,"37400","economy","grdp","wholesale and retail trade","million KRW",6871
2010,"37400","economy","grdp","transportation and storage","million KRW",11061
2010,"37400","economy","grdp","accommodation and food service activities","million KRW",7122
2010,"37400","economy","grdp","information and communication","million KRW",15321
2010,"37400","economy","grdp","financial and insurance activities","million KRW",25262
2010,"37400","economy","grdp","real estate activities; rental and leasing activities","million KRW",23364
2010,"37400","economy","grdp","professional, scientific and technical activities; business support facilities","million KRW",6474
2010,"37400","economy","grdp","public administration and defence; compulsory social security","million KRW",241158
2010,"37400","economy","grdp","education","million KRW",41057
2010,"37400","economy","grdp","human health and social work activities","million KRW",24013
2010,"37400","economy","grdp","arts, sports and recreation; membership organizations and personal services","million KRW",23110
2010,"37400","economy","grdp","net taxes on products","million KRW",24685
2010,"37410","economy","grdp","gross regional domestic product at market prices","million KRW",751479
2010,"37410","economy","grdp","agriculture, forestry and fishing","million KRW",181852
2010,"37410","economy","grdp","mining and quarrying","million KRW",2496
2010,"37410","economy","grdp","manufacturing","million KRW",213575
2010,"37410","economy","grdp","electricity, gas, steam and air conditioning supply; water supply and waste management","million KRW",735
2010,"37410","economy","grdp","construction","million KRW",60175
2010,"37410","economy","grdp","wholesale and retail trade","million KRW",14765
2010,"37410","economy","grdp","transportation and storage","million KRW",9616
2010,"37410","economy","grdp","accommodation and food service activities","million KRW",5695
2010,"37410","economy","grdp","information and communication","million KRW",10696
2010,"37410","economy","grdp","financial and insurance activities","million KRW",14221
2010,"37410","economy","grdp","real estate activities; rental and leasing activities","million KRW",13239
2010,"37410","economy","grdp","professional, scientific and technical activities; business support facilities","million KRW",5254
2010,"37410","economy","grdp","public administration and defence; compulsory social security","million KRW",114423
2010,"37410","economy","grdp","education","million KRW",38853
2010,"37410","economy","grdp","human health and social work activities","million KRW",13762
2010,"37410","economy","grdp","arts, sports and recreation; membership organizations and personal services","million KRW",18829
2010,"37410","economy","grdp","net taxes on products","million KRW",33293
2010,"37420","economy","grdp","gross regional domestic product at market prices","million KRW",1520936
2010,"37420","economy","grdp","agriculture, forestry and fishing","million KRW",84229
2010,"37420","economy","grdp","mining and quarrying","million KRW",33740
2010,"37420","economy","grdp","manufacturing","million KRW",20450
2010,"37420","economy","grdp","electricity, gas, steam and air conditioning supply; water supply and waste management","million KRW",667270
2010,"37420","economy","grdp","construction","million KRW",83772
2010,"37420","economy","grdp","wholesale and retail trade","million KRW",39821
2010,"37420","economy","grdp","transportation and storage","million KRW",12846
2010,"37420","economy","grdp","accommodation and food service activities","million KRW",85306
2010,"37420","economy","grdp","information and communication","million KRW",21638
2010,"37420","economy","grdp","financial and insurance activities","million KRW",31670
2010,"37420","economy","grdp","real estate activities; rental and leasing activities","million KRW",28802
2010,"37420","economy","grdp","professional, scientific and technical activities; business support facilities","million KRW",48869
2010,"37420","economy","grdp","public administration and defence; compulsory social security","million KRW",152407
2010,"37420","economy","grdp","education","million KRW",57021
2010,"37420","economy","grdp","human health and social work activities","million KRW",32565
2010,"37420","economy","grdp","arts, sports and recreation; membership organizations and personal services","million KRW",30380
2010,"37420","economy","grdp","net taxes on products","million KRW",90150
2010,"37430","economy","grdp","gross regional domestic product at market prices","million KRW",211695
2010,"37430","economy","grdp","agriculture, forestry and fishing","million KRW",23580
2010,"37430","economy","grdp","mining and quarrying","million KRW",0
2010,"37430","economy","grdp","manufacturing","million KRW",6207
2010,"37430","economy","grdp","electricity, gas, steam and air conditioning supply; water supply and waste management","million KRW",1233
2010,"37430","economy","grdp","construction","million KRW",28527
2010,"37430","economy","grdp","wholesale and retail trade","million KRW",5242
2010,"37430","economy","grdp","transportation and storage","million KRW",13711
2010,"37430","economy","grdp","accommodation and food service activities","million KRW",16204
2010,"37430","economy","grdp","information and communication","million KRW",4562
2010,"37430","economy","grdp","financial and insurance activities","million KRW",6163
2010,"37430","economy","grdp","real estate activities; rental and leasing activities","million KRW",6685
2010,"37430","economy","grdp","professional, scientific and technical activities; business support facilities","million KRW",1335
2010,"37430","economy","grdp","public administration and defence; compulsory social security","million KRW",65927
2010,"37430","economy","grdp","education","million KRW",11948
2010,"37430","economy","grdp","human health and social work activities","million KRW",3777
2010,"37430","economy","grdp","arts, sports and recreation; membership organizations and personal services","million KRW",5193
2010,"37430","economy","grdp","net taxes on products","million KRW",11401
2010,"24010","economy","grdp","gross regional domestic product at market prices","million KRW",2634954
2010,"24010","economy","grdp","net taxes on products","million KRW",162277
2010,"24010","economy","grdp","total value added at basic prices","million KRW",2472677
2010,"24010","economy","grdp","agriculture, forestry and fishing","million KRW",3963
2010,"24010","economy","grdp","mining and quarrying","million KRW",48
2010,"24010","economy","grdp","manufacturing","million KRW",41797
2010,"24010","economy","grdp","electricity, gas, steam and air conditioning supply; water supply and waste management","million KRW",15460
2010,"24010","economy","grdp","construction","million KRW",103580
2010,"24010","economy","grdp","wholesale and retail trade","million KRW",309561
2010,"24010","economy","grdp","transportation and storage","million KRW",52228
2010,"24010","economy","grdp","accommodation and food service activities","million KRW",103750
2010,"24010","economy","grdp","information and communication","million KRW",87198
2010,"24010","economy","grdp","financial and insurance activities","million KRW",449513
2010,"24010","economy","grdp","real estate activities; rental and leasing activities","million KRW",196522
2010,"24010","economy","grdp","professional, scientific and technical activities; business support facilities","million KRW",316615
2010,"24010","economy","grdp","public administration and defence; compulsory social security","million KRW",174174
2010,"24010","economy","grdp","education","million KRW",252916
2010,"24010","economy","grdp","human health and social work activities","million KRW",249835
2010,"24010","economy","grdp","arts, sports and recreation; membership organizations and personal services","million KRW",115517
2010,"24020","economy","grdp","gross regional domestic product at market prices","million KRW",6161934
2010,"24020","economy","grdp","net taxes on products","million KRW",389568
2010,"24020","economy","grdp","total value added at basic prices","million KRW",5772366
2010,"24020","economy","grdp","agriculture, forestry and fishing","million KRW",14429
2010,"24020","economy","grdp","mining and quarrying","million KRW",17732
2010,"24020","economy","grdp","manufacturing","million KRW",1217215
2010,"24020","economy","grdp","electricity, gas, steam and air conditioning supply; water supply and waste management","million KRW",55190
2010,"24020","economy","grdp","construction","million KRW",178960
2010,"24020","economy","grdp","wholesale and retail trade","million KRW",662123
2010,"24020","economy","grdp","transportation and storage","million KRW",197865
2010,"24020","economy","grdp","accommodation and food service activities","million KRW",149751
2010,"24020","economy","grdp","information and communication","million KRW",187752
2010,"24020","economy","grdp","financial and insurance activities","million KRW",620344
2010,"24020","economy","grdp","real estate activities; rental and leasing activities","million KRW",509901
2010,"24020","economy","grdp","professional, scientific and technical activities; business support facilities","million KRW",455910
2010,"24020","economy","grdp","public administration and defence; compulsory social security","million KRW",407667
2010,"24020","economy","grdp","education","million KRW",455658
2010,"24020","economy","grdp","human health and social work activities","million KRW",432239
2010,"24020","economy","grdp","arts, sports and recreation; membership organizations and personal services","million KRW",209629
2010,"24030","economy","grdp","gross regional domestic product at market prices","million KRW",2248309
2010,"24030","economy","grdp","net taxes on products","million KRW",126458
2010,"24030","economy","grdp","total value added at basic prices","million KRW",2121851
2010,"24030","economy","grdp","agriculture, forestry and fishing","million KRW",20540
2010,"24030","economy","grdp","mining and quarrying","million KRW",0
2010,"24030","economy","grdp","manufacturing","million KRW",40019
2010,"24030","economy","grdp","electricity, gas, steam and air conditioning supply; water supply and waste management","million KRW",44524
2010,"24030","economy","grdp","construction","million KRW",141253
2010,"24030","economy","grdp","wholesale and retail trade","million KRW",208695
2010,"24030","economy","grdp","transportation and storage","million KRW",71921
2010,"24030","economy","grdp","accommodation and food service activities","million KRW",64302
2010,"24030","economy","grdp","information and communication","million KRW",101609
2010,"24030","economy","grdp","financial and insurance activities","million KRW",124932
2010,"24030","economy","grdp","real estate activities; rental and leasing activities","million KRW",325369
2010,"24030","economy","grdp","professional, scientific and technical activities; business support facilities","million KRW",145707
2010,"24030","economy","grdp","public administration and defence; compulsory social security","million KRW",100310
2010,"24030","economy","grdp","education","million KRW",349468
2010,"24030","economy","grdp","human health and social work activities","million KRW",247170
2010,"24030","economy","grdp","arts, sports and recreation; membership organizations and personal services","million KRW",136032
2010,"24040","economy","grdp","gross regional domestic product at market prices","million KRW",7278168
2010,"24040","economy","grdp","net taxes on products","million KRW",741822
2010,"24040","economy","grdp","total value added at basic prices","million KRW",6536346
2010,"24040","economy","grdp","agriculture, forestry and fishing","million KRW",27519
2010,"24040","economy","grdp","mining and quarrying","million KRW",14
2010,"24040","economy","grdp","manufacturing","million KRW",1182495
2010,"24040","economy","grdp","electricity, gas, steam and air conditioning supply; water supply and waste management","million KRW",68549
2010,"24040","economy","grdp","construction","million KRW",175496
2010,"24040","economy","grdp","wholesale and retail trade","million KRW",859419
2010,"24040","economy","grdp","transportation and storage","million KRW",209447
2010,"24040","economy","grdp","accommodation and food service activities","million KRW",200325
2010,"24040","economy","grdp","information and communication","million KRW",224345
2010,"24040","economy","grdp","financial and insurance activities","million KRW",377604
2010,"24040","economy","grdp","real estate activities; rental and leasing activities","million KRW",691883
2010,"24040","economy","grdp","professional, scientific and technical activities; business support facilities","million KRW",564769
2010,"24040","economy","grdp","public administration and defence; compulsory social security","million KRW",608289
2010,"24040","economy","grdp","education","million KRW",597333
2010,"24040","economy","grdp","human health and social work activities","million KRW",424626
2010,"24040","economy","grdp","arts, sports and recreation; membership organizations and personal services","million KRW",324234
2010,"24050","economy","grdp","gross regional domestic product at market prices","million KRW",9558946
2010,"24050","economy","grdp","net taxes on products","million KRW",568546
2010,"24050","economy","grdp","total value added at basic prices","million KRW",8990400
2010,"24050","economy","grdp","agriculture, forestry and fishing","million KRW",81356
2010,"24050","economy","grdp","mining and quarrying","million KRW",0
2010,"24050","economy","grdp","manufacturing","million KRW",5191023
2010,"24050","economy","grdp","electricity, gas, steam and air conditioning supply; water supply and waste management","million KRW",67362
2010,"24050","economy","grdp","construction","million KRW",405523
2010,"24050","economy","grdp","wholesale and retail trade","million KRW",487040
2010,"24050","economy","grdp","transportation and storage","million KRW",192510
2010,"24050","economy","grdp","accommodation and food service activities","million KRW",130922
2010,"24050","economy","grdp","information and communication","million KRW",154186
2010,"24050","economy","grdp","financial and insurance activities","million KRW",216558
2010,"24050","economy","grdp","real estate activities; rental and leasing activities","million KRW",508056
2010,"24050","economy","grdp","professional, scientific and technical activities; business support facilities","million KRW",288852
2010,"24050","economy","grdp","public administration and defence; compulsory social security","million KRW",289579
2010,"24050","economy","grdp","education","million KRW",470123
2010,"24050","economy","grdp","human health and social work activities","million KRW",286562
2010,"24050","economy","grdp","arts, sports and recreation; membership organizations and personal services","million KRW",220748
2015,"24010","economy","grdp","gross regional domestic product at market prices","million KRW",3003018
2015,"24010","economy","grdp","net taxes on products","million KRW",169912
2015,"24010","economy","grdp","total value added at basic prices","million KRW",2833106
2015,"24010","economy","grdp","agriculture, forestry and fishing","million KRW",5636
2015,"24010","economy","grdp","mining and quarrying","million KRW",83
2015,"24010","economy","grdp","manufacturing","million KRW",44494
2015,"24010","economy","grdp","electricity, gas, steam and air conditioning supply; water supply and waste management","million KRW",21583
2015,"24010","economy","grdp","construction","million KRW",118870
2015,"24010","economy","grdp","wholesale and retail trade","million KRW",328564
2015,"24010","economy","grdp","transportation and storage","million KRW",72945
2015,"24010","economy","grdp","accommodation and food service activities","million KRW",123037
2015,"24010","economy","grdp","information and communication","million KRW",98831
2015,"24010","economy","grdp","financial and insurance activities","million KRW",494700
2015,"24010","economy","grdp","real estate activities; rental and leasing activities","million KRW",252223
2015,"24010","economy","grdp","professional, scientific and technical activities; business support facilities","million KRW",410393
2015,"24010","economy","grdp","public administration and defence; compulsory social security","million KRW",133662
2015,"24010","economy","grdp","education","million KRW",282695
2015,"24010","economy","grdp","human health and social work activities","million KRW",302186
2015,"24010","economy","grdp","arts, sports and recreation; membership organizations and personal services","million KRW",143205
2015,"24020","economy","grdp","gross regional domestic product at market prices","million KRW",8709905
2015,"24020","economy","grdp","net taxes on products","million KRW",513918
2015,"24020","economy","grdp","total value added at basic prices","million KRW",8195987
2015,"24020","economy","grdp","agriculture, forestry and fishing","million KRW",14372
2015,"24020","economy","grdp","mining and quarrying","million KRW",6466
2015,"24020","economy","grdp","manufacturing","million KRW",2001493
2015,"24020","economy","grdp","electricity, gas, steam and air conditioning supply; water supply and waste management","million KRW",66363
2015,"24020","economy","grdp","construction","million KRW",327472
2015,"24020","economy","grdp","wholesale and retail trade","million KRW",663498
2015,"24020","economy","grdp","transportation and storage","million KRW",219724
2015,"24020","economy","grdp","accommodation and food service activities","million KRW",214471
2015,"24020","economy","grdp","information and communication","million KRW",212688
2015,"24020","economy","grdp","financial and insurance activities","million KRW",843179
2015,"24020","economy","grdp","real estate activities; rental and leasing activities","million KRW",772043
2015,"24020","economy","grdp","professional, scientific and technical activities; business support facilities","million KRW",734797
2015,"24020","economy","grdp","public administration and defence; compulsory social security","million KRW",542663
2015,"24020","economy","grdp","education","million KRW",623163
2015,"24020","economy","grdp","human health and social work activities","million KRW",705641
2015,"24020","economy","grdp","arts, sports and recreation; membership organizations and personal services","million KRW",247954
2015,"24030","economy","grdp","gross regional domestic product at market prices","million KRW",2814024
2015,"24030","economy","grdp","net taxes on products","million KRW",162405
2015,"24030","economy","grdp","total value added at basic prices","million KRW",2651618
2015,"24030","economy","grdp","agriculture, forestry and fishing","million KRW",27001
2015,"24030","economy","grdp","mining and quarrying","million KRW",0
2015,"24030","economy","grdp","manufacturing","million KRW",62457
2015,"24030","economy","grdp","electricity, gas, steam and air conditioning supply; water supply and waste management","million KRW",28867
2015,"24030","economy","grdp","construction","million KRW",168777
2015,"24030","economy","grdp","wholesale and retail trade","million KRW",225622
2015,"24030","economy","grdp","transportation and storage","million KRW",80090
2015,"24030","economy","grdp","accommodation and food service activities","million KRW",81680
2015,"24030","economy","grdp","information and communication","million KRW",119222
2015,"24030","economy","grdp","financial and insurance activities","million KRW",147072
2015,"24030","economy","grdp","real estate activities; rental and leasing activities","million KRW",464807
2015,"24030","economy","grdp","professional, scientific and technical activities; business support facilities","million KRW",224244
2015,"24030","economy","grdp","public administration and defence; compulsory social security","million KRW",87706
2015,"24030","economy","grdp","education","million KRW",407108
2015,"24030","economy","grdp","human health and social work activities","million KRW",365584
2015,"24030","economy","grdp","arts, sports and recreation; membership organizations and personal services","million KRW",161381
2015,"24040","economy","grdp","gross regional domestic product at market prices","million KRW",8669015
2015,"24040","economy","grdp","net taxes on products","million KRW",898463
2015,"24040","economy","grdp","total value added at basic prices","million KRW",7770553
2015,"24040","economy","grdp","agriculture, forestry and fishing","million KRW",28307
2015,"24040","economy","grdp","mining and quarrying","million KRW",1102
2015,"24040","economy","grdp","manufacturing","million KRW",1473899
2015,"24040","economy","grdp","electricity, gas, steam and air conditioning supply; water supply and waste management","million KRW",80547
2015,"24040","economy","grdp","construction","million KRW",303271
2015,"24040","economy","grdp","wholesale and retail trade","million KRW",724579
2015,"24040","economy","grdp","transportation and storage","million KRW",223271
2015,"24040","economy","grdp","accommodation and food service activities","million KRW",226814
2015,"24040","economy","grdp","information and communication","million KRW",237223
2015,"24040","economy","grdp","financial and insurance activities","million KRW",368001
2015,"24040","economy","grdp","real estate activities; rental and leasing activities","million KRW",893895
2015,"24040","economy","grdp","professional, scientific and technical activities; business support facilities","million KRW",814825
2015,"24040","economy","grdp","public administration and defence; compulsory social security","million KRW",706961
2015,"24040","economy","grdp","education","million KRW",684039
2015,"24040","economy","grdp","human health and social work activities","million KRW",662347
2015,"24040","economy","grdp","arts, sports and recreation; membership organizations and personal services","million KRW",341471
2015,"24050","economy","grdp","gross regional domestic product at market prices","million KRW",11649626
2015,"24050","economy","grdp","net taxes on products","million KRW",670366
2015,"24050","economy","grdp","total value added at basic prices","million KRW",10979260
2015,"24050","economy","grdp","agriculture, forestry and fishing","million KRW",91229
2015,"24050","economy","grdp","mining and quarrying","million KRW",174
2015,"24050","economy","grdp","manufacturing","million KRW",5567329
2015,"24050","economy","grdp","electricity, gas, steam and air conditioning supply; water supply and waste management","million KRW",89261
2015,"24050","economy","grdp","construction","million KRW",485186
2015,"24050","economy","grdp","wholesale and retail trade","million KRW",570669
2015,"24050","economy","grdp","transportation and storage","million KRW",315888
2015,"24050","economy","grdp","accommodation and food service activities","million KRW",213006
2015,"24050","economy","grdp","information and communication","million KRW",162597
2015,"24050","economy","grdp","financial and insurance activities","million KRW",285798
2015,"24050","economy","grdp","real estate activities; rental and leasing activities","million KRW",782649
2015,"24050","economy","grdp","professional, scientific and technical activities; business support facilities","million KRW",503481
2015,"24050","economy","grdp","public administration and defence; compulsory social security","million KRW",601042
2015,"24050","economy","grdp","education","million KRW",566838
2015,"24050","economy","grdp","human health and social work activities","million KRW",426389
2015,"24050","economy","grdp","arts, sports and recreation; membership organizations and personal services","million KRW",317725
2020,"24010","economy","grdp","gross regional domestic product at market prices","million KRW",3618618
2020,"24010","economy","grdp","net taxes on products","million KRW",222176
2020,"24010","economy","grdp","total value added at basic prices","million KRW",3396442
2020,"24010","economy","grdp","agriculture, forestry and fishing","million KRW",3822
2020,"24010","economy","grdp","mining and quarrying","million KRW",0
2020,"24010","economy","grdp","manufacturing","million KRW",53925
2020,"24010","economy","grdp","electricity, gas, steam and air conditioning supply; water supply and waste management","million KRW",29653
2020,"24010","economy","grdp","construction","million KRW",308137
2020,"24010","economy","grdp","wholesale and retail trade","million KRW",261741
2020,"24010","economy","grdp","transportation and storage","million KRW",88090
2020,"24010","economy","grdp","accommodation and food service activities","million KRW",101440
2020,"24010","economy","grdp","information and communication","million KRW",123411
2020,"24010","economy","grdp","financial and insurance activities","million KRW",487584
2020,"24010","economy","grdp","real estate activities; rental and leasing activities","million KRW",355360
2020,"24010","economy","grdp","professional, scientific and technical activities; business support facilities","million KRW",414753
2020,"24010","economy","grdp","public administration and defence; compulsory social security","million KRW",249881
2020,"24010","economy","grdp","education","million KRW",297619
2020,"24010","economy","grdp","human health and social work activities","million KRW",484078
2020,"24010","economy","grdp","arts, sports and recreation; membership organizations and personal services","million KRW",136947
2020,"24020","economy","grdp","gross regional domestic product at market prices","million KRW",10465189
2020,"24020","economy","grdp","net taxes on products","million KRW",668908
2020,"24020","economy","grdp","total value added at basic prices","million KRW",9796282
2020,"24020","economy","grdp","agriculture, forestry and fishing","million KRW",8262
2020,"24020","economy","grdp","mining and quarrying","million KRW",1924
2020,"24020","economy","grdp","manufacturing","million KRW",2327885
2020,"24020","economy","grdp","electricity, gas, steam and air conditioning supply; water supply and waste management","million KRW",86435
2020,"24020","economy","grdp","construction","million KRW",323185
2020,"24020","economy","grdp","wholesale and retail trade","million KRW",742126
2020,"24020","economy","grdp","transportation and storage","million KRW",188579
2020,"24020","economy","grdp","accommodation and food service activities","million KRW",208442
2020,"24020","economy","grdp","information and communication","million KRW",273182
2020,"24020","economy","grdp","financial and insurance activities","million KRW",1033906
2020,"24020","economy","grdp","real estate activities; rental and leasing activities","million KRW",944280
2020,"24020","economy","grdp","professional, scientific and technical activities; business support facilities","million KRW",909694
2020,"24020","economy","grdp","public administration and defence; compulsory social security","million KRW",600710
2020,"24020","economy","grdp","education","million KRW",729594
2020,"24020","economy","grdp","human health and social work activities","million KRW",1079080
2020,"24020","economy","grdp","arts, sports and recreation; membership organizations and personal services","million KRW",338999
2020,"24030","economy","grdp","gross regional domestic product at market prices","million KRW",3237215
2020,"24030","economy","grdp","net taxes on products","million KRW",182388
2020,"24030","economy","grdp","total value added at basic prices","million KRW",3054827
2020,"24030","economy","grdp","agriculture, forestry and fishing","million KRW",15871
2020,"24030","economy","grdp","mining and quarrying","million KRW",124
2020,"24030","economy","grdp","manufacturing","million KRW",50065
2020,"24030","economy","grdp","electricity, gas, steam and air conditioning supply; water supply and waste management","million KRW",40808
2020,"24030","economy","grdp","construction","million KRW",251074
2020,"24030","economy","grdp","wholesale and retail trade","million KRW",223022
2020,"24030","economy","grdp","transportation and storage","million KRW",74117
2020,"24030","economy","grdp","accommodation and food service activities","million KRW",88545
2020,"24030","economy","grdp","information and communication","million KRW",109970
2020,"24030","economy","grdp","financial and insurance activities","million KRW",157180
2020,"24030","economy","grdp","real estate activities; rental and leasing activities","million KRW",525163
2020,"24030","economy","grdp","professional, scientific and technical activities; business support facilities","million KRW",214488
2020,"24030","economy","grdp","public administration and defence; compulsory social security","million KRW",143116
2020,"24030","economy","grdp","education","million KRW",428203
2020,"24030","economy","grdp","human health and social work activities","million KRW",533506
2020,"24030","economy","grdp","arts, sports and recreation; membership organizations and personal services","million KRW",199573
2020,"24040","economy","grdp","gross regional domestic product at market prices","million KRW",10745223
2020,"24040","economy","grdp","net taxes on products","million KRW",1091070
2020,"24040","economy","grdp","total value added at basic prices","million KRW",9654153
2020,"24040","economy","grdp","agriculture, forestry and fishing","million KRW",18194
2020,"24040","economy","grdp","mining and quarrying","million KRW",12
2020,"24040","economy","grdp","manufacturing","million KRW",2010567
2020,"24040","economy","grdp","electricity, gas, steam and air conditioning supply; water supply and waste management","million KRW",109240
2020,"24040","economy","grdp","construction","million KRW",628795
2020,"24040","economy","grdp","wholesale and retail trade","million KRW",709744
2020,"24040","economy","grdp","transportation and storage","million KRW",232011
2020,"24040","economy","grdp","accommodation and food service activities","million KRW",211555
2020,"24040","economy","grdp","information and communication","million KRW",342482
2020,"24040","economy","grdp","financial and insurance activities","million KRW",365969
2020,"24040","economy","grdp","real estate activities; rental and leasing activities","million KRW",1089712
2020,"24040","economy","grdp","professional, scientific and technical activities; business support facilities","million KRW",898222
2020,"24040","economy","grdp","public administration and defence; compulsory social security","million KRW",934958
2020,"24040","economy","grdp","education","million KRW",770397
2020,"24040","economy","grdp","human health and social work activities","million KRW",957136
2020,"24040","economy","grdp","arts, sports and recreation; membership organizations and personal services","million KRW",375158
2020,"24050","economy","grdp","gross regional domestic product at market prices","million KRW",14002138
2020,"24050","economy","grdp","net taxes on products","million KRW",896141
2020,"24050","economy","grdp","total value added at basic prices","million KRW",13105997
2020,"24050","economy","grdp","agriculture, forestry and fishing","million KRW",57525
2020,"24050","economy","grdp","mining and quarrying","million KRW",2421
2020,"24050","economy","grdp","manufacturing","million KRW",5970804
2020,"24050","economy","grdp","electricity, gas, steam and air conditioning supply; water supply and waste management","million KRW",133967
2020,"24050","economy","grdp","construction","million KRW",676059
2020,"24050","economy","grdp","wholesale and retail trade","million KRW",683055
2020,"24050","economy","grdp","transportation and storage","million KRW",427428
2020,"24050","economy","grdp","accommodation and food service activities","million KRW",224919
2020,"24050","economy","grdp","information and communication","million KRW",287387
2020,"24050","economy","grdp","financial and insurance activities","million KRW",358116
2020,"24050","economy","grdp","real estate activities; rental and leasing activities","million KRW",996331
2020,"24050","economy","grdp","professional, scientific and technical activities; business support facilities","million KRW",778953
2020,"24050","economy","grdp","public administration and defence; compulsory social security","million KRW",816873
2020,"24050","economy","grdp","education","million KRW",615874
2020,"24050","economy","grdp","human health and social work activities","million KRW",646656
2020,"24050","economy","grdp","arts, sports and recreation; membership organizations and personal services","million KRW",429629
2015,"22010","economy","grdp","gross regional domestic product at market prices","million KRW",5027892
2015,"22010","economy","grdp","net taxes on products","million KRW",320858
2015,"22010","economy","grdp","total value added at basic prices","million KRW",4707034
2015,"22010","economy","grdp","agriculture, forestry and fishing","million KRW",36
2015,"22010","economy","grdp","mining and quarrying","million KRW",12
2015,"22010","economy","grdp","manufacturing","million KRW",135790
2015,"22010","economy","grdp","electricity, gas, steam and air conditioning supply; water supply and waste management","million KRW",10470
2015,"22010","economy","grdp","construction","million KRW",115271
2015,"22010","economy","grdp","wholesale and retail trade","million KRW",708331
2015,"22010","economy","grdp","transportation and storage","million KRW",166544
2015,"22010","economy","grdp","accommodation and food service activities","million KRW",211827
2015,"22010","economy","grdp","information and communication","million KRW",132953
2015,"22010","economy","grdp","financial and insurance activities","million KRW",931666
2015,"22010","economy","grdp","real estate activities; rental and leasing activities","million KRW",406950
2015,"22010","economy","grdp","professional, scientific and technical activities; business support facilities","million KRW",370313
2015,"22010","economy","grdp","public administration and defence; compulsory social security","million KRW",561331
2015,"22010","economy","grdp","education","million KRW",260398
2015,"22010","economy","grdp","human health and social work activities","million KRW",565103
2015,"22010","economy","grdp","arts, sports and recreation; membership organizations and personal services","million KRW",130039
2015,"22020","economy","grdp","gross regional domestic product at market prices","million KRW",6376313
2015,"22020","economy","grdp","net taxes on products","million KRW",444256
2015,"22020","economy","grdp","total value added at basic prices","million KRW",5932057
2015,"22020","economy","grdp","agriculture, forestry and fishing","million KRW",28187
2015,"22020","economy","grdp","mining and quarrying","million KRW",195
2015,"22020","economy","grdp","manufacturing","million KRW",314207
2015,"22020","economy","grdp","electricity, gas, steam and air conditioning supply; water supply and waste management","million KRW",22243
2015,"22020","economy","grdp","construction","million KRW",542639
2015,"22020","economy","grdp","wholesale and retail trade","million KRW",540116
2015,"22020","economy","grdp","transportation and storage","million KRW",410603
2015,"22020","economy","grdp","accommodation and food service activities","million KRW",196843
2015,"22020","economy","grdp","information and communication","million KRW",316265
2015,"22020","economy","grdp","financial and insurance activities","million KRW",218239
2015,"22020","economy","grdp","real estate activities; rental and leasing activities","million KRW",1405784
2015,"22020","economy","grdp","professional, scientific and technical activities; business support facilities","million KRW",592919
2015,"22020","economy","grdp","public administration and defence; compulsory social security","million KRW",620254
2015,"22020","economy","grdp","education","million KRW",155611
2015,"22020","economy","grdp","human health and social work activities","million KRW",331926
2015,"22020","economy","grdp","arts, sports and recreation; membership organizations and personal services","million KRW",236027
2015,"22030","economy","grdp","gross regional domestic product at market prices","million KRW",3206379
2015,"22030","economy","grdp","net taxes on products","million KRW",264543
2015,"22030","economy","grdp","total value added at basic prices","million KRW",2941835
2015,"22030","economy","grdp","agriculture, forestry and fishing","million KRW",552
2015,"22030","economy","grdp","mining and quarrying","million KRW",0
2015,"22030","economy","grdp","manufacturing","million KRW",828233
2015,"22030","economy","grdp","electricity, gas, steam and air conditioning supply; water supply and waste management","million KRW",40769
2015,"22030","economy","grdp","construction","million KRW",111873
2015,"22030","economy","grdp","wholesale and retail trade","million KRW",458965
2015,"22030","economy","grdp","transportation and storage","million KRW",162323
2015,"22030","economy","grdp","accommodation and food service activities","million KRW",97015
2015,"22030","economy","grdp","information and communication","million KRW",97944
2015,"22030","economy","grdp","financial and insurance activities","million KRW",167042
2015,"22030","economy","grdp","real estate activities; rental and leasing activities","million KRW",188887
2015,"22030","economy","grdp","professional, scientific and technical activities; business support facilities","million KRW",237095
2015,"22030","economy","grdp","public administration and defence; compulsory social security","million KRW",102905
2015,"22030","economy","grdp","education","million KRW",42633
2015,"22030","economy","grdp","human health and social work activities","million KRW",217760
2015,"22030","economy","grdp","arts, sports and recreation; membership organizations and personal services","million KRW",187840
2015,"22040","economy","grdp","gross regional domestic product at market prices","million KRW",2336750
2015,"22040","economy","grdp","net taxes on products","million KRW",130171
2015,"22040","economy","grdp","total value added at basic prices","million KRW",2206580
2015,"22040","economy","grdp","agriculture, forestry and fishing","million KRW",415
2015,"22040","economy","grdp","mining and quarrying","million KRW",0
2015,"22040","economy","grdp","manufacturing","million KRW",43163
2015,"22040","economy","grdp","electricity, gas, steam and air conditioning supply; water supply and waste management","million KRW",10156
2015,"22040","economy","grdp","construction","million KRW",88446
2015,"22040","economy","grdp","wholesale and retail trade","million KRW",203216
2015,"22040","economy","grdp","transportation and storage","million KRW",73471
2015,"22040","economy","grdp","accommodation and food service activities","million KRW",90721
2015,"22040","economy","grdp","information and communication","million KRW",86809
2015,"22040","economy","grdp","financial and insurance activities","million KRW",84836
2015,"22040","economy","grdp","real estate activities; rental and leasing activities","million KRW",270772
2015,"22040","economy","grdp","professional, scientific and technical activities; business support facilities","million KRW",282078
2015,"22040","economy","grdp","public administration and defence; compulsory social security","million KRW",103803
2015,"22040","economy","grdp","education","million KRW",332561
2015,"22040","economy","grdp","human health and social work activities","million KRW",391087
2015,"22040","economy","grdp","arts, sports and recreation; membership organizations and personal services","million KRW",145046
2015,"22050","economy","grdp","gross regional domestic product at market prices","million KRW",9787970
2015,"22050","economy","grdp","net taxes on products","million KRW",559266
2015,"22050","economy","grdp","total value added at basic prices","million KRW",9228704
2015,"22050","economy","grdp","agriculture, forestry and fishing","million KRW",11892
2015,"22050","economy","grdp","mining and quarrying","million KRW",0
2015,"22050","economy","grdp","manufacturing","million KRW",1548583
2015,"22050","economy","grdp","electricity, gas, steam and air conditioning supply; water supply and waste management","million KRW",39214
2015,"22050","economy","grdp","construction","million KRW",418264
2015,"22050","economy","grdp","wholesale and retail trade","million KRW",1062249
2015,"22050","economy","grdp","transportation and storage","million KRW",212336
2015,"22050","economy","grdp","accommodation and food service activities","million KRW",231879
2015,"22050","economy","grdp","information and communication","million KRW",160173
2015,"22050","economy","grdp","financial and insurance activities","million KRW",301087
2015,"22050","economy","grdp","real estate activities; rental and leasing activities","million KRW",733115
2015,"22050","economy","grdp","professional, scientific and technical activities; business support facilities","million KRW",592555
2015,"22050","economy","grdp","public administration and defence; compulsory social security","million KRW",1323143
2015,"22050","economy","grdp","education","million KRW",1872356
2015,"22050","economy","grdp","human health and social work activities","million KRW",442410
2015,"22050","economy","grdp","arts, sports and recreation; membership organizations and personal services","million KRW",279450
2015,"22060","economy","grdp","gross regional domestic product at market prices","million KRW",6955681
2015,"22060","economy","grdp","net taxes on products","million KRW",456130
2015,"22060","economy","grdp","total value added at basic prices","million KRW",6499552
2015,"22060","economy","grdp","agriculture, forestry and fishing","million KRW",5421
2015,"22060","economy","grdp","mining and quarrying","million KRW",0
2015,"22060","economy","grdp","manufacturing","million KRW",65391
2015,"22060","economy","grdp","electricity, gas, steam and air conditioning supply; water supply and waste management","million KRW",30608
2015,"22060","economy","grdp","construction","million KRW",340948
2015,"22060","economy","grdp","wholesale and retail trade","million KRW",539853
2015,"22060","economy","grdp","transportation and storage","million KRW",136400
2015,"22060","economy","grdp","accommodation and food service activities","million KRW",312092
2015,"22060","economy","grdp","information and communication","million KRW",156032
2015,"22060","economy","grdp","financial and insurance activities","million KRW",1083001
2015,"22060","economy","grdp","real estate activities; rental and leasing activities","million KRW",917488
2015,"22060","economy","grdp","professional, scientific and technical activities; business support facilities","million KRW",681818
2015,"22060","economy","grdp","public administration and defence; compulsory social security","million KRW",922530
2015,"22060","economy","grdp","education","million KRW",608404
2015,"22060","economy","grdp","human health and social work activities","million KRW",399422
2015,"22060","economy","grdp","arts, sports and recreation; membership organizations and personal services","million KRW",300143
2015,"22070","economy","grdp","gross regional domestic product at market prices","million KRW",11014202
2015,"22070","economy","grdp","net taxes on products","million KRW",864063
2015,"22070","economy","grdp","total value added at basic prices","million KRW",10150139
2015,"22070","economy","grdp","agriculture, forestry and fishing","million KRW",1515
2015,"22070","economy","grdp","mining and quarrying","million KRW",270
2015,"22070","economy","grdp","manufacturing","million KRW",4032831
2015,"22070","economy","grdp","electricity, gas, steam and air conditioning supply; water supply and waste management","million KRW",144957
2015,"22070","economy","grdp","construction","million KRW",352616
2015,"22070","economy","grdp","wholesale and retail trade","million KRW",835290
2015,"22070","economy","grdp","transportation and storage","million KRW",373140
2015,"22070","economy","grdp","accommodation and food service activities","million KRW",175036
2015,"22070","economy","grdp","information and communication","million KRW",281660
2015,"22070","economy","grdp","financial and insurance activities","million KRW",487718
2015,"22070","economy","grdp","real estate activities; rental and leasing activities","million KRW",1169926
2015,"22070","economy","grdp","professional, scientific and technical activities; business support facilities","million KRW",561438
2015,"22070","economy","grdp","public administration and defence; compulsory social security","million KRW",230095
2015,"22070","economy","grdp","education","million KRW",528261
2015,"22070","economy","grdp","human health and social work activities","million KRW",565668
2015,"22070","economy","grdp","arts, sports and recreation; membership organizations and personal services","million KRW",409717
2015,"22310","economy","grdp","gross regional domestic product at market prices","million KRW",7116825
2015,"22310","economy","grdp","net taxes on products","million KRW",620581
2015,"22310","economy","grdp","total value added at basic prices","million KRW",6496244
2015,"22310","economy","grdp","agriculture, forestry and fishing","million KRW",97502
2015,"22310","economy","grdp","mining and quarrying","million KRW",1195
2015,"22310","economy","grdp","manufacturing","million KRW",3929785
2015,"22310","economy","grdp","electricity, gas, steam and air conditioning supply; water supply and waste management","million KRW",46956
2015,"22310","economy","grdp","construction","million KRW",933889
2015,"22310","economy","grdp","wholesale and retail trade","million KRW",235675
2015,"22310","economy","grdp","transportation and storage","million KRW",77732
2015,"22310","economy","grdp","accommodation and food service activities","million KRW",51162
2015,"22310","economy","grdp","information and communication","million KRW",28102
2015,"22310","economy","grdp","financial and insurance activities","million KRW",94749
2015,"22310","economy","grdp","real estate activities; rental and leasing activities","million KRW",194529
2015,"22310","economy","grdp","professional, scientific and technical activities; business support facilities","million KRW",128207
2015,"22310","economy","grdp","public administration and defence; compulsory social security","million KRW",274887
2015,"22310","economy","grdp","education","million KRW",59668
2015,"22310","economy","grdp","human health and social work activities","million KRW",171426
2015,"22310","economy","grdp","arts, sports and recreation; membership organizations and personal services","million KRW",170780
2020,"22010","economy","grdp","gross regional domestic product at market prices","million KRW",5409289
2020,"22010","economy","grdp","net taxes on products","million KRW",367125
2020,"22010","economy","grdp","total value added at basic prices","million KRW",5042165
2020,"22010","economy","grdp","agriculture, forestry and fishing","million KRW",1595
2020,"22010","economy","grdp","mining and quarrying","million KRW",0
2020,"22010","economy","grdp","manufacturing","million KRW",201406
2020,"22010","economy","grdp","electricity, gas, steam and air conditioning supply; water supply and waste management","million KRW",12294
2020,"22010","economy","grdp","construction","million KRW",270771
2020,"22010","economy","grdp","wholesale and retail trade","million KRW",480954
2020,"22010","economy","grdp","transportation and storage","million KRW",81877
2020,"22010","economy","grdp","accommodation and food service activities","million KRW",164843
2020,"22010","economy","grdp","information and communication","million KRW",184761
2020,"22010","economy","grdp","financial and insurance activities","million KRW",741444
2020,"22010","economy","grdp","real estate activities; rental and leasing activities","million KRW",587542
2020,"22010","economy","grdp","professional, scientific and technical activities; business support facilities","million KRW",380394
2020,"22010","economy","grdp","public administration and defence; compulsory social security","million KRW",877872
2020,"22010","economy","grdp","education","million KRW",237110
2020,"22010","economy","grdp","human health and social work activities","million KRW",689984
2020,"22010","economy","grdp","arts, sports and recreation; membership organizations and personal services","million KRW",129316
2020,"22020","economy","grdp","gross regional domestic product at market prices","million KRW",7583912
2020,"22020","economy","grdp","net taxes on products","million KRW",562315
2020,"22020","economy","grdp","total value added at basic prices","million KRW",7021598
2020,"22020","economy","grdp","agriculture, forestry and fishing","million KRW",26716
2020,"22020","economy","grdp","mining and quarrying","million KRW",317
2020,"22020","economy","grdp","manufacturing","million KRW",320005
2020,"22020","economy","grdp","electricity, gas, steam and air conditioning supply; water supply and waste management","million KRW",32766
2020,"22020","economy","grdp","construction","million KRW",488669
2020,"22020","economy","grdp","wholesale and retail trade","million KRW",729785
2020,"22020","economy","grdp","transportation and storage","million KRW",480939
2020,"22020","economy","grdp","accommodation and food service activities","million KRW",207117
2020,"22020","economy","grdp","information and communication","million KRW",361652
2020,"22020","economy","grdp","financial and insurance activities","million KRW",480333
2020,"22020","economy","grdp","real estate activities; rental and leasing activities","million KRW",1147354
2020,"22020","economy","grdp","professional, scientific and technical activities; business support facilities","million KRW",852864
2020,"22020","economy","grdp","public administration and defence; compulsory social security","million KRW",796771
2020,"22020","economy","grdp","education","million KRW",365508
2020,"22020","economy","grdp","human health and social work activities","million KRW",454513
2020,"22020","economy","grdp","arts, sports and recreation; membership organizations and personal services","million KRW",276291
2020,"22030","economy","grdp","gross regional domestic product at market prices","million KRW",3852826
2020,"22030","economy","grdp","net taxes on products","million KRW",311891
2020,"22030","economy","grdp","total value added at basic prices","million KRW",3540935
2020,"22030","economy","grdp","agriculture, forestry and fishing","million KRW",261
2020,"22030","economy","grdp","mining and quarrying","million KRW",358
2020,"22030","economy","grdp","manufacturing","million KRW",883173
2020,"22030","economy","grdp","electricity, gas, steam and air conditioning supply; water supply and waste management","million KRW",94312
2020,"22030","economy","grdp","construction","million KRW",154809
2020,"22030","economy","grdp","wholesale and retail trade","million KRW",460719
2020,"22030","economy","grdp","transportation and storage","million KRW",153624
2020,"22030","economy","grdp","accommodation and food service activities","million KRW",70606
2020,"22030","economy","grdp","information and communication","million KRW",131679
2020,"22030","economy","grdp","financial and insurance activities","million KRW",161189
2020,"22030","economy","grdp","real estate activities; rental and leasing activities","million KRW",377594
2020,"22030","economy","grdp","professional, scientific and technical activities; business support facilities","million KRW",259871
2020,"22030","economy","grdp","public administration and defence; compulsory social security","million KRW",148079
2020,"22030","economy","grdp","education","million KRW",139621
2020,"22030","economy","grdp","human health and social work activities","million KRW",287123
2020,"22030","economy","grdp","arts, sports and recreation; membership organizations and personal services","million KRW",217918
2020,"22040","economy","grdp","gross regional domestic product at market prices","million KRW",3099186
2020,"22040","economy","grdp","net taxes on products","million KRW",222259
2020,"22040","economy","grdp","total value added at basic prices","million KRW",2876927
2020,"22040","economy","grdp","agriculture, forestry and fishing","million KRW",1403
2020,"22040","economy","grdp","mining and quarrying","million KRW",18
2020,"22040","economy","grdp","manufacturing","million KRW",90330
2020,"22040","economy","grdp","electricity, gas, steam and air conditioning supply; water supply and waste management","million KRW",14129
2020,"22040","economy","grdp","construction","million KRW",246768
2020,"22040","economy","grdp","wholesale and retail trade","million KRW",168725
2020,"22040","economy","grdp","transportation and storage","million KRW",43531
2020,"22040","economy","grdp","accommodation and food service activities","million KRW",75379
2020,"22040","economy","grdp","information and communication","million KRW",90781
2020,"22040","economy","grdp","financial and insurance activities","million KRW",104054
2020,"22040","economy","grdp","real estate activities; rental and leasing activities","million KRW",675462
2020,"22040","economy","grdp","professional, scientific and technical activities; business support facilities","million KRW",273431
2020,"22040","economy","grdp","public administration and defence; compulsory social security","million KRW",112634
2020,"22040","economy","grdp","education","million KRW",281439
2020,"22040","economy","grdp","human health and social work activities","million KRW",562898
2020,"22040","economy","grdp","arts, sports and recreation; membership organizations and personal services","million KRW",135943
2020,"22050","economy","grdp","gross regional domestic product at market prices","million KRW",10468227
2020,"22050","economy","grdp","net taxes on products","million KRW",823368
2020,"22050","economy","grdp","total value added at basic prices","million KRW",9644859
2020,"22050","economy","grdp","agriculture, forestry and fishing","million KRW",7871
2020,"22050","economy","grdp","mining and quarrying","million KRW",0
2020,"22050","economy","grdp","manufacturing","million KRW",2267643
2020,"22050","economy","grdp","electricity, gas, steam and air conditioning supply; water supply and waste management","million KRW",51828
2020,"22050","economy","grdp","construction","million KRW",687744
2020,"22050","economy","grdp","wholesale and retail trade","million KRW",987851
2020,"22050","economy","grdp","transportation and storage","million KRW",220130
2020,"22050","economy","grdp","accommodation and food service activities","million KRW",224412
2020,"22050","economy","grdp","information and communication","million KRW",330255
2020,"22050","economy","grdp","financial and insurance activities","million KRW",403727
2020,"22050","economy","grdp","real estate activities; rental and leasing activities","million KRW",1149903
2020,"22050","economy","grdp","professional, scientific and technical activities; business support facilities","million KRW",629504
2020,"22050","economy","grdp","public administration and defence; compulsory social security","million KRW",360451
2020,"22050","economy","grdp","education","million KRW",1363345
2020,"22050","economy","grdp","human health and social work activities","million KRW",649432
2020,"22050","economy","grdp","arts, sports and recreation; membership organizations and personal services","million KRW",310764
2020,"22060","economy","grdp","gross regional domestic product at market prices","million KRW",8389760
2020,"22060","economy","grdp","net taxes on products","million KRW",567299
2020,"22060","economy","grdp","total value added at basic prices","million KRW",7822461
2020,"22060","economy","grdp","agriculture, forestry and fishing","million KRW",7475
2020,"22060","economy","grdp","mining and quarrying","million KRW",36
2020,"22060","economy","grdp","manufacturing","million KRW",142655
2020,"22060","economy","grdp","electricity, gas, steam and air conditioning supply; water supply and waste management","million KRW",42180
2020,"22060","economy","grdp","construction","million KRW",659293
2020,"22060","economy","grdp","wholesale and retail trade","million KRW",539405
2020,"22060","economy","grdp","transportation and storage","million KRW",109282
2020,"22060","economy","grdp","accommodation and food service activities","million KRW",302961
2020,"22060","economy","grdp","information and communication","million KRW",156637
2020,"22060","economy","grdp","financial and insurance activities","million KRW",1088033
2020,"22060","economy","grdp","real estate activities; rental and leasing activities","million KRW",1000249
2020,"22060","economy","grdp","professional, scientific and technical activities; business support facilities","million KRW",805234
2020,"22060","economy","grdp","public administration and defence; compulsory social security","million KRW",1410135
2020,"22060","economy","grdp","education","million KRW",687137
2020,"22060","economy","grdp","human health and social work activities","million KRW",574036
2020,"22060","economy","grdp","arts, sports and recreation; membership organizations and personal services","million KRW",297713
2020,"22070","economy","grdp","gross regional domestic product at market prices","million KRW",11708977
2020,"22070","economy","grdp","net taxes on products","million KRW",922048
2020,"22070","economy","grdp","total value added at basic prices","million KRW",10786929
2020,"22070","economy","grdp","agriculture, forestry and fishing","million KRW",3094
2020,"22070","economy","grdp","mining and quarrying","million KRW",421
2020,"22070","economy","grdp","manufacturing","million KRW",3240999
2020,"22070","economy","grdp","electricity, gas, steam and air conditioning supply; water supply and waste management","million KRW",99859
2020,"22070","economy","grdp","construction","million KRW",519054
2020,"22070","economy","grdp","wholesale and retail trade","million KRW",766960
2020,"22070","economy","grdp","transportation and storage","million KRW",350311
2020,"22070","economy","grdp","accommodation and food service activities","million KRW",305288
2020,"22070","economy","grdp","information and communication","million KRW",129694
2020,"22070","economy","grdp","financial and insurance activities","million KRW",648686
2020,"22070","economy","grdp","real estate activities; rental and leasing activities","million KRW",980638
2020,"22070","economy","grdp","professional, scientific and technical activities; business support facilities","million KRW",693745
2020,"22070","economy","grdp","public administration and defence; compulsory social security","million KRW",586030
2020,"22070","economy","grdp","education","million KRW",1013338
2020,"22070","economy","grdp","human health and social work activities","million KRW",992117
2020,"22070","economy","grdp","arts, sports and recreation; membership organizations and personal services","million KRW",456695
2020,"22310","economy","grdp","gross regional domestic product at market prices","million KRW",7213212
2020,"22310","economy","grdp","net taxes on products","million KRW",591919
2020,"22310","economy","grdp","total value added at basic prices","million KRW",6621294
2020,"22310","economy","grdp","agriculture, forestry and fishing","million KRW",81937
2020,"22310","economy","grdp","mining and quarrying","million KRW",735
2020,"22310","economy","grdp","manufacturing","million KRW",3281852
2020,"22310","economy","grdp","electricity, gas, steam and air conditioning supply; water supply and waste management","million KRW",63121
2020,"22310","economy","grdp","construction","million KRW",551663
2020,"22310","economy","grdp","wholesale and retail trade","million KRW",285147
2020,"22310","economy","grdp","transportation and storage","million KRW",215294
2020,"22310","economy","grdp","accommodation and food service activities","million KRW",129650
2020,"22310","economy","grdp","information and communication","million KRW",19639
2020,"22310","economy","grdp","financial and insurance activities","million KRW",208488
2020,"22310","economy","grdp","real estate activities; rental and leasing activities","million KRW",303589
2020,"22310","economy","grdp","professional, scientific and technical activities; business support facilities","million KRW",287581
2020,"22310","economy","grdp","public administration and defence; compulsory social security","million KRW",444997
2020,"22310","economy","grdp","education","million KRW",296953
2020,"22310","economy","grdp","human health and social work activities","million KRW",244570
2020,"22310","economy","grdp","arts, sports and recreation; membership organizations and personal services","million KRW",206076
2010,"11122","economy","grdp","gross regional domestic product at market prices","million KRW",38579885
2010,"11122","economy","grdp","net taxes on products","million KRW",2576394
2010,"11122","economy","grdp","total value added at basic prices","million KRW",36003491
2010,"11122","economy","grdp","agriculture, forestry and fishing","million KRW",149941
2010,"11122","economy","grdp","mining and quarrying","million KRW",8074
2010,"11122","economy","grdp","manufacturing","million KRW",8072340
2010,"11122","economy","grdp","electricity, gas, steam and air conditioning supply; water supply and waste management","million KRW",201946
2010,"11122","economy","grdp","construction","million KRW",1614748
2010,"11122","economy","grdp","wholesale and retail trade","million KRW",4214055
2010,"11122","economy","grdp","transportation and storage","million KRW",1420434
2010,"11122","economy","grdp","accommodation and food service activities","million KRW",1072085
2010,"11122","economy","grdp","information and communication","million KRW",967065
2010,"11122","economy","grdp","financial and insurance activities","million KRW",2668769
2010,"11122","economy","grdp","real estate activities; rental and leasing activities","million KRW",3882794
2010,"11122","economy","grdp","professional, scientific and technical activities; business support facilities","million KRW",1863184
2010,"11122","economy","grdp","public administration and defence; compulsory social security","million KRW",3267659
2010,"11122","economy","grdp","education","million KRW",2951701
2010,"11122","economy","grdp","human health and social work activities","million KRW",2179615
2010,"11122","economy","grdp","arts, sports and recreation; membership organizations and personal services","million KRW",1469081
2010,"11122","economy","grdp","gross regional domestic product at market prices","million KRW",3773777
2010,"11122","economy","grdp","net taxes on products","million KRW",210708
2010,"11122","economy","grdp","total value added at basic prices","million KRW",3563069
2010,"11122","economy","grdp","agriculture, forestry and fishing","million KRW",0
2010,"11122","economy","grdp","mining and quarrying","million KRW",0
2010,"11122","economy","grdp","manufacturing","million KRW",95876
2010,"11122","economy","grdp","electricity, gas, steam and air conditioning supply; water supply and waste management","million KRW",2949
2010,"11122","economy","grdp","construction","million KRW",76876
2010,"11122","economy","grdp","wholesale and retail trade","million KRW",575791
2010,"11122","economy","grdp","transportation and storage","million KRW",53383
2010,"11122","economy","grdp","accommodation and food service activities","million KRW",111519
2010,"11122","economy","grdp","information and communication","million KRW",98276
2010,"11122","economy","grdp","financial and insurance activities","million KRW",796900
2010,"11122","economy","grdp","real estate activities; rental and leasing activities","million KRW",190496
2010,"11122","economy","grdp","professional, scientific and technical activities; business support facilities","million KRW",212572
2010,"11122","economy","grdp","public administration and defence; compulsory social security","million KRW",546604
2010,"11122","economy","grdp","education","million KRW",167584
2010,"11122","economy","grdp","human health and social work activities","million KRW",525470
2010,"11122","economy","grdp","arts, sports and recreation; membership organizations and personal services","million KRW",108771
2010,"11122","economy","grdp","gross regional domestic product at market prices","million KRW",3677795
2010,"11122","economy","grdp","net taxes on products","million KRW",208821
2010,"11122","economy","grdp","total value added at basic prices","million KRW",3468974
2010,"11122","economy","grdp","agriculture, forestry and fishing","million KRW",21536
2010,"11122","economy","grdp","mining and quarrying","million KRW",0
2010,"11122","economy","grdp","manufacturing","million KRW",188982
2010,"11122","economy","grdp","electricity, gas, steam and air conditioning supply; water supply and waste management","million KRW",22139
2010,"11122","economy","grdp","construction","million KRW",273431
2010,"11122","economy","grdp","wholesale and retail trade","million KRW",511477
2010,"11122","economy","grdp","transportation and storage","million KRW",395262
2010,"11122","economy","grdp","accommodation and food service activities","million KRW",146032
2010,"11122","economy","grdp","information and communication","million KRW",131441
2010,"11122","economy","grdp","financial and insurance activities","million KRW",122979
2010,"11122","economy","grdp","real estate activities; rental and leasing activities","million KRW",399151
2010,"11122","economy","grdp","professional, scientific and technical activities; business support facilities","million KRW",319935
2010,"11122","economy","grdp","public administration and defence; compulsory social security","million KRW",384285
2010,"11122","economy","grdp","education","million KRW",123899
2010,"11122","economy","grdp","human health and social work activities","million KRW",231524
2010,"11122","economy","grdp","arts, sports and recreation; membership organizations and personal services","million KRW",196901
2010,"11122","economy","grdp","gross regional domestic product at market prices","million KRW",2848594
2010,"11122","economy","grdp","net taxes on products","million KRW",219126
2010,"11122","economy","grdp","total value added at basic prices","million KRW",2629468
2010,"11122","economy","grdp","agriculture, forestry and fishing","million KRW",69
2010,"11122","economy","grdp","mining and quarrying","million KRW",3503
2010,"11122","economy","grdp","manufacturing","million KRW",750966
2010,"11122","economy","grdp","electricity, gas, steam and air conditioning supply; water supply and waste management","million KRW",-31969
2010,"11122","economy","grdp","construction","million KRW",82964
2010,"11122","economy","grdp","wholesale and retail trade","million KRW",524520
2010,"11122","economy","grdp","transportation and storage","million KRW",132630
2010,"11122","economy","grdp","accommodation and food service activities","million KRW",69568
2010,"11122","economy","grdp","information and communication","million KRW",64152
2010,"11122","economy","grdp","financial and insurance activities","million KRW",137547
2010,"11122","economy","grdp","real estate activities; rental and leasing activities","million KRW",211896
2010,"11122","economy","grdp","professional, scientific and technical activities; business support facilities","million KRW",210397
2010,"11122","economy","grdp","public administration and defence; compulsory social security","million KRW",146628
2010,"11122","economy","grdp","education","million KRW",37138
2010,"11122","economy","grdp","human health and social work activities","million KRW",136971
2010,"11122","economy","grdp","arts, sports and recreation; membership organizations and personal services","million KRW",152488
2010,"11122","economy","grdp","gross regional domestic product at market prices","million KRW",1955814
2010,"11122","economy","grdp","net taxes on products","million KRW",105674
2010,"11122","economy","grdp","total value added at basic prices","million KRW",1850140
2010,"11122","economy","grdp","agriculture, forestry and fishing","million KRW",12
2010,"11122","economy","grdp","mining and quarrying","million KRW",0
2010,"11122","economy","grdp","manufacturing","million KRW",28149
2010,"11122","economy","grdp","electricity, gas, steam and air conditioning supply; water supply and waste management","million KRW",-319
2010,"11122","economy","grdp","construction","million KRW",102496
2010,"11122","economy","grdp","wholesale and retail trade","million KRW",168297
2010,"11122","economy","grdp","transportation and storage","million KRW",60594
2010,"11122","economy","grdp","accommodation and food service activities","million KRW",67976
2010,"11122","economy","grdp","information and communication","million KRW",84288
2010,"11122","economy","grdp","financial and insurance activities","million KRW",83026
2010,"11122","economy","grdp","real estate activities; rental and leasing activities","million KRW",187443
2010,"11122","economy","grdp","professional, scientific and technical activities; business support facilities","million KRW",133455
2010,"11122","economy","grdp","public administration and defence; compulsory social security","million KRW",181228
2010,"11122","economy","grdp","education","million KRW",265086
2010,"11122","economy","grdp","human health and social work activities","million KRW",370848
2010,"11122","economy","grdp","arts, sports and recreation; membership organizations and personal services","million KRW",117562
2010,"11122","economy","grdp","gross regional domestic product at market prices","million KRW",7565004
2010,"11122","economy","grdp","net taxes on products","million KRW",445858
2010,"11122","economy","grdp","total value added at basic prices","million KRW",7119146
2010,"11122","economy","grdp","agriculture, forestry and fishing","million KRW",10442
2010,"11122","economy","grdp","mining and quarrying","million KRW",0
2010,"11122","economy","grdp","manufacturing","million KRW",1307799
2010,"11122","economy","grdp","electricity, gas, steam and air conditioning supply; water supply and waste management","million KRW",31276
2010,"11122","economy","grdp","construction","million KRW",180264
2010,"11122","economy","grdp","wholesale and retail trade","million KRW",1022356
2010,"11122","economy","grdp","transportation and storage","million KRW",244807
2010,"11122","economy","grdp","accommodation and food service activities","million KRW",154757
2010,"11122","economy","grdp","information and communication","million KRW",173272
2010,"11122","economy","grdp","financial and insurance activities","million KRW",259740
2010,"11122","economy","grdp","real estate activities; rental and leasing activities","million KRW",594290
2010,"11122","economy","grdp","professional, scientific and technical activities; business support facilities","million KRW",227131
2010,"11122","economy","grdp","public administration and defence; compulsory social security","million KRW",1059821
2010,"11122","economy","grdp","education","million KRW",1386329
2010,"11122","economy","grdp","human health and social work activities","million KRW",248082
2010,"11122","economy","grdp","arts, sports and recreation; membership organizations and personal services","million KRW",218779
2010,"11122","economy","grdp","gross regional domestic product at market prices","million KRW",5329937
2010,"11122","economy","grdp","net taxes on products","million KRW",278170
2010,"11122","economy","grdp","total value added at basic prices","million KRW",5051767
2010,"11122","economy","grdp","agriculture, forestry and fishing","million KRW",9193
2010,"11122","economy","grdp","mining and quarrying","million KRW",0
2010,"11122","economy","grdp","manufacturing","million KRW",57379
2010,"11122","economy","grdp","electricity, gas, steam and air conditioning supply; water supply and waste management","million KRW",36077
2010,"11122","economy","grdp","construction","million KRW",243722
2010,"11122","economy","grdp","wholesale and retail trade","million KRW",460529
2010,"11122","economy","grdp","transportation and storage","million KRW",131405
2010,"11122","economy","grdp","accommodation and food service activities","million KRW",226677
2010,"11122","economy","grdp","information and communication","million KRW",181565
2010,"11122","economy","grdp","financial and insurance activities","million KRW",789844
2010,"11122","economy","grdp","real estate activities; rental and leasing activities","million KRW",1228289
2010,"11122","economy","grdp","professional, scientific and technical activities; business support facilities","million KRW",355768
2010,"11122","economy","grdp","public administration and defence; compulsory social security","million KRW",458089
2010,"11122","economy","grdp","education","million KRW",439239
2010,"11122","economy","grdp","human health and social work activities","million KRW",207088
2010,"11122","economy","grdp","arts, sports and recreation; membership organizations and personal services","million KRW",226902
2010,"11122","economy","grdp","gross regional domestic product at market prices","million KRW",9326636
2010,"11122","economy","grdp","net taxes on products","million KRW",746252
2010,"11122","economy","grdp","total value added at basic prices","million KRW",8580384
2010,"11122","economy","grdp","agriculture, forestry and fishing","million KRW",1142
2010,"11122","economy","grdp","mining and quarrying","million KRW",0
2010,"11122","economy","grdp","manufacturing","million KRW",3516057
2010,"11122","economy","grdp","electricity, gas, steam and air conditioning supply; water supply and waste management","million KRW",137080
2010,"11122","economy","grdp","construction","million KRW",315105
2010,"11122","economy","grdp","wholesale and retail trade","million KRW",784585
2010,"11122","economy","grdp","transportation and storage","million KRW",305071
2010,"11122","economy","grdp","accommodation and food service activities","million KRW",247660
2010,"11122","economy","grdp","information and communication","million KRW",193783
2010,"11122","economy","grdp","financial and insurance activities","million KRW",415867
2010,"11122","economy","grdp","real estate activities; rental and leasing activities","million KRW",883539
2010,"11122","economy","grdp","professional, scientific and technical activities; business support facilities","million KRW",345308
2010,"11122","economy","grdp","public administration and defence; compulsory social security","million KRW",251605
2010,"11122","economy","grdp","education","million KRW",489708
2010,"11122","economy","grdp","human health and social work activities","million KRW",351539
2010,"11122","economy","grdp","arts, sports and recreation; membership organizations and personal services","million KRW",342335
2010,"11122","economy","grdp","gross regional domestic product at market prices","million KRW",4102327
2010,"11122","economy","grdp","net taxes on products","million KRW",361785
2010,"11122","economy","grdp","total value added at basic prices","million KRW",3740542
2010,"11122","economy","grdp","agriculture, forestry and fishing","million KRW",107546
2010,"11122","economy","grdp","mining and quarrying","million KRW",4571
2010,"11122","economy","grdp","manufacturing","million KRW",2127132
2010,"11122","economy","grdp","electricity, gas, steam and air conditioning supply; water supply and waste management","million KRW",4712
2010,"11122","economy","grdp","construction","million KRW",339890
2010,"11122","economy","grdp","wholesale and retail trade","million KRW",166500
2010,"11122","economy","grdp","transportation and storage","million KRW",97281
2010,"11122","economy","grdp","accommodation and food service activities","million KRW",47896
2010,"11122","economy","grdp","information and communication","million KRW",40287
2010,"11122","economy","grdp","financial and insurance activities","million KRW",62867
2010,"11122","economy","grdp","real estate activities; rental and leasing activities","million KRW",187691
2010,"11122","economy","grdp","professional, scientific and technical activities; business support facilities","million KRW",58617
2010,"11122","economy","grdp","public administration and defence; compulsory social security","million KRW",239400
2010,"11122","economy","grdp","education","million KRW",42718
2010,"11122","economy","grdp","human health and social work activities","million KRW",108092
2010,"11122","economy","grdp","arts, sports and recreation; membership organizations and personal services","million KRW",105343
2015,"25010","economy","grdp","gross regional domestic product at market prices","million KRW",3062106
2015,"25010","economy","grdp","net taxes on products","million KRW",168402
2015,"25010","economy","grdp","total value added at basic prices","million KRW",2893704
2015,"25010","economy","grdp","agriculture, forestry and fishing","million KRW",11014
2015,"25010","economy","grdp","mining and quarrying","million KRW",0
2015,"25010","economy","grdp","manufacturing","million KRW",192746
2015,"25010","economy","grdp","electricity, gas, steam and air conditioning supply; water supply and waste management","million KRW",37344
2015,"25010","economy","grdp","construction","million KRW",152244
2015,"25010","economy","grdp","wholesale and retail trade","million KRW",384237
2015,"25010","economy","grdp","transportation and storage","million KRW",296366
2015,"25010","economy","grdp","accommodation and food service activities","million KRW",108399
2015,"25010","economy","grdp","information and communication","million KRW",34356
2015,"25010","economy","grdp","financial and insurance activities","million KRW",77595
2015,"25010","economy","grdp","real estate activities; rental and leasing activities","million KRW",449312
2015,"25010","economy","grdp","professional, scientific and technical activities; business support facilities","million KRW",198953
2015,"25010","economy","grdp","public administration and defence; compulsory social security","million KRW",205751
2015,"25010","economy","grdp","education","million KRW",359328
2015,"25010","economy","grdp","human health and social work activities","million KRW",235430
2015,"25010","economy","grdp","arts, sports and recreation; membership organizations and personal services","million KRW",150631
2015,"25020","economy","grdp","gross regional domestic product at market prices","million KRW",4305462
2015,"25020","economy","grdp","net taxes on products","million KRW",343850
2015,"25020","economy","grdp","total value added at basic prices","million KRW",3961612
2015,"25020","economy","grdp","agriculture, forestry and fishing","million KRW",2427
2015,"25020","economy","grdp","mining and quarrying","million KRW",0
2015,"25020","economy","grdp","manufacturing","million KRW",96090
2015,"25020","economy","grdp","electricity, gas, steam and air conditioning supply; water supply and waste management","million KRW",176271
2015,"25020","economy","grdp","construction","million KRW",101880
2015,"25020","economy","grdp","wholesale and retail trade","million KRW",411004
2015,"25020","economy","grdp","transportation and storage","million KRW",166216
2015,"25020","economy","grdp","accommodation and food service activities","million KRW",158155
2015,"25020","economy","grdp","information and communication","million KRW",127911
2015,"25020","economy","grdp","financial and insurance activities","million KRW",393958
2015,"25020","economy","grdp","real estate activities; rental and leasing activities","million KRW",499679
2015,"25020","economy","grdp","professional, scientific and technical activities; business support facilities","million KRW",421255
2015,"25020","economy","grdp","public administration and defence; compulsory social security","million KRW",145494
2015,"25020","economy","grdp","education","million KRW",481225
2015,"25020","economy","grdp","human health and social work activities","million KRW",563047
2015,"25020","economy","grdp","arts, sports and recreation; membership organizations and personal services","million KRW",217000
2015,"25030","economy","grdp","gross regional domestic product at market prices","million KRW",10677653
2015,"25030","economy","grdp","net taxes on products","million KRW",643240
2015,"25030","economy","grdp","total value added at basic prices","million KRW",10034413
2015,"25030","economy","grdp","agriculture, forestry and fishing","million KRW",9771
2015,"25030","economy","grdp","mining and quarrying","million KRW",255
2015,"25030","economy","grdp","manufacturing","million KRW",129292
2015,"25030","economy","grdp","electricity, gas, steam and air conditioning supply; water supply and waste management","million KRW",39072
2015,"25030","economy","grdp","construction","million KRW",283908
2015,"25030","economy","grdp","wholesale and retail trade","million KRW",912746
2015,"25030","economy","grdp","transportation and storage","million KRW",161092
2015,"25030","economy","grdp","accommodation and food service activities","million KRW",341027
2015,"25030","economy","grdp","information and communication","million KRW",641038
2015,"25030","economy","grdp","financial and insurance activities","million KRW",1290825
2015,"25030","economy","grdp","real estate activities; rental and leasing activities","million KRW",1160715
2015,"25030","economy","grdp","professional, scientific and technical activities; business support facilities","million KRW",1027399
2015,"25030","economy","grdp","public administration and defence; compulsory social security","million KRW",1896698
2015,"25030","economy","grdp","education","million KRW",917834
2015,"25030","economy","grdp","human health and social work activities","million KRW",815905
2015,"25030","economy","grdp","arts, sports and recreation; membership organizations and personal services","million KRW",406838
2015,"25040","economy","grdp","gross regional domestic product at market prices","million KRW",11457701
2015,"25040","economy","grdp","net taxes on products","million KRW",528815
2015,"25040","economy","grdp","total value added at basic prices","million KRW",10928886
2015,"25040","economy","grdp","agriculture, forestry and fishing","million KRW",10938
2015,"25040","economy","grdp","mining and quarrying","million KRW",1040
2015,"25040","economy","grdp","manufacturing","million KRW",1700686
2015,"25040","economy","grdp","electricity, gas, steam and air conditioning supply; water supply and waste management","million KRW",23464
2015,"25040","economy","grdp","construction","million KRW",628200
2015,"25040","economy","grdp","wholesale and retail trade","million KRW",496886
2015,"25040","economy","grdp","transportation and storage","million KRW",151958
2015,"25040","economy","grdp","accommodation and food service activities","million KRW",308809
2015,"25040","economy","grdp","information and communication","million KRW",315070
2015,"25040","economy","grdp","financial and insurance activities","million KRW",135796
2015,"25040","economy","grdp","real estate activities; rental and leasing activities","million KRW",724973
2015,"25040","economy","grdp","professional, scientific and technical activities; business support facilities","million KRW",4257942
2015,"25040","economy","grdp","public administration and defence; compulsory social security","million KRW",985331
2015,"25040","economy","grdp","education","million KRW",638353
2015,"25040","economy","grdp","human health and social work activities","million KRW",292936
2015,"25040","economy","grdp","arts, sports and recreation; membership organizations and personal services","million KRW",256505
2015,"25050","economy","grdp","gross regional domestic product at market prices","million KRW",7659692
2015,"25050","economy","grdp","net taxes on products","million KRW",705806
2015,"25050","economy","grdp","total value added at basic prices","million KRW",6953885
2015,"25050","economy","grdp","agriculture, forestry and fishing","million KRW",3620
2015,"25050","economy","grdp","mining and quarrying","million KRW",2579
2015,"25050","economy","grdp","manufacturing","million KRW",4425908
2015,"25050","economy","grdp","electricity, gas, steam and air conditioning supply; water supply and waste management","million KRW",39258
2015,"25050","economy","grdp","construction","million KRW",153527
2015,"25050","economy","grdp","wholesale and retail trade","million KRW",452595
2015,"25050","economy","grdp","transportation and storage","million KRW",174727
2015,"25050","economy","grdp","accommodation and food service activities","million KRW",83102
2015,"25050","economy","grdp","information and communication","million KRW",41459
2015,"25050","economy","grdp","financial and insurance activities","million KRW",62269
2015,"25050","economy","grdp","real estate activities; rental and leasing activities","million KRW",326002
2015,"25050","economy","grdp","professional, scientific and technical activities; business support facilities","million KRW",291147
2015,"25050","economy","grdp","public administration and defence; compulsory social security","million KRW",135787
2015,"25050","economy","grdp","education","million KRW",325654
2015,"25050","economy","grdp","human health and social work activities","million KRW",224004
2015,"25050","economy","grdp","arts, sports and recreation; membership organizations and personal services","million KRW",212247
2020,"25010","economy","grdp","gross regional domestic product at market prices","million KRW",3691248
2020,"25010","economy","grdp","net taxes on products","million KRW",234956
2020,"25010","economy","grdp","total value added at basic prices","million KRW",3456292
2020,"25010","economy","grdp","agriculture, forestry and fishing","million KRW",4132
2020,"25010","economy","grdp","mining and quarrying","million KRW",NA
2020,"25010","economy","grdp","manufacturing","million KRW",267024
2020,"25010","economy","grdp","electricity, gas, steam and air conditioning supply; water supply and waste management","million KRW",32262
2020,"25010","economy","grdp","construction","million KRW",280345
2020,"25010","economy","grdp","wholesale and retail trade","million KRW",379719
2020,"25010","economy","grdp","transportation and storage","million KRW",231925
2020,"25010","economy","grdp","accommodation and food service activities","million KRW",107663
2020,"25010","economy","grdp","information and communication","million KRW",49940
2020,"25010","economy","grdp","financial and insurance activities","million KRW",126567
2020,"25010","economy","grdp","real estate activities; rental and leasing activities","million KRW",499797
2020,"25010","economy","grdp","professional, scientific and technical activities; business support facilities","million KRW",316962
2020,"25010","economy","grdp","public administration and defence; compulsory social security","million KRW",287966
2020,"25010","economy","grdp","education","million KRW",377184
2020,"25010","economy","grdp","human health and social work activities","million KRW",345587
2020,"25010","economy","grdp","arts, sports and recreation; membership organizations and personal services","million KRW",149220
2020,"25020","economy","grdp","gross regional domestic product at market prices","million KRW",4928620
2020,"25020","economy","grdp","net taxes on products","million KRW",380400
2020,"25020","economy","grdp","total value added at basic prices","million KRW",4548220
2020,"25020","economy","grdp","agriculture, forestry and fishing","million KRW",1107
2020,"25020","economy","grdp","mining and quarrying","million KRW",1145
2020,"25020","economy","grdp","manufacturing","million KRW",120962
2020,"25020","economy","grdp","electricity, gas, steam and air conditioning supply; water supply and waste management","million KRW",242453
2020,"25020","economy","grdp","construction","million KRW",205813
2020,"25020","economy","grdp","wholesale and retail trade","million KRW",406200
2020,"25020","economy","grdp","transportation and storage","million KRW",156382
2020,"25020","economy","grdp","accommodation and food service activities","million KRW",142729
2020,"25020","economy","grdp","information and communication","million KRW",157310
2020,"25020","economy","grdp","financial and insurance activities","million KRW",372001
2020,"25020","economy","grdp","real estate activities; rental and leasing activities","million KRW",592260
2020,"25020","economy","grdp","professional, scientific and technical activities; business support facilities","million KRW",443874
2020,"25020","economy","grdp","public administration and defence; compulsory social security","million KRW",189413
2020,"25020","economy","grdp","education","million KRW",527880
2020,"25020","economy","grdp","human health and social work activities","million KRW",797883
2020,"25020","economy","grdp","arts, sports and recreation; membership organizations and personal services","million KRW",190808
2020,"25030","economy","grdp","gross regional domestic product at market prices","million KRW",12716392
2020,"25030","economy","grdp","net taxes on products","million KRW",872066
2020,"25030","economy","grdp","total value added at basic prices","million KRW",11844326
2020,"25030","economy","grdp","agriculture, forestry and fishing","million KRW",2533
2020,"25030","economy","grdp","mining and quarrying","million KRW",NA
2020,"25030","economy","grdp","manufacturing","million KRW",208952
2020,"25030","economy","grdp","electricity, gas, steam and air conditioning supply; water supply and waste management","million KRW",34258
2020,"25030","economy","grdp","construction","million KRW",395805
2020,"25030","economy","grdp","wholesale and retail trade","million KRW",886705
2020,"25030","economy","grdp","transportation and storage","million KRW",178937
2020,"25030","economy","grdp","accommodation and food service activities","million KRW",336399
2020,"25030","economy","grdp","information and communication","million KRW",643853
2020,"25030","economy","grdp","financial and insurance activities","million KRW",1408794
2020,"25030","economy","grdp","real estate activities; rental and leasing activities","million KRW",1358851
2020,"25030","economy","grdp","professional, scientific and technical activities; business support facilities","million KRW",1328248
2020,"25030","economy","grdp","public administration and defence; compulsory social security","million KRW",2582050
2020,"25030","economy","grdp","education","million KRW",1031382
2020,"25030","economy","grdp","human health and social work activities","million KRW",1057847
2020,"25030","economy","grdp","arts, sports and recreation; membership organizations and personal services","million KRW",389712
2020,"25040","economy","grdp","gross regional domestic product at market prices","million KRW",15343406
2020,"25040","economy","grdp","net taxes on products","million KRW",783162
2020,"25040","economy","grdp","total value added at basic prices","million KRW",14560243
2020,"25040","economy","grdp","agriculture, forestry and fishing","million KRW",24148
2020,"25040","economy","grdp","mining and quarrying","million KRW",854
2020,"25040","economy","grdp","manufacturing","million KRW",2256170
2020,"25040","economy","grdp","electricity, gas, steam and air conditioning supply; water supply and waste management","million KRW",110325
2020,"25040","economy","grdp","construction","million KRW",886634
2020,"25040","economy","grdp","wholesale and retail trade","million KRW",603653
2020,"25040","economy","grdp","transportation and storage","million KRW",159753
2020,"25040","economy","grdp","accommodation and food service activities","million KRW",367143
2020,"25040","economy","grdp","information and communication","million KRW",550703
2020,"25040","economy","grdp","financial and insurance activities","million KRW",252440
2020,"25040","economy","grdp","real estate activities; rental and leasing activities","million KRW",901934
2020,"25040","economy","grdp","professional, scientific and technical activities; business support facilities","million KRW",5740756
2020,"25040","economy","grdp","public administration and defence; compulsory social security","million KRW",1018943
2020,"25040","economy","grdp","education","million KRW",751389
2020,"25040","economy","grdp","human health and social work activities","million KRW",469747
2020,"25040","economy","grdp","arts, sports and recreation; membership organizations and personal services","million KRW",465652
2020,"25050","economy","grdp","gross regional domestic product at market prices","million KRW",7713470
2020,"25050","economy","grdp","net taxes on products","million KRW",767629
2020,"25050","economy","grdp","total value added at basic prices","million KRW",6945841
2020,"25050","economy","grdp","agriculture, forestry and fishing","million KRW",3290
2020,"25050","economy","grdp","mining and quarrying","million KRW",1486
2020,"25050","economy","grdp","manufacturing","million KRW",3846984
2020,"25050","economy","grdp","electricity, gas, steam and air conditioning supply; water supply and waste management","million KRW",21618
2020,"25050","economy","grdp","construction","million KRW",317873
2020,"25050","economy","grdp","wholesale and retail trade","million KRW",468566
2020,"25050","economy","grdp","transportation and storage","million KRW",176170
2020,"25050","economy","grdp","accommodation and food service activities","million KRW",80863
2020,"25050","economy","grdp","information and communication","million KRW",28502
2020,"25050","economy","grdp","financial and insurance activities","million KRW",92932
2020,"25050","economy","grdp","real estate activities; rental and leasing activities","million KRW",474572
2020,"25050","economy","grdp","professional, scientific and technical activities; business support facilities","million KRW",393005
2020,"25050","economy","grdp","public administration and defence; compulsory social security","million KRW",182565
2020,"25050","economy","grdp","education","million KRW",314365
2020,"25050","economy","grdp","human health and social work activities","million KRW",287116
2020,"25050","economy","grdp","arts, sports and recreation; membership organizations and personal services","million KRW",255934
2010,"00100","economy","grdp","gross regional domestic product at market prices","million KRW",25368342
2010,"00100","economy","grdp","net taxes on products","million KRW",2237565
2010,"00100","economy","grdp","total value added at basic prices","million KRW",23130777
2010,"00100","economy","grdp","agriculture, forestry and fishing","million KRW",11281
2010,"00100","economy","grdp","mining and quarrying","million KRW",3170
2010,"00100","economy","grdp","manufacturing","million KRW",692783
2010,"00100","economy","grdp","electricity, gas, steam and air conditioning supply; water supply and waste management","million KRW",48735
2010,"00100","economy","grdp","construction","million KRW",244055
2010,"00100","economy","grdp","wholesale and retail trade","million KRW",2750026
2010,"00100","economy","grdp","transportation and storage","million KRW",695730
2010,"00100","economy","grdp","accommodation and food service activities","million KRW",468340
2010,"00100","economy","grdp","information and communication","million KRW",2843384
2010,"00100","economy","grdp","financial and insurance activities","million KRW",5588686
2010,"00100","economy","grdp","real estate activities; rental and leasing activities","million KRW",1310871
2010,"00100","economy","grdp","professional, scientific and technical activities; business support facilities","million KRW",3346794
2010,"00100","economy","grdp","public administration and defence; compulsory social security","million KRW",3099111
2010,"00100","economy","grdp","education","million KRW",775676
2010,"00100","economy","grdp","human health and social work activities","million KRW",723608
2010,"00100","economy","grdp","arts, sports and recreation; membership organizations and personal services","million KRW",528528
2010,"00100","economy","grdp","gross regional domestic product at market prices","million KRW",50231606
2010,"00100","economy","grdp","net taxes on products","million KRW",4677699
2010,"00100","economy","grdp","total value added at basic prices","million KRW",45553907
2010,"00100","economy","grdp","agriculture, forestry and fishing","million KRW",9
2010,"00100","economy","grdp","manufacturing","million KRW",1018261
2010,"00100","economy","grdp","electricity, gas, steam and air conditioning supply; water supply and waste management","million KRW",60175
2010,"00100","economy","grdp","construction","million KRW",812088
2010,"00100","economy","grdp","wholesale and retail trade","million KRW",6126429
2010,"00100","economy","grdp","transportation and storage","million KRW",1496119
2010,"00100","economy","grdp","accommodation and food service activities","million KRW",924367
2010,"00100","economy","grdp","information and communication","million KRW",10078915
2010,"00100","economy","grdp","financial and insurance activities","million KRW",16762755
2010,"00100","economy","grdp","real estate activities; rental and leasing activities","million KRW",824884
2010,"00100","economy","grdp","professional, scientific and technical activities; business support facilities","million KRW",4321790
2010,"00100","economy","grdp","public administration and defence; compulsory social security","million KRW",1734407
2010,"00100","economy","grdp","education","million KRW",532899
2010,"00100","economy","grdp","human health and social work activities","million KRW",408498
2010,"00100","economy","grdp","arts, sports and recreation; membership organizations and personal services","million KRW",452312
2010,"00100","economy","grdp","gross regional domestic product at market prices","million KRW",9458938
2010,"00100","economy","grdp","net taxes on products","million KRW",729374
2010,"00100","economy","grdp","total value added at basic prices","million KRW",8729564
2010,"00100","economy","grdp","agriculture, forestry and fishing","million KRW",22662
2010,"00100","economy","grdp","mining and quarrying","million KRW",2302
2010,"00100","economy","grdp","manufacturing","million KRW",213869
2010,"00100","economy","grdp","electricity, gas, steam and air conditioning supply; water supply and waste management","million KRW",44660
2010,"00100","economy","grdp","construction","million KRW",399693
2010,"00100","economy","grdp","wholesale and retail trade","million KRW",1652323
2010,"00100","economy","grdp","transportation and storage","million KRW",258535
2010,"00100","economy","grdp","accommodation and food service activities","million KRW",330555
2010,"00100","economy","grdp","information and communication","million KRW",939836
2010,"00100","economy","grdp","financial and insurance activities","million KRW",250855
2010,"00100","economy","grdp","real estate activities; rental and leasing activities","million KRW",1173177
2010,"00100","economy","grdp","professional, scientific and technical activities; business support facilities","million KRW",1157620
2010,"00100","economy","grdp","public administration and defence; compulsory social security","million KRW",1481003
2010,"00100","economy","grdp","education","million KRW",279610
2010,"00100","economy","grdp","human health and social work activities","million KRW",185219
2010,"00100","economy","grdp","arts, sports and recreation; membership organizations and personal services","million KRW",337645
2010,"00100","economy","grdp","gross regional domestic product at market prices","million KRW",7594800
2010,"00100","economy","grdp","net taxes on products","million KRW",647156
2010,"00100","economy","grdp","total value added at basic prices","million KRW",6947644
2010,"00100","economy","grdp","agriculture, forestry and fishing","million KRW",406
2010,"00100","economy","grdp","manufacturing","million KRW",1514208
2010,"00100","economy","grdp","electricity, gas, steam and air conditioning supply; water supply and waste management","million KRW",51604
2010,"00100","economy","grdp","construction","million KRW",455936
2010,"00100","economy","grdp","wholesale and retail trade","million KRW",1324870
2010,"00100","economy","grdp","transportation and storage","million KRW",130974
2010,"00100","economy","grdp","accommodation and food service activities","million KRW",154870
2010,"00100","economy","grdp","information and communication","million KRW",136518
2010,"00100","economy","grdp","financial and insurance activities","million KRW",114434
2010,"00100","economy","grdp","real estate activities; rental and leasing activities","million KRW",765401
2010,"00100","economy","grdp","professional, scientific and technical activities; business support facilities","million KRW",994225
2010,"00100","economy","grdp","public administration and defence; compulsory social security","million KRW",181674
2010,"00100","economy","grdp","education","million KRW",626785
2010,"00100","economy","grdp","human health and social work activities","million KRW",216289
2010,"00100","economy","grdp","arts, sports and recreation; membership organizations and personal services","million KRW",279451
2010,"00100","economy","grdp","gross regional domestic product at market prices","million KRW",5470153
2010,"00100","economy","grdp","net taxes on products","million KRW",394746
2010,"00100","economy","grdp","total value added at basic prices","million KRW",5075407
2010,"00100","economy","grdp","agriculture, forestry and fishing","million KRW",93
2010,"00100","economy","grdp","manufacturing","million KRW",384831
2010,"00100","economy","grdp","electricity, gas, steam and air conditioning supply; water supply and waste management","million KRW",55904
2010,"00100","economy","grdp","construction","million KRW",149440
2010,"00100","economy","grdp","wholesale and retail trade","million KRW",656125
2010,"00100","economy","grdp","transportation and storage","million KRW",146566
2010,"00100","economy","grdp","accommodation and food service activities","million KRW",400382
2010,"00100","economy","grdp","information and communication","million KRW",316872
2010,"00100","economy","grdp","financial and insurance activities","million KRW",141734
2010,"00100","economy","grdp","real estate activities; rental and leasing activities","million KRW",749838
2010,"00100","economy","grdp","professional, scientific and technical activities; business support facilities","million KRW",714016
2010,"00100","economy","grdp","public administration and defence; compulsory social security","million KRW",167079
2010,"00100","economy","grdp","education","million KRW",566017
2010,"00100","economy","grdp","human health and social work activities","million KRW",335014
2010,"00100","economy","grdp","arts, sports and recreation; membership organizations and personal services","million KRW",291496
2010,"00100","economy","grdp","gross regional domestic product at market prices","million KRW",5883484
2010,"00100","economy","grdp","net taxes on products","million KRW",489860
2010,"00100","economy","grdp","total value added at basic prices","million KRW",5393625
2010,"00100","economy","grdp","agriculture, forestry and fishing","million KRW",201
2010,"00100","economy","grdp","manufacturing","million KRW",594602
2010,"00100","economy","grdp","electricity, gas, steam and air conditioning supply; water supply and waste management","million KRW",50766
2010,"00100","economy","grdp","construction","million KRW",316160
2010,"00100","economy","grdp","wholesale and retail trade","million KRW",941227
2010,"00100","economy","grdp","transportation and storage","million KRW",144417
2010,"00100","economy","grdp","accommodation and food service activities","million KRW",224272
2010,"00100","economy","grdp","information and communication","million KRW",51978
2010,"00100","economy","grdp","financial and insurance activities","million KRW",206852
2010,"00100","economy","grdp","real estate activities; rental and leasing activities","million KRW",703812
2010,"00100","economy","grdp","professional, scientific and technical activities; business support facilities","million KRW",521823
2010,"00100","economy","grdp","public administration and defence; compulsory social security","million KRW",223125
2010,"00100","economy","grdp","education","million KRW",687503
2010,"00100","economy","grdp","human health and social work activities","million KRW",430549
2010,"00100","economy","grdp","arts, sports and recreation; membership organizations and personal services","million KRW",296338
2010,"00100","economy","grdp","gross regional domestic product at market prices","million KRW",3558287
2010,"00100","economy","grdp","net taxes on products","million KRW",283890
2010,"00100","economy","grdp","total value added at basic prices","million KRW",3274397
2010,"00100","economy","grdp","agriculture, forestry and fishing","million KRW",2029
2010,"00100","economy","grdp","manufacturing","million KRW",233175
2010,"00100","economy","grdp","electricity, gas, steam and air conditioning supply; water supply and waste management","million KRW",49539
2010,"00100","economy","grdp","construction","million KRW",216262
2010,"00100","economy","grdp","wholesale and retail trade","million KRW",518991
2010,"00100","economy","grdp","transportation and storage","million KRW",193553
2010,"00100","economy","grdp","accommodation and food service activities","million KRW",151930
2010,"00100","economy","grdp","information and communication","million KRW",152457
2010,"00100","economy","grdp","financial and insurance activities","million KRW",77907
2010,"00100","economy","grdp","real estate activities; rental and leasing activities","million KRW",536250
2010,"00100","economy","grdp","professional, scientific and technical activities; business support facilities","million KRW",162755
2010,"00100","economy","grdp","public administration and defence; compulsory social security","million KRW",165883
2010,"00100","economy","grdp","education","million KRW",336812
2010,"00100","economy","grdp","human health and social work activities","million KRW",224991
2010,"00100","economy","grdp","arts, sports and recreation; membership organizations and personal services","million KRW",251863
2010,"00100","economy","grdp","gross regional domestic product at market prices","million KRW",4753282
2010,"00100","economy","grdp","net taxes on products","million KRW",308604
2010,"00100","economy","grdp","total value added at basic prices","million KRW",4444679
2010,"00100","economy","grdp","agriculture, forestry and fishing","million KRW",283
2010,"00100","economy","grdp","manufacturing","million KRW",165691
2010,"00100","economy","grdp","electricity, gas, steam and air conditioning supply; water supply and waste management","million KRW",62624
2010,"00100","economy","grdp","construction","million KRW",328579
2010,"00100","economy","grdp","wholesale and retail trade","million KRW",424695
2010,"00100","economy","grdp","transportation and storage","million KRW",103632
2010,"00100","economy","grdp","accommodation and food service activities","million KRW",195128
2010,"00100","economy","grdp","information and communication","million KRW",100426
2010,"00100","economy","grdp","financial and insurance activities","million KRW",110929
2010,"00100","economy","grdp","real estate activities; rental and leasing activities","million KRW",828521
2010,"00100","economy","grdp","professional, scientific and technical activities; business support facilities","million KRW",431959
2010,"00100","economy","grdp","public administration and defence; compulsory social security","million KRW",185542
2010,"00100","economy","grdp","education","million KRW",945421
2010,"00100","economy","grdp","human health and social work activities","million KRW",346734
2010,"00100","economy","grdp","arts, sports and recreation; membership organizations and personal services","million KRW",214514
2010,"00100","economy","grdp","gross regional domestic product at market prices","million KRW",3523524
2010,"00100","economy","grdp","net taxes on products","million KRW",240618
2010,"00100","economy","grdp","total value added at basic prices","million KRW",3282905
2010,"00100","economy","grdp","agriculture, forestry and fishing","million KRW",304
2010,"00100","economy","grdp","manufacturing","million KRW",104942
2010,"00100","economy","grdp","electricity, gas, steam and air conditioning supply; water supply and waste management","million KRW",41768
2010,"00100","economy","grdp","construction","million KRW",156017
2010,"00100","economy","grdp","wholesale and retail trade","million KRW",289118
2010,"00100","economy","grdp","transportation and storage","million KRW",108994
2010,"00100","economy","grdp","accommodation and food service activities","million KRW",151640
2010,"00100","economy","grdp","information and communication","million KRW",947276
2010,"00100","economy","grdp","financial and insurance activities","million KRW",162061
2010,"00100","economy","grdp","real estate activities; rental and leasing activities","million KRW",397961
2010,"00100","economy","grdp","professional, scientific and technical activities; business support facilities","million KRW",155364
2010,"00100","economy","grdp","public administration and defence; compulsory social security","million KRW",155439
2010,"00100","economy","grdp","education","million KRW",224943
2010,"00100","economy","grdp","human health and social work activities","million KRW",204247
2010,"00100","economy","grdp","arts, sports and recreation; membership organizations and personal services","million KRW",182834
2010,"00101","economy","grdp","gross regional domestic product at market prices","million KRW",2590667
2010,"00101","economy","grdp","net taxes on products","million KRW",198351
2010,"00101","economy","grdp","total value added at basic prices","million KRW",2392316
2010,"00101","economy","grdp","agriculture, forestry and fishing","million KRW",998
2010,"00101","economy","grdp","mining and quarrying","million KRW",604
2010,"00101","economy","grdp","manufacturing","million KRW",107104
2010,"00101","economy","grdp","electricity, gas, steam and air conditioning supply; water supply and waste management","million KRW",45759
2010,"00101","economy","grdp","construction","million KRW",102355
2010,"00101","economy","grdp","wholesale and retail trade","million KRW",276139
2010,"00101","economy","grdp","transportation and storage","million KRW",133295
2010,"00101","economy","grdp","accommodation and food service activities","million KRW",100897
2010,"00101","economy","grdp","information and communication","million KRW",7481
2010,"00101","economy","grdp","financial and insurance activities","million KRW",48874
2010,"00101","economy","grdp","real estate activities; rental and leasing activities","million KRW",599919
2010,"00101","economy","grdp","professional, scientific and technical activities; business support facilities","million KRW",126184
2010,"00101","economy","grdp","public administration and defence; compulsory social security","million KRW",185276
2010,"00101","economy","grdp","education","million KRW",299020
2010,"00101","economy","grdp","human health and social work activities","million KRW",189622
2010,"00101","economy","grdp","arts, sports and recreation; membership organizations and personal services","million KRW",168788
2010,"00101","economy","grdp","gross regional domestic product at market prices","million KRW",4968064
2010,"00101","economy","grdp","net taxes on products","million KRW",310683
2010,"00101","economy","grdp","total value added at basic prices","million KRW",4657381
2010,"00101","economy","grdp","agriculture, forestry and fishing","million KRW",1342
2010,"00101","economy","grdp","manufacturing","million KRW",149201
2010,"00101","economy","grdp","electricity, gas, steam and air conditioning supply; water supply and waste management","million KRW",75908
2010,"00101","economy","grdp","construction","million KRW",103653
2010,"00101","economy","grdp","wholesale and retail trade","million KRW",365991
2010,"00101","economy","grdp","transportation and storage","million KRW",225430
2010,"00101","economy","grdp","accommodation and food service activities","million KRW",204601
2010,"00101","economy","grdp","information and communication","million KRW",68598
2010,"00101","economy","grdp","financial and insurance activities","million KRW",187514
2010,"00101","economy","grdp","real estate activities; rental and leasing activities","million KRW",1141026
2010,"00101","economy","grdp","professional, scientific and technical activities; business support facilities","million KRW",210060
2010,"00101","economy","grdp","public administration and defence; compulsory social security","million KRW",185061
2010,"00101","economy","grdp","education","million KRW",1014261
2010,"00101","economy","grdp","human health and social work activities","million KRW",521330
2010,"00101","economy","grdp","arts, sports and recreation; membership organizations and personal services","million KRW",203404
2010,"00101","economy","grdp","gross regional domestic product at market prices","million KRW",3522078
2010,"00101","economy","grdp","net taxes on products","million KRW",261171
2010,"00101","economy","grdp","total value added at basic prices","million KRW",3260907
2010,"00101","economy","grdp","agriculture, forestry and fishing","million KRW",2596
2010,"00101","economy","grdp","manufacturing","million KRW",76183
2010,"00101","economy","grdp","electricity, gas, steam and air conditioning supply; water supply and waste management","million KRW",56861
2010,"00101","economy","grdp","construction","million KRW",413593
2010,"00101","economy","grdp","wholesale and retail trade","million KRW",308000
2010,"00101","economy","grdp","transportation and storage","million KRW",125100
2010,"00101","economy","grdp","accommodation and food service activities","million KRW",157567
2010,"00101","economy","grdp","information and communication","million KRW",35332
2010,"00101","economy","grdp","financial and insurance activities","million KRW",112564
2010,"00101","economy","grdp","real estate activities; rental and leasing activities","million KRW",613839
2010,"00101","economy","grdp","professional, scientific and technical activities; business support facilities","million KRW",176315
2010,"00101","economy","grdp","public administration and defence; compulsory social security","million KRW",360673
2010,"00101","economy","grdp","education","million KRW",371725
2010,"00101","economy","grdp","human health and social work activities","million KRW",292540
2010,"00101","economy","grdp","arts, sports and recreation; membership organizations and personal services","million KRW",158019
2010,"00101","economy","grdp","gross regional domestic product at market prices","million KRW",5792314
2010,"00101","economy","grdp","net taxes on products","million KRW",406760
2010,"00101","economy","grdp","total value added at basic prices","million KRW",5385554
2010,"00101","economy","grdp","agriculture, forestry and fishing","million KRW",111545
2010,"00101","economy","grdp","manufacturing","million KRW",56930
2010,"00101","economy","grdp","electricity, gas, steam and air conditioning supply; water supply and waste management","million KRW",48452
2010,"00101","economy","grdp","construction","million KRW",195953
2010,"00101","economy","grdp","wholesale and retail trade","million KRW",572812
2010,"00101","economy","grdp","transportation and storage","million KRW",81915
2010,"00101","economy","grdp","accommodation and food service activities","million KRW",250487
2010,"00101","economy","grdp","information and communication","million KRW",328359
2010,"00101","economy","grdp","financial and insurance activities","million KRW",528634
2010,"00101","economy","grdp","real estate activities; rental and leasing activities","million KRW",617503
2010,"00101","economy","grdp","professional, scientific and technical activities; business support facilities","million KRW",428038
2010,"00101","economy","grdp","public administration and defence; compulsory social security","million KRW",477303
2010,"00101","economy","grdp","education","million KRW",1008912
2010,"00101","economy","grdp","human health and social work activities","million KRW",537517
2010,"00101","economy","grdp","arts, sports and recreation; membership organizations and personal services","million KRW",141196
2010,"00101","economy","grdp","gross regional domestic product at market prices","million KRW",12104724
2010,"00101","economy","grdp","net taxes on products","million KRW",925372
2010,"00101","economy","grdp","total value added at basic prices","million KRW",11179352
2010,"00101","economy","grdp","agriculture, forestry and fishing","million KRW",2134
2010,"00101","economy","grdp","mining and quarrying","million KRW",903
2010,"00101","economy","grdp","manufacturing","million KRW",463924
2010,"00101","economy","grdp","electricity, gas, steam and air conditioning supply; water supply and waste management","million KRW",60309
2010,"00101","economy","grdp","construction","million KRW",584817
2010,"00101","economy","grdp","wholesale and retail trade","million KRW",1689878
2010,"00101","economy","grdp","transportation and storage","million KRW",605876
2010,"00101","economy","grdp","accommodation and food service activities","million KRW",358400
2010,"00101","economy","grdp","information and communication","million KRW",1749514
2010,"00101","economy","grdp","financial and insurance activities","million KRW",474738
2010,"00101","economy","grdp","real estate activities; rental and leasing activities","million KRW",1038294
2010,"00101","economy","grdp","professional, scientific and technical activities; business support facilities","million KRW",2513730
2010,"00101","economy","grdp","public administration and defence; compulsory social security","million KRW",234565
2010,"00101","economy","grdp","education","million KRW",699096
2010,"00101","economy","grdp","human health and social work activities","million KRW",260480
2010,"00101","economy","grdp","arts, sports and recreation; membership organizations and personal services","million KRW",442694
2010,"00101","economy","grdp","gross regional domestic product at market prices","million KRW",5789373
2010,"00101","economy","grdp","net taxes on products","million KRW",386083
2010,"00101","economy","grdp","total value added at basic prices","million KRW",5403290
2010,"00101","economy","grdp","agriculture, forestry and fishing","million KRW",679
2010,"00101","economy","grdp","manufacturing","million KRW",172934
2010,"00101","economy","grdp","electricity, gas, steam and air conditioning supply; water supply and waste management","million KRW",77167
2010,"00101","economy","grdp","construction","million KRW",150458
2010,"00101","economy","grdp","wholesale and retail trade","million KRW",561490
2010,"00101","economy","grdp","transportation and storage","million KRW",243939
2010,"00101","economy","grdp","accommodation and food service activities","million KRW",179030
2010,"00101","economy","grdp","information and communication","million KRW",780416
2010,"00101","economy","grdp","financial and insurance activities","million KRW",239158
2010,"00101","economy","grdp","real estate activities; rental and leasing activities","million KRW",1131939
2010,"00101","economy","grdp","professional, scientific and technical activities; business support facilities","million KRW",371365
2010,"00101","economy","grdp","public administration and defence; compulsory social security","million KRW",365385
2010,"00101","economy","grdp","education","million KRW",558011
2010,"00101","economy","grdp","human health and social work activities","million KRW",349368
2010,"00101","economy","grdp","arts, sports and recreation; membership organizations and personal services","million KRW",221948
2010,"00101","economy","grdp","gross regional domestic product at market prices","million KRW",7553259
2010,"00101","economy","grdp","net taxes on products","million KRW",566196
2010,"00101","economy","grdp","total value added at basic prices","million KRW",6987063
2010,"00101","economy","grdp","agriculture, forestry and fishing","million KRW",12459
2010,"00101","economy","grdp","mining and quarrying","million KRW",1136
2010,"00101","economy","grdp","manufacturing","million KRW",329878
2010,"00101","economy","grdp","electricity, gas, steam and air conditioning supply; water supply and waste management","million KRW",63695
2010,"00101","economy","grdp","construction","million KRW",334527
2010,"00101","economy","grdp","wholesale and retail trade","million KRW",1226022
2010,"00101","economy","grdp","transportation and storage","million KRW",913426
2010,"00101","economy","grdp","accommodation and food service activities","million KRW",298985
2010,"00101","economy","grdp","information and communication","million KRW",267712
2010,"00101","economy","grdp","financial and insurance activities","million KRW",163472
2010,"00101","economy","grdp","real estate activities; rental and leasing activities","million KRW",1104068
2010,"00101","economy","grdp","professional, scientific and technical activities; business support facilities","million KRW",745132
2010,"00101","economy","grdp","public administration and defence; compulsory social security","million KRW",224728
2010,"00101","economy","grdp","education","million KRW",581948
2010,"00101","economy","grdp","human health and social work activities","million KRW",386196
2010,"00101","economy","grdp","arts, sports and recreation; membership organizations and personal services","million KRW",333679
2010,"00101","economy","grdp","gross regional domestic product at market prices","million KRW",10940921
2010,"00101","economy","grdp","net taxes on products","million KRW",901391
2010,"00101","economy","grdp","total value added at basic prices","million KRW",10039530
2010,"00101","economy","grdp","agriculture, forestry and fishing","million KRW",2417
2010,"00101","economy","grdp","manufacturing","million KRW",1349432
2010,"00101","economy","grdp","electricity, gas, steam and air conditioning supply; water supply and waste management","million KRW",59091
2010,"00101","economy","grdp","construction","million KRW",394257
2010,"00101","economy","grdp","wholesale and retail trade","million KRW",1495811
2010,"00101","economy","grdp","transportation and storage","million KRW",191320
2010,"00101","economy","grdp","accommodation and food service activities","million KRW",228668
2010,"00101","economy","grdp","information and communication","million KRW",2375932
2010,"00101","economy","grdp","financial and insurance activities","million KRW",271195
2010,"00101","economy","grdp","real estate activities; rental and leasing activities","million KRW",784788
2010,"00101","economy","grdp","professional, scientific and technical activities; business support facilities","million KRW",1671372
2010,"00101","economy","grdp","public administration and defence; compulsory social security","million KRW",215660
2010,"00101","economy","grdp","education","million KRW",433303
2010,"00101","economy","grdp","human health and social work activities","million KRW",332501
2010,"00101","economy","grdp","arts, sports and recreation; membership organizations and personal services","million KRW",233783
2010,"00101","economy","grdp","gross regional domestic product at market prices","million KRW",12415829
2010,"00101","economy","grdp","net taxes on products","million KRW",967746
2010,"00101","economy","grdp","total value added at basic prices","million KRW",11448082
2010,"00101","economy","grdp","agriculture, forestry and fishing","million KRW",267
2010,"00101","economy","grdp","manufacturing","million KRW",2912157
2010,"00101","economy","grdp","electricity, gas, steam and air conditioning supply; water supply and waste management","million KRW",38889
2010,"00101","economy","grdp","construction","million KRW",256752
2010,"00101","economy","grdp","wholesale and retail trade","million KRW",1527746
2010,"00101","economy","grdp","transportation and storage","million KRW",231213
2010,"00101","economy","grdp","accommodation and food service activities","million KRW",154218
2010,"00101","economy","grdp","information and communication","million KRW",2048527
2010,"00101","economy","grdp","financial and insurance activities","million KRW",107667
2010,"00101","economy","grdp","real estate activities; rental and leasing activities","million KRW",599892
2010,"00101","economy","grdp","professional, scientific and technical activities; business support facilities","million KRW",2919841
2010,"00101","economy","grdp","public administration and defence; compulsory social security","million KRW",127758
2010,"00101","economy","grdp","education","million KRW",214970
2010,"00101","economy","grdp","human health and social work activities","million KRW",136167
2010,"00101","economy","grdp","arts, sports and recreation; membership organizations and personal services","million KRW",172017
2010,"00101","economy","grdp","gross regional domestic product at market prices","million KRW",25966200
2010,"00101","economy","grdp","net taxes on products","million KRW",2758540
2010,"00101","economy","grdp","total value added at basic prices","million KRW",23207660
2010,"00101","economy","grdp","agriculture, forestry and fishing","million KRW",2096
2010,"00101","economy","grdp","mining and quarrying","million KRW",1
2010,"00101","economy","grdp","manufacturing","million KRW",890788
2010,"00101","economy","grdp","electricity, gas, steam and air conditioning supply; water supply and waste management","million KRW",69079
2010,"00101","economy","grdp","construction","million KRW",561453
2010,"00101","economy","grdp","wholesale and retail trade","million KRW",3895678
2010,"00101","economy","grdp","transportation and storage","million KRW",722341
2010,"00101","economy","grdp","accommodation and food service activities","million KRW",506754
2010,"00101","economy","grdp","information and communication","million KRW",2511173
2010,"00101","economy","grdp","financial and insurance activities","million KRW",6166280
2010,"00101","economy","grdp","real estate activities; rental and leasing activities","million KRW",1534005
2010,"00101","economy","grdp","professional, scientific and technical activities; business support facilities","million KRW",3978425
2010,"00101","economy","grdp","public administration and defence; compulsory social security","million KRW",677699
2010,"00101","economy","grdp","education","million KRW",434208
2010,"00101","economy","grdp","human health and social work activities","million KRW",465431
2010,"00101","economy","grdp","arts, sports and recreation; membership organizations and personal services","million KRW",792248
2010,"00102","economy","grdp","gross regional domestic product at market prices","million KRW",5761951
2010,"00102","economy","grdp","net taxes on products","million KRW",397867
2010,"00102","economy","grdp","total value added at basic prices","million KRW",5364085
2010,"00102","economy","grdp","agriculture, forestry and fishing","million KRW",160
2010,"00102","economy","grdp","mining and quarrying","million KRW",87150
2010,"00102","economy","grdp","manufacturing","million KRW",63082
2010,"00102","economy","grdp","electricity, gas, steam and air conditioning supply; water supply and waste management","million KRW",52209
2010,"00102","economy","grdp","construction","million KRW",286759
2010,"00102","economy","grdp","wholesale and retail trade","million KRW",625448
2010,"00102","economy","grdp","transportation and storage","million KRW",57766
2010,"00102","economy","grdp","accommodation and food service activities","million KRW",185809
2010,"00102","economy","grdp","information and communication","million KRW",634935
2010,"00102","economy","grdp","financial and insurance activities","million KRW",145806
2010,"00102","economy","grdp","real estate activities; rental and leasing activities","million KRW",877262
2010,"00102","economy","grdp","professional, scientific and technical activities; business support facilities","million KRW",852075
2010,"00102","economy","grdp","public administration and defence; compulsory social security","million KRW",235395
2010,"00102","economy","grdp","education","million KRW",732579
2010,"00102","economy","grdp","human health and social work activities","million KRW",348007
2010,"00102","economy","grdp","arts, sports and recreation; membership organizations and personal services","million KRW",179643
2010,"00102","economy","grdp","gross regional domestic product at market prices","million KRW",4832579
2010,"00102","economy","grdp","net taxes on products","million KRW",328938
2010,"00102","economy","grdp","total value added at basic prices","million KRW",4503640
2010,"00102","economy","grdp","agriculture, forestry and fishing","million KRW",464
2010,"00102","economy","grdp","manufacturing","million KRW",154096
2010,"00102","economy","grdp","electricity, gas, steam and air conditioning supply; water supply and waste management","million KRW",68267
2010,"00102","economy","grdp","construction","million KRW",190389
2010,"00102","economy","grdp","wholesale and retail trade","million KRW",418989
2010,"00102","economy","grdp","transportation and storage","million KRW",89857
2010,"00102","economy","grdp","accommodation and food service activities","million KRW",278165
2010,"00102","economy","grdp","information and communication","million KRW",397510
2010,"00102","economy","grdp","financial and insurance activities","million KRW",123274
2010,"00102","economy","grdp","real estate activities; rental and leasing activities","million KRW",804259
2010,"00102","economy","grdp","professional, scientific and technical activities; business support facilities","million KRW",441834
2010,"00102","economy","grdp","public administration and defence; compulsory social security","million KRW",184108
2010,"00102","economy","grdp","education","million KRW",857427
2010,"00102","economy","grdp","human health and social work activities","million KRW",241421
2010,"00102","economy","grdp","arts, sports and recreation; membership organizations and personal services","million KRW",253582
2010,"00102","economy","grdp","gross regional domestic product at market prices","million KRW",24520928
2010,"00102","economy","grdp","net taxes on products","million KRW",1953653
2010,"00102","economy","grdp","total value added at basic prices","million KRW",22567274
2010,"00102","economy","grdp","agriculture, forestry and fishing","million KRW",214515
2010,"00102","economy","grdp","mining and quarrying","million KRW",10286
2010,"00102","economy","grdp","manufacturing","million KRW",807842
2010,"00102","economy","grdp","electricity, gas, steam and air conditioning supply; water supply and waste management","million KRW",85819
2010,"00102","economy","grdp","construction","million KRW",433501
2010,"00102","economy","grdp","wholesale and retail trade","million KRW",4594869
2010,"00102","economy","grdp","transportation and storage","million KRW",680089
2010,"00102","economy","grdp","accommodation and food service activities","million KRW",679312
2010,"00102","economy","grdp","information and communication","million KRW",1894490
2010,"00102","economy","grdp","financial and insurance activities","million KRW",1003687
2010,"00102","economy","grdp","real estate activities; rental and leasing activities","million KRW",2806543
2010,"00102","economy","grdp","professional, scientific and technical activities; business support facilities","million KRW",5852493
2010,"00102","economy","grdp","public administration and defence; compulsory social security","million KRW",1250634
2010,"00102","economy","grdp","education","million KRW",810391
2010,"00102","economy","grdp","human health and social work activities","million KRW",780944
2010,"00102","economy","grdp","arts, sports and recreation; membership organizations and personal services","million KRW",661860
2010,"00102","economy","grdp","gross regional domestic product at market prices","million KRW",46732957
2010,"00102","economy","grdp","net taxes on products","million KRW",4249369
2010,"00102","economy","grdp","total value added at basic prices","million KRW",42483588
2010,"00102","economy","grdp","agriculture, forestry and fishing","million KRW",33624
2010,"00102","economy","grdp","mining and quarrying","million KRW",10001
2010,"00102","economy","grdp","manufacturing","million KRW",1292898
2010,"00102","economy","grdp","electricity, gas, steam and air conditioning supply; water supply and waste management","million KRW",150583
2010,"00102","economy","grdp","construction","million KRW",671811
2010,"00102","economy","grdp","wholesale and retail trade","million KRW",11079601
2010,"00102","economy","grdp","transportation and storage","million KRW",372881
2010,"00102","economy","grdp","accommodation and food service activities","million KRW",1319580
2010,"00102","economy","grdp","information and communication","million KRW",4177603
2010,"00102","economy","grdp","financial and insurance activities","million KRW",2243900
2010,"00102","economy","grdp","real estate activities; rental and leasing activities","million KRW",6718169
2010,"00102","economy","grdp","professional, scientific and technical activities; business support facilities","million KRW",9760156
2010,"00102","economy","grdp","public administration and defence; compulsory social security","million KRW",440690
2010,"00102","economy","grdp","education","million KRW",1271613
2010,"00102","economy","grdp","human health and social work activities","million KRW",1670441
2010,"00102","economy","grdp","arts, sports and recreation; membership organizations and personal services","million KRW",1270035
2010,"00102","economy","grdp","gross regional domestic product at market prices","million KRW",17589054
2010,"00102","economy","grdp","net taxes on products","million KRW",1570314
2010,"00102","economy","grdp","total value added at basic prices","million KRW",16018740
2010,"00102","economy","grdp","agriculture, forestry and fishing","million KRW",68265
2010,"00102","economy","grdp","manufacturing","million KRW",1035142
2010,"00102","economy","grdp","electricity, gas, steam and air conditioning supply; water supply and waste management","million KRW",87816
2010,"00102","economy","grdp","construction","million KRW",334422
2010,"00102","economy","grdp","wholesale and retail trade","million KRW",3692158
2010,"00102","economy","grdp","transportation and storage","million KRW",251637
2010,"00102","economy","grdp","accommodation and food service activities","million KRW",464128
2010,"00102","economy","grdp","information and communication","million KRW",666197
2010,"00102","economy","grdp","financial and insurance activities","million KRW",619712
2010,"00102","economy","grdp","real estate activities; rental and leasing activities","million KRW",2676130
2010,"00102","economy","grdp","professional, scientific and technical activities; business support facilities","million KRW",2708699
2010,"00102","economy","grdp","public administration and defence; compulsory social security","million KRW",301137
2010,"00102","economy","grdp","education","million KRW",746575
2010,"00102","economy","grdp","human health and social work activities","million KRW",941665
2010,"00102","economy","grdp","arts, sports and recreation; membership organizations and personal services","million KRW",1425058
2010,"00102","economy","grdp","gross regional domestic product at market prices","million KRW",6357720
2010,"00102","economy","grdp","net taxes on products","million KRW",531097
2010,"00102","economy","grdp","total value added at basic prices","million KRW",5826622
2010,"00102","economy","grdp","agriculture, forestry and fishing","million KRW",4869
2010,"00102","economy","grdp","mining and quarrying","million KRW",5119
2010,"00102","economy","grdp","manufacturing","million KRW",181929
2010,"00102","economy","grdp","electricity, gas, steam and air conditioning supply; water supply and waste management","million KRW",63496
2010,"00102","economy","grdp","construction","million KRW",380850
2010,"00102","economy","grdp","wholesale and retail trade","million KRW",1232435
2010,"00102","economy","grdp","transportation and storage","million KRW",151532
2010,"00102","economy","grdp","accommodation and food service activities","million KRW",228304
2010,"00102","economy","grdp","information and communication","million KRW",386538
2010,"00102","economy","grdp","financial and insurance activities","million KRW",221452
2010,"00102","economy","grdp","real estate activities; rental and leasing activities","million KRW",1072568
2010,"00102","economy","grdp","professional, scientific and technical activities; business support facilities","million KRW",485572
2010,"00102","economy","grdp","public administration and defence; compulsory social security","million KRW",157503
2010,"00102","economy","grdp","education","million KRW",418793
2010,"00102","economy","grdp","human health and social work activities","million KRW",556329
2010,"00102","economy","grdp","arts, sports and recreation; membership organizations and personal services","million KRW",279333
2015,"00100","economy","grdp","gross regional domestic product at market prices","million KRW",29331069
2015,"00100","economy","grdp","net taxes on products","million KRW",2591790
2015,"00100","economy","grdp","total value added at basic prices","million KRW",26739280
2015,"00100","economy","grdp","agriculture, forestry and fishing","million KRW",9035
2015,"00100","economy","grdp","mining and quarrying","million KRW",811
2015,"00100","economy","grdp","manufacturing","million KRW",214522
2015,"00100","economy","grdp","electricity, gas, steam and air conditioning supply; water supply and waste management","million KRW",57542
2015,"00100","economy","grdp","construction","million KRW",399972
2015,"00100","economy","grdp","wholesale and retail trade","million KRW",2696270
2015,"00100","economy","grdp","transportation and storage","million KRW",634800
2015,"00100","economy","grdp","accommodation and food service activities","million KRW",575792
2015,"00100","economy","grdp","information and communication","million KRW",2838454
2015,"00100","economy","grdp","financial and insurance activities","million KRW",6838986
2015,"00100","economy","grdp","real estate activities; rental and leasing activities","million KRW",2229629
2015,"00100","economy","grdp","professional, scientific and technical activities; business support facilities","million KRW",3371763
2015,"00100","economy","grdp","public administration and defence; compulsory social security","million KRW",4553886
2015,"00100","economy","grdp","education","million KRW",796466
2015,"00100","economy","grdp","human health and social work activities","million KRW",899873
2015,"00100","economy","grdp","arts, sports and recreation; membership organizations and personal services","million KRW",621479
2015,"00100","economy","grdp","gross regional domestic product at market prices","million KRW",49949249
2015,"00100","economy","grdp","net taxes on products","million KRW",4781771
2015,"00100","economy","grdp","total value added at basic prices","million KRW",45167477
2015,"00100","economy","grdp","agriculture, forestry and fishing","million KRW",19
2015,"00100","economy","grdp","mining and quarrying","million KRW",480
2015,"00100","economy","grdp","manufacturing","million KRW",664678
2015,"00100","economy","grdp","electricity, gas, steam and air conditioning supply; water supply and waste management","million KRW",74527
2015,"00100","economy","grdp","construction","million KRW",525314
2015,"00100","economy","grdp","wholesale and retail trade","million KRW",6721220
2015,"00100","economy","grdp","transportation and storage","million KRW",1807739
2015,"00100","economy","grdp","accommodation and food service activities","million KRW",1111809
2015,"00100","economy","grdp","information and communication","million KRW",6398116
2015,"00100","economy","grdp","financial and insurance activities","million KRW",17585362
2015,"00100","economy","grdp","real estate activities; rental and leasing activities","million KRW",1178218
2015,"00100","economy","grdp","professional, scientific and technical activities; business support facilities","million KRW",5079353
2015,"00100","economy","grdp","public administration and defence; compulsory social security","million KRW",2191163
2015,"00100","economy","grdp","education","million KRW",674909
2015,"00100","economy","grdp","human health and social work activities","million KRW",555751
2015,"00100","economy","grdp","arts, sports and recreation; membership organizations and personal services","million KRW",598820
2015,"00100","economy","grdp","gross regional domestic product at market prices","million KRW",10023473
2015,"00100","economy","grdp","net taxes on products","million KRW",753920
2015,"00100","economy","grdp","total value added at basic prices","million KRW",9269553
2015,"00100","economy","grdp","agriculture, forestry and fishing","million KRW",11335
2015,"00100","economy","grdp","manufacturing","million KRW",134846
2015,"00100","economy","grdp","electricity, gas, steam and air conditioning supply; water supply and waste management","million KRW",49327
2015,"00100","economy","grdp","construction","million KRW",419151
2015,"00100","economy","grdp","wholesale and retail trade","million KRW",1628581
2015,"00100","economy","grdp","transportation and storage","million KRW",352529
2015,"00100","economy","grdp","accommodation and food service activities","million KRW",422680
2015,"00100","economy","grdp","information and communication","million KRW",567493
2015,"00100","economy","grdp","financial and insurance activities","million KRW",390257
2015,"00100","economy","grdp","real estate activities; rental and leasing activities","million KRW",1325706
2015,"00100","economy","grdp","professional, scientific and technical activities; business support facilities","million KRW",1281792
2015,"00100","economy","grdp","public administration and defence; compulsory social security","million KRW",1713624
2015,"00100","economy","grdp","education","million KRW",351998
2015,"00100","economy","grdp","human health and social work activities","million KRW",239529
2015,"00100","economy","grdp","arts, sports and recreation; membership organizations and personal services","million KRW",380706
2015,"00100","economy","grdp","gross regional domestic product at market prices","million KRW",10231864
2015,"00100","economy","grdp","net taxes on products","million KRW",820254
2015,"00100","economy","grdp","total value added at basic prices","million KRW",9411610
2015,"00100","economy","grdp","agriculture, forestry and fishing","million KRW",403
2015,"00100","economy","grdp","manufacturing","million KRW",2153150
2015,"00100","economy","grdp","electricity, gas, steam and air conditioning supply; water supply and waste management","million KRW",60090
2015,"00100","economy","grdp","construction","million KRW",544764
2015,"00100","economy","grdp","wholesale and retail trade","million KRW",1667221
2015,"00100","economy","grdp","transportation and storage","million KRW",222317
2015,"00100","economy","grdp","accommodation and food service activities","million KRW",190504
2015,"00100","economy","grdp","information and communication","million KRW",641008
2015,"00100","economy","grdp","financial and insurance activities","million KRW",130833
2015,"00100","economy","grdp","real estate activities; rental and leasing activities","million KRW",951579
2015,"00100","economy","grdp","professional, scientific and technical activities; business support facilities","million KRW",1347421
2015,"00100","economy","grdp","public administration and defence; compulsory social security","million KRW",173559
2015,"00100","economy","grdp","education","million KRW",680190
2015,"00100","economy","grdp","human health and social work activities","million KRW",277008
2015,"00100","economy","grdp","arts, sports and recreation; membership organizations and personal services","million KRW",371563
2015,"00100","economy","grdp","gross regional domestic product at market prices","million KRW",5696485
2015,"00100","economy","grdp","net taxes on products","million KRW",397663
2015,"00100","economy","grdp","total value added at basic prices","million KRW",5298822
2015,"00100","economy","grdp","agriculture, forestry and fishing","million KRW",108
2015,"00100","economy","grdp","manufacturing","million KRW",357576
2015,"00100","economy","grdp","electricity, gas, steam and air conditioning supply; water supply and waste management","million KRW",59613
2015,"00100","economy","grdp","construction","million KRW",172254
2015,"00100","economy","grdp","wholesale and retail trade","million KRW",743161
2015,"00100","economy","grdp","transportation and storage","million KRW",196308
2015,"00100","economy","grdp","accommodation and food service activities","million KRW",420771
2015,"00100","economy","grdp","information and communication","million KRW",186069
2015,"00100","economy","grdp","financial and insurance activities","million KRW",140164
2015,"00100","economy","grdp","real estate activities; rental and leasing activities","million KRW",862783
2015,"00100","economy","grdp","professional, scientific and technical activities; business support facilities","million KRW",676030
2015,"00100","economy","grdp","public administration and defence; compulsory social security","million KRW",160594
2015,"00100","economy","grdp","education","million KRW",609295
2015,"00100","economy","grdp","human health and social work activities","million KRW",406856
2015,"00100","economy","grdp","arts, sports and recreation; membership organizations and personal services","million KRW",307241
2015,"00100","economy","grdp","gross regional domestic product at market prices","million KRW",6589147
2015,"00100","economy","grdp","net taxes on products","million KRW",501078
2015,"00100","economy","grdp","total value added at basic prices","million KRW",6088070
2015,"00100","economy","grdp","agriculture, forestry and fishing","million KRW",136
2015,"00100","economy","grdp","mining and quarrying","million KRW",824
2015,"00100","economy","grdp","manufacturing","million KRW",494438
2015,"00100","economy","grdp","electricity, gas, steam and air conditioning supply; water supply and waste management","million KRW",54365
2015,"00100","economy","grdp","construction","million KRW",287477
2015,"00100","economy","grdp","wholesale and retail trade","million KRW",1152462
2015,"00100","economy","grdp","transportation and storage","million KRW",169827
2015,"00100","economy","grdp","accommodation and food service activities","million KRW",244144
2015,"00100","economy","grdp","information and communication","million KRW",88890
2015,"00100","economy","grdp","financial and insurance activities","million KRW",213712
2015,"00100","economy","grdp","real estate activities; rental and leasing activities","million KRW",847623
2015,"00100","economy","grdp","professional, scientific and technical activities; business support facilities","million KRW",628252
2015,"00100","economy","grdp","public administration and defence; compulsory social security","million KRW",162986
2015,"00100","economy","grdp","education","million KRW",868680
2015,"00100","economy","grdp","human health and social work activities","million KRW",555040
2015,"00100","economy","grdp","arts, sports and recreation; membership organizations and personal services","million KRW",319212
2015,"00100","economy","grdp","gross regional domestic product at market prices","million KRW",3856334
2015,"00100","economy","grdp","net taxes on products","million KRW",291344
2015,"00100","economy","grdp","total value added at basic prices","million KRW",3564990
2015,"00100","economy","grdp","agriculture, forestry and fishing","million KRW",1735
2015,"00100","economy","grdp","mining and quarrying","million KRW",126
2015,"00100","economy","grdp","manufacturing","million KRW",193249
2015,"00100","economy","grdp","electricity, gas, steam and air conditioning supply; water supply and waste management","million KRW",50541
2015,"00100","economy","grdp","construction","million KRW",175337
2015,"00100","economy","grdp","wholesale and retail trade","million KRW",621323
2015,"00100","economy","grdp","transportation and storage","million KRW",275163
2015,"00100","economy","grdp","accommodation and food service activities","million KRW",156795
2015,"00100","economy","grdp","information and communication","million KRW",75272
2015,"00100","economy","grdp","financial and insurance activities","million KRW",83718
2015,"00100","economy","grdp","real estate activities; rental and leasing activities","million KRW",674171
2015,"00100","economy","grdp","professional, scientific and technical activities; business support facilities","million KRW",188094
2015,"00100","economy","grdp","public administration and defence; compulsory social security","million KRW",134716
2015,"00100","economy","grdp","education","million KRW",363225
2015,"00100","economy","grdp","human health and social work activities","million KRW",316346
2015,"00100","economy","grdp","arts, sports and recreation; membership organizations and personal services","million KRW",255180
2015,"00100","economy","grdp","gross regional domestic product at market prices","million KRW",5407042
2015,"00100","economy","grdp","net taxes on products","million KRW",326710
2015,"00100","economy","grdp","total value added at basic prices","million KRW",5080333
2015,"00100","economy","grdp","agriculture, forestry and fishing","million KRW",346
2015,"00100","economy","grdp","manufacturing","million KRW",138265
2015,"00100","economy","grdp","electricity, gas, steam and air conditioning supply; water supply and waste management","million KRW",63886
2015,"00100","economy","grdp","construction","million KRW",251239
2015,"00100","economy","grdp","wholesale and retail trade","million KRW",541433
2015,"00100","economy","grdp","transportation and storage","million KRW",140610
2015,"00100","economy","grdp","accommodation and food service activities","million KRW",215135
2015,"00100","economy","grdp","information and communication","million KRW",116107
2015,"00100","economy","grdp","financial and insurance activities","million KRW",107379
2015,"00100","economy","grdp","real estate activities; rental and leasing activities","million KRW",983003
2015,"00100","economy","grdp","professional, scientific and technical activities; business support facilities","million KRW",447649
2015,"00100","economy","grdp","public administration and defence; compulsory social security","million KRW",169790
2015,"00100","economy","grdp","education","million KRW",1216929
2015,"00100","economy","grdp","human health and social work activities","million KRW",453301
2015,"00100","economy","grdp","arts, sports and recreation; membership organizations and personal services","million KRW",235259
2015,"00100","economy","grdp","gross regional domestic product at market prices","million KRW",2759140
2015,"00100","economy","grdp","net taxes on products","million KRW",204797
2015,"00100","economy","grdp","total value added at basic prices","million KRW",2554343
2015,"00100","economy","grdp","agriculture, forestry and fishing","million KRW",382
2015,"00100","economy","grdp","manufacturing","million KRW",83470
2015,"00100","economy","grdp","electricity, gas, steam and air conditioning supply; water supply and waste management","million KRW",42228
2015,"00100","economy","grdp","construction","million KRW",123863
2015,"00100","economy","grdp","wholesale and retail trade","million KRW",313173
2015,"00100","economy","grdp","transportation and storage","million KRW",139107
2015,"00100","economy","grdp","accommodation and food service activities","million KRW",158417
2015,"00100","economy","grdp","information and communication","million KRW",58590
2015,"00100","economy","grdp","financial and insurance activities","million KRW",163758
2015,"00100","economy","grdp","real estate activities; rental and leasing activities","million KRW",479583
2015,"00100","economy","grdp","professional, scientific and technical activities; business support facilities","million KRW",154139
2015,"00100","economy","grdp","public administration and defence; compulsory social security","million KRW",130064
2015,"00100","economy","grdp","education","million KRW",243929
2015,"00100","economy","grdp","human health and social work activities","million KRW",272142
2015,"00100","economy","grdp","arts, sports and recreation; membership organizations and personal services","million KRW",191499
2015,"00101","economy","grdp","gross regional domestic product at market prices","million KRW",2906723
2015,"00101","economy","grdp","net taxes on products","million KRW",217080
2015,"00101","economy","grdp","total value added at basic prices","million KRW",2689643
2015,"00101","economy","grdp","agriculture, forestry and fishing","million KRW",956
2015,"00101","economy","grdp","mining and quarrying","million KRW",1
2015,"00101","economy","grdp","manufacturing","million KRW",101885
2015,"00101","economy","grdp","electricity, gas, steam and air conditioning supply; water supply and waste management","million KRW",44080
2015,"00101","economy","grdp","construction","million KRW",108949
2015,"00101","economy","grdp","wholesale and retail trade","million KRW",360527
2015,"00101","economy","grdp","transportation and storage","million KRW",179311
2015,"00101","economy","grdp","accommodation and food service activities","million KRW",112738
2015,"00101","economy","grdp","information and communication","million KRW",28568
2015,"00101","economy","grdp","financial and insurance activities","million KRW",53843
2015,"00101","economy","grdp","real estate activities; rental and leasing activities","million KRW",635691
2015,"00101","economy","grdp","professional, scientific and technical activities; business support facilities","million KRW",134130
2015,"00101","economy","grdp","public administration and defence; compulsory social security","million KRW",197330
2015,"00101","economy","grdp","education","million KRW",297742
2015,"00101","economy","grdp","human health and social work activities","million KRW",252351
2015,"00101","economy","grdp","arts, sports and recreation; membership organizations and personal services","million KRW",181540
2015,"00101","economy","grdp","gross regional domestic product at market prices","million KRW",5606176
2015,"00101","economy","grdp","net taxes on products","million KRW",360427
2015,"00101","economy","grdp","total value added at basic prices","million KRW",5245749
2015,"00101","economy","grdp","agriculture, forestry and fishing","million KRW",1031
2015,"00101","economy","grdp","manufacturing","million KRW",150573
2015,"00101","economy","grdp","electricity, gas, steam and air conditioning supply; water supply and waste management","million KRW",71259
2015,"00101","economy","grdp","construction","million KRW",186199
2015,"00101","economy","grdp","wholesale and retail trade","million KRW",514212
2015,"00101","economy","grdp","transportation and storage","million KRW",250522
2015,"00101","economy","grdp","accommodation and food service activities","million KRW",224988
2015,"00101","economy","grdp","information and communication","million KRW",60646
2015,"00101","economy","grdp","financial and insurance activities","million KRW",197901
2015,"00101","economy","grdp","real estate activities; rental and leasing activities","million KRW",1144309
2015,"00101","economy","grdp","professional, scientific and technical activities; business support facilities","million KRW",305867
2015,"00101","economy","grdp","public administration and defence; compulsory social security","million KRW",165215
2015,"00101","economy","grdp","education","million KRW",1097256
2015,"00101","economy","grdp","human health and social work activities","million KRW",654138
2015,"00101","economy","grdp","arts, sports and recreation; membership organizations and personal services","million KRW",221634
2015,"00101","economy","grdp","gross regional domestic product at market prices","million KRW",3866400
2015,"00101","economy","grdp","net taxes on products","million KRW",270458
2015,"00101","economy","grdp","total value added at basic prices","million KRW",3595942
2015,"00101","economy","grdp","agriculture, forestry and fishing","million KRW",2817
2015,"00101","economy","grdp","manufacturing","million KRW",62718
2015,"00101","economy","grdp","electricity, gas, steam and air conditioning supply; water supply and waste management","million KRW",59774
2015,"00101","economy","grdp","construction","million KRW",303764
2015,"00101","economy","grdp","wholesale and retail trade","million KRW",387248
2015,"00101","economy","grdp","transportation and storage","million KRW",187575
2015,"00101","economy","grdp","accommodation and food service activities","million KRW",173240
2015,"00101","economy","grdp","information and communication","million KRW",66965
2015,"00101","economy","grdp","financial and insurance activities","million KRW",121905
2015,"00101","economy","grdp","real estate activities; rental and leasing activities","million KRW",866058
2015,"00101","economy","grdp","professional, scientific and technical activities; business support facilities","million KRW",187957
2015,"00101","economy","grdp","public administration and defence; compulsory social security","million KRW",149060
2015,"00101","economy","grdp","education","million KRW",416991
2015,"00101","economy","grdp","human health and social work activities","million KRW",420385
2015,"00101","economy","grdp","arts, sports and recreation; membership organizations and personal services","million KRW",189484
2015,"00101","economy","grdp","gross regional domestic product at market prices","million KRW",7507777
2015,"00101","economy","grdp","net taxes on products","million KRW",535147
2015,"00101","economy","grdp","total value added at basic prices","million KRW",6972630
2015,"00101","economy","grdp","agriculture, forestry and fishing","million KRW",84469
2015,"00101","economy","grdp","manufacturing","million KRW",63627
2015,"00101","economy","grdp","electricity, gas, steam and air conditioning supply; water supply and waste management","million KRW",49142
2015,"00101","economy","grdp","construction","million KRW",320157
2015,"00101","economy","grdp","wholesale and retail trade","million KRW",713508
2015,"00101","economy","grdp","transportation and storage","million KRW",115747
2015,"00101","economy","grdp","accommodation and food service activities","million KRW",294660
2015,"00101","economy","grdp","information and communication","million KRW",236173
2015,"00101","economy","grdp","financial and insurance activities","million KRW",757956
2015,"00101","economy","grdp","real estate activities; rental and leasing activities","million KRW",799924
2015,"00101","economy","grdp","professional, scientific and technical activities; business support facilities","million KRW",761740
2015,"00101","economy","grdp","public administration and defence; compulsory social security","million KRW",652210
2015,"00101","economy","grdp","education","million KRW",1165291
2015,"00101","economy","grdp","human health and social work activities","million KRW",791702
2015,"00101","economy","grdp","arts, sports and recreation; membership organizations and personal services","million KRW",166324
2015,"00101","economy","grdp","gross regional domestic product at market prices","million KRW",17955655
2015,"00101","economy","grdp","net taxes on products","million KRW",1207090
2015,"00101","economy","grdp","total value added at basic prices","million KRW",16748565
2015,"00101","economy","grdp","agriculture, forestry and fishing","million KRW",845
2015,"00101","economy","grdp","manufacturing","million KRW",215727
2015,"00101","economy","grdp","electricity, gas, steam and air conditioning supply; water supply and waste management","million KRW",70881
2015,"00101","economy","grdp","construction","million KRW",441071
2015,"00101","economy","grdp","wholesale and retail trade","million KRW",2187890
2015,"00101","economy","grdp","transportation and storage","million KRW",858149
2015,"00101","economy","grdp","accommodation and food service activities","million KRW",526565
2015,"00101","economy","grdp","information and communication","million KRW",5588465
2015,"00101","economy","grdp","financial and insurance activities","million KRW",622097
2015,"00101","economy","grdp","real estate activities; rental and leasing activities","million KRW",1380232
2015,"00101","economy","grdp","professional, scientific and technical activities; business support facilities","million KRW",2935868
2015,"00101","economy","grdp","public administration and defence; compulsory social security","million KRW",210457
2015,"00101","economy","grdp","education","million KRW",780767
2015,"00101","economy","grdp","human health and social work activities","million KRW",392709
2015,"00101","economy","grdp","arts, sports and recreation; membership organizations and personal services","million KRW",536843
2015,"00101","economy","grdp","gross regional domestic product at market prices","million KRW",6276755
2015,"00101","economy","grdp","net taxes on products","million KRW",419692
2015,"00101","economy","grdp","total value added at basic prices","million KRW",5857062
2015,"00101","economy","grdp","agriculture, forestry and fishing","million KRW",238
2015,"00101","economy","grdp","manufacturing","million KRW",273606
2015,"00101","economy","grdp","electricity, gas, steam and air conditioning supply; water supply and waste management","million KRW",75652
2015,"00101","economy","grdp","construction","million KRW",255942
2015,"00101","economy","grdp","wholesale and retail trade","million KRW",665796
2015,"00101","economy","grdp","transportation and storage","million KRW",319135
2015,"00101","economy","grdp","accommodation and food service activities","million KRW",198934
2015,"00101","economy","grdp","information and communication","million KRW",687235
2015,"00101","economy","grdp","financial and insurance activities","million KRW",199409
2015,"00101","economy","grdp","real estate activities; rental and leasing activities","million KRW",1229632
2015,"00101","economy","grdp","professional, scientific and technical activities; business support facilities","million KRW",317317
2015,"00101","economy","grdp","public administration and defence; compulsory social security","million KRW",255882
2015,"00101","economy","grdp","education","million KRW",629338
2015,"00101","economy","grdp","human health and social work activities","million KRW",479446
2015,"00101","economy","grdp","arts, sports and recreation; membership organizations and personal services","million KRW",269501
2015,"00101","economy","grdp","gross regional domestic product at market prices","million KRW",10149098
2015,"00101","economy","grdp","net taxes on products","million KRW",777461
2015,"00101","economy","grdp","total value added at basic prices","million KRW",9371637
2015,"00101","economy","grdp","agriculture, forestry and fishing","million KRW",12518
2015,"00101","economy","grdp","manufacturing","million KRW",383353
2015,"00101","economy","grdp","electricity, gas, steam and air conditioning supply; water supply and waste management","million KRW",72492
2015,"00101","economy","grdp","construction","million KRW",972792
2015,"00101","economy","grdp","wholesale and retail trade","million KRW",1423481
2015,"00101","economy","grdp","transportation and storage","million KRW",1358034
2015,"00101","economy","grdp","accommodation and food service activities","million KRW",347016
2015,"00101","economy","grdp","information and communication","million KRW",535424
2015,"00101","economy","grdp","financial and insurance activities","million KRW",174541
2015,"00101","economy","grdp","real estate activities; rental and leasing activities","million KRW",1270391
2015,"00101","economy","grdp","professional, scientific and technical activities; business support facilities","million KRW",1087106
2015,"00101","economy","grdp","public administration and defence; compulsory social security","million KRW",159805
2015,"00101","economy","grdp","education","million KRW",636193
2015,"00101","economy","grdp","human health and social work activities","million KRW",526275
2015,"00101","economy","grdp","arts, sports and recreation; membership organizations and personal services","million KRW",412217
2015,"00101","economy","grdp","gross regional domestic product at market prices","million KRW",12017187
2015,"00101","economy","grdp","net taxes on products","million KRW",892354
2015,"00101","economy","grdp","total value added at basic prices","million KRW",11124833
2015,"00101","economy","grdp","agriculture, forestry and fishing","million KRW",2127
2015,"00101","economy","grdp","manufacturing","million KRW",1530885
2015,"00101","economy","grdp","electricity, gas, steam and air conditioning supply; water supply and waste management","million KRW",66436
2015,"00101","economy","grdp","construction","million KRW",207557
2015,"00101","economy","grdp","wholesale and retail trade","million KRW",1614912
2015,"00101","economy","grdp","transportation and storage","million KRW",288534
2015,"00101","economy","grdp","accommodation and food service activities","million KRW",274934
2015,"00101","economy","grdp","information and communication","million KRW",2405103
2015,"00101","economy","grdp","financial and insurance activities","million KRW",341691
2015,"00101","economy","grdp","real estate activities; rental and leasing activities","million KRW",931764
2015,"00101","economy","grdp","professional, scientific and technical activities; business support facilities","million KRW",1979077
2015,"00101","economy","grdp","public administration and defence; compulsory social security","million KRW",204162
2015,"00101","economy","grdp","education","million KRW",488507
2015,"00101","economy","grdp","human health and social work activities","million KRW",496933
2015,"00101","economy","grdp","arts, sports and recreation; membership organizations and personal services","million KRW",292209
2015,"00101","economy","grdp","gross regional domestic product at market prices","million KRW",14953994
2015,"00101","economy","grdp","net taxes on products","million KRW",994178
2015,"00101","economy","grdp","total value added at basic prices","million KRW",13959816
2015,"00101","economy","grdp","agriculture, forestry and fishing","million KRW",164
2015,"00101","economy","grdp","mining and quarrying","million KRW",43
2015,"00101","economy","grdp","manufacturing","million KRW",3543806
2015,"00101","economy","grdp","electricity, gas, steam and air conditioning supply; water supply and waste management","million KRW",49079
2015,"00101","economy","grdp","construction","million KRW",185123
2015,"00101","economy","grdp","wholesale and retail trade","million KRW",1882040
2015,"00101","economy","grdp","transportation and storage","million KRW",371954
2015,"00101","economy","grdp","accommodation and food service activities","million KRW",181278
2015,"00101","economy","grdp","information and communication","million KRW",3026276
2015,"00101","economy","grdp","financial and insurance activities","million KRW",139002
2015,"00101","economy","grdp","real estate activities; rental and leasing activities","million KRW",708953
2015,"00101","economy","grdp","professional, scientific and technical activities; business support facilities","million KRW",3103791
2015,"00101","economy","grdp","public administration and defence; compulsory social security","million KRW",116705
2015,"00101","economy","grdp","education","million KRW",230025
2015,"00101","economy","grdp","human health and social work activities","million KRW",194247
2015,"00101","economy","grdp","arts, sports and recreation; membership organizations and personal services","million KRW",227329
2015,"00101","economy","grdp","gross regional domestic product at market prices","million KRW",30173741
2015,"00101","economy","grdp","net taxes on products","million KRW",3108290
2015,"00101","economy","grdp","total value added at basic prices","million KRW",27065451
2015,"00101","economy","grdp","agriculture, forestry and fishing","million KRW",3452
2015,"00101","economy","grdp","mining and quarrying","million KRW",163
2015,"00101","economy","grdp","manufacturing","million KRW",729420
2015,"00101","economy","grdp","electricity, gas, steam and air conditioning supply; water supply and waste management","million KRW",81121
2015,"00101","economy","grdp","construction","million KRW",465916
2015,"00101","economy","grdp","wholesale and retail trade","million KRW",4344830
2015,"00101","economy","grdp","transportation and storage","million KRW",679109
2015,"00101","economy","grdp","accommodation and food service activities","million KRW",585227
2015,"00101","economy","grdp","information and communication","million KRW",3610840
2015,"00101","economy","grdp","financial and insurance activities","million KRW",7591222
2015,"00101","economy","grdp","real estate activities; rental and leasing activities","million KRW",1839387
2015,"00101","economy","grdp","professional, scientific and technical activities; business support facilities","million KRW",4512006
2015,"00101","economy","grdp","public administration and defence; compulsory social security","million KRW",667494
2015,"00101","economy","grdp","education","million KRW",462250
2015,"00101","economy","grdp","human health and social work activities","million KRW",589557
2015,"00101","economy","grdp","arts, sports and recreation; membership organizations and personal services","million KRW",903455
2015,"00102","economy","grdp","gross regional domestic product at market prices","million KRW",5521181
2015,"00102","economy","grdp","net taxes on products","million KRW",380644
2015,"00102","economy","grdp","total value added at basic prices","million KRW",5140537
2015,"00102","economy","grdp","agriculture, forestry and fishing","million KRW",165
2015,"00102","economy","grdp","manufacturing","million KRW",30254
2015,"00102","economy","grdp","electricity, gas, steam and air conditioning supply; water supply and waste management","million KRW",55034
2015,"00102","economy","grdp","construction","million KRW",244491
2015,"00102","economy","grdp","wholesale and retail trade","million KRW",546815
2015,"00102","economy","grdp","transportation and storage","million KRW",67769
2015,"00102","economy","grdp","accommodation and food service activities","million KRW",210189
2015,"00102","economy","grdp","information and communication","million KRW",374900
2015,"00102","economy","grdp","financial and insurance activities","million KRW",151727
2015,"00102","economy","grdp","real estate activities; rental and leasing activities","million KRW",1062907
2015,"00102","economy","grdp","professional, scientific and technical activities; business support facilities","million KRW",747007
2015,"00102","economy","grdp","public administration and defence; compulsory social security","million KRW",239417
2015,"00102","economy","grdp","education","million KRW",745592
2015,"00102","economy","grdp","human health and social work activities","million KRW",473427
2015,"00102","economy","grdp","arts, sports and recreation; membership organizations and personal services","million KRW",190843
2015,"00102","economy","grdp","gross regional domestic product at market prices","million KRW",5597548
2015,"00102","economy","grdp","net taxes on products","million KRW",361335
2015,"00102","economy","grdp","total value added at basic prices","million KRW",5236213
2015,"00102","economy","grdp","agriculture, forestry and fishing","million KRW",600
2015,"00102","economy","grdp","mining and quarrying","million KRW",292
2015,"00102","economy","grdp","manufacturing","million KRW",114808
2015,"00102","economy","grdp","electricity, gas, steam and air conditioning supply; water supply and waste management","million KRW",71365
2015,"00102","economy","grdp","construction","million KRW",320764
2015,"00102","economy","grdp","wholesale and retail trade","million KRW",483690
2015,"00102","economy","grdp","transportation and storage","million KRW",114176
2015,"00102","economy","grdp","accommodation and food service activities","million KRW",306389
2015,"00102","economy","grdp","information and communication","million KRW",568477
2015,"00102","economy","grdp","financial and insurance activities","million KRW",112222
2015,"00102","economy","grdp","real estate activities; rental and leasing activities","million KRW",892341
2015,"00102","economy","grdp","professional, scientific and technical activities; business support facilities","million KRW",597185
2015,"00102","economy","grdp","public administration and defence; compulsory social security","million KRW",164514
2015,"00102","economy","grdp","education","million KRW",881967
2015,"00102","economy","grdp","human health and social work activities","million KRW",325896
2015,"00102","economy","grdp","arts, sports and recreation; membership organizations and personal services","million KRW",281527
2015,"00102","economy","grdp","gross regional domestic product at market prices","million KRW",30390265
2015,"00102","economy","grdp","net taxes on products","million KRW",2276694
2015,"00102","economy","grdp","total value added at basic prices","million KRW",28113571
2015,"00102","economy","grdp","agriculture, forestry and fishing","million KRW",186110
2015,"00102","economy","grdp","mining and quarrying","million KRW",985
2015,"00102","economy","grdp","manufacturing","million KRW",868240
2015,"00102","economy","grdp","electricity, gas, steam and air conditioning supply; water supply and waste management","million KRW",107119
2015,"00102","economy","grdp","construction","million KRW",719278
2015,"00102","economy","grdp","wholesale and retail trade","million KRW",5117735
2015,"00102","economy","grdp","transportation and storage","million KRW",1022367
2015,"00102","economy","grdp","accommodation and food service activities","million KRW",820809
2015,"00102","economy","grdp","information and communication","million KRW",2853571
2015,"00102","economy","grdp","financial and insurance activities","million KRW",1023848
2015,"00102","economy","grdp","real estate activities; rental and leasing activities","million KRW",3745056
2015,"00102","economy","grdp","professional, scientific and technical activities; business support facilities","million KRW",6988173
2015,"00102","economy","grdp","public administration and defence; compulsory social security","million KRW",1583789
2015,"00102","economy","grdp","education","million KRW",1080950
2015,"00102","economy","grdp","human health and social work activities","million KRW",1170816
2015,"00102","economy","grdp","arts, sports and recreation; membership organizations and personal services","million KRW",824725
2015,"00102","economy","grdp","gross regional domestic product at market prices","million KRW",62295492
2015,"00102","economy","grdp","net taxes on products","million KRW",5429338
2015,"00102","economy","grdp","total value added at basic prices","million KRW",56866154
2015,"00102","economy","grdp","agriculture, forestry and fishing","million KRW",25151
2015,"00102","economy","grdp","mining and quarrying","million KRW",905
2015,"00102","economy","grdp","manufacturing","million KRW",2875272
2015,"00102","economy","grdp","electricity, gas, steam and air conditioning supply; water supply and waste management","million KRW",153097
2015,"00102","economy","grdp","construction","million KRW",998532
2015,"00102","economy","grdp","wholesale and retail trade","million KRW",14319156
2015,"00102","economy","grdp","transportation and storage","million KRW",570840
2015,"00102","economy","grdp","accommodation and food service activities","million KRW",1591091
2015,"00102","economy","grdp","information and communication","million KRW",6968728
2015,"00102","economy","grdp","financial and insurance activities","million KRW",2583780
2015,"00102","economy","grdp","real estate activities; rental and leasing activities","million KRW",8593940
2015,"00102","economy","grdp","professional, scientific and technical activities; business support facilities","million KRW",12316944
2015,"00102","economy","grdp","public administration and defence; compulsory social security","million KRW",275093
2015,"00102","economy","grdp","education","million KRW",1588177
2015,"00102","economy","grdp","human health and social work activities","million KRW",2419185
2015,"00102","economy","grdp","arts, sports and recreation; membership organizations and personal services","million KRW",1586264
2015,"00102","economy","grdp","gross regional domestic product at market prices","million KRW",23586997
2015,"00102","economy","grdp","net taxes on products","million KRW",1865209
2015,"00102","economy","grdp","total value added at basic prices","million KRW",21721787
2015,"00102","economy","grdp","agriculture, forestry and fishing","million KRW",42326
2015,"00102","economy","grdp","mining and quarrying","million KRW",67
2015,"00102","economy","grdp","manufacturing","million KRW",854599
2015,"00102","economy","grdp","electricity, gas, steam and air conditioning supply; water supply and waste management","million KRW",98972
2015,"00102","economy","grdp","construction","million KRW",1447083
2015,"00102","economy","grdp","wholesale and retail trade","million KRW",3920640
2015,"00102","economy","grdp","transportation and storage","million KRW",379067
2015,"00102","economy","grdp","accommodation and food service activities","million KRW",555947
2015,"00102","economy","grdp","information and communication","million KRW",3903228
2015,"00102","economy","grdp","financial and insurance activities","million KRW",597076
2015,"00102","economy","grdp","real estate activities; rental and leasing activities","million KRW",3025750
2015,"00102","economy","grdp","professional, scientific and technical activities; business support facilities","million KRW",3002129
2015,"00102","economy","grdp","public administration and defence; compulsory social security","million KRW",287552
2015,"00102","economy","grdp","education","million KRW",774431
2015,"00102","economy","grdp","human health and social work activities","million KRW",1266772
2015,"00102","economy","grdp","arts, sports and recreation; membership organizations and personal services","million KRW",1566148
2015,"00102","economy","grdp","gross regional domestic product at market prices","million KRW",7519077
2015,"00102","economy","grdp","net taxes on products","million KRW",607220
2015,"00102","economy","grdp","total value added at basic prices","million KRW",6911857
2015,"00102","economy","grdp","agriculture, forestry and fishing","million KRW",4756
2015,"00102","economy","grdp","mining and quarrying","million KRW",615
2015,"00102","economy","grdp","manufacturing","million KRW",434639
2015,"00102","economy","grdp","electricity, gas, steam and air conditioning supply; water supply and waste management","million KRW",66811
2015,"00102","economy","grdp","construction","million KRW",401854
2015,"00102","economy","grdp","wholesale and retail trade","million KRW",1541218
2015,"00102","economy","grdp","transportation and storage","million KRW",198761
2015,"00102","economy","grdp","accommodation and food service activities","million KRW",254400
2015,"00102","economy","grdp","information and communication","million KRW",245159
2015,"00102","economy","grdp","financial and insurance activities","million KRW",239715
2015,"00102","economy","grdp","real estate activities; rental and leasing activities","million KRW",1224863
2015,"00102","economy","grdp","professional, scientific and technical activities; business support facilities","million KRW",687226
2015,"00102","economy","grdp","public administration and defence; compulsory social security","million KRW",142598
2015,"00102","economy","grdp","education","million KRW",424703
2015,"00102","economy","grdp","human health and social work activities","million KRW",736699
2015,"00102","economy","grdp","arts, sports and recreation; membership organizations and personal services","million KRW",307841
2020,"00100","economy","grdp","gross regional domestic product at market prices","million KRW",33893980
2020,"00100","economy","grdp","net taxes on products","million KRW",3887695
2020,"00100","economy","grdp","total value added at basic prices","million KRW",30006285
2020,"00100","economy","grdp","agriculture, forestry and fishing","million KRW",7550
2020,"00100","economy","grdp","mining and quarrying","million KRW",2408
2020,"00100","economy","grdp","manufacturing","million KRW",492838
2020,"00100","economy","grdp","electricity, gas, steam and air conditioning supply; water supply and waste management","million KRW",61919
2020,"00100","economy","grdp","construction","million KRW",340203
2020,"00100","economy","grdp","wholesale and retail trade","million KRW",2606451
2020,"00100","economy","grdp","transportation and storage","million KRW",513772
2020,"00100","economy","grdp","accommodation and food service activities","million KRW",488958
2020,"00100","economy","grdp","information and communication","million KRW",3459467
2020,"00100","economy","grdp","financial and insurance activities","million KRW",9324115
2020,"00100","economy","grdp","real estate activities; rental and leasing activities","million KRW",1919168
2020,"00100","economy","grdp","professional, scientific and technical activities; business support facilities","million KRW",3373502
2020,"00100","economy","grdp","public administration and defence; compulsory social security","million KRW",4778344
2020,"00100","economy","grdp","education","million KRW",846525
2020,"00100","economy","grdp","human health and social work activities","million KRW",1263074
2020,"00100","economy","grdp","arts, sports and recreation; membership organizations and personal services","million KRW",527992
2020,"00100","economy","grdp","gross regional domestic product at market prices","million KRW",56070505
2020,"00100","economy","grdp","net taxes on products","million KRW",6853435
2020,"00100","economy","grdp","total value added at basic prices","million KRW",49217070
2020,"00100","economy","grdp","agriculture, forestry and fishing","million KRW",15
2020,"00100","economy","grdp","mining and quarrying","million KRW",481
2020,"00100","economy","grdp","manufacturing","million KRW",1254231
2020,"00100","economy","grdp","electricity, gas, steam and air conditioning supply; water supply and waste management","million KRW",75445
2020,"00100","economy","grdp","construction","million KRW",507752
2020,"00100","economy","grdp","wholesale and retail trade","million KRW",6344968
2020,"00100","economy","grdp","transportation and storage","million KRW",1288687
2020,"00100","economy","grdp","accommodation and food service activities","million KRW",761865
2020,"00100","economy","grdp","information and communication","million KRW",6120196
2020,"00100","economy","grdp","financial and insurance activities","million KRW",21413724
2020,"00100","economy","grdp","real estate activities; rental and leasing activities","million KRW",1251982
2020,"00100","economy","grdp","professional, scientific and technical activities; business support facilities","million KRW",5358503
2020,"00100","economy","grdp","public administration and defence; compulsory social security","million KRW",2801370
2020,"00100","economy","grdp","education","million KRW",727128
2020,"00100","economy","grdp","human health and social work activities","million KRW",767109
2020,"00100","economy","grdp","arts, sports and recreation; membership organizations and personal services","million KRW",543615
2020,"00100","economy","grdp","gross regional domestic product at market prices","million KRW",12824348
2020,"00100","economy","grdp","net taxes on products","million KRW",1095061
2020,"00100","economy","grdp","total value added at basic prices","million KRW",11729287
2020,"00100","economy","grdp","agriculture, forestry and fishing","million KRW",6123
2020,"00100","economy","grdp","manufacturing","million KRW",164091
2020,"00100","economy","grdp","electricity, gas, steam and air conditioning supply; water supply and waste management","million KRW",56030
2020,"00100","economy","grdp","construction","million KRW",570296
2020,"00100","economy","grdp","wholesale and retail trade","million KRW",2228073
2020,"00100","economy","grdp","transportation and storage","million KRW",285562
2020,"00100","economy","grdp","accommodation and food service activities","million KRW",367127
2020,"00100","economy","grdp","information and communication","million KRW",1621698
2020,"00100","economy","grdp","financial and insurance activities","million KRW",399082
2020,"00100","economy","grdp","real estate activities; rental and leasing activities","million KRW",1583899
2020,"00100","economy","grdp","professional, scientific and technical activities; business support facilities","million KRW",1812753
2020,"00100","economy","grdp","public administration and defence; compulsory social security","million KRW",1465077
2020,"00100","economy","grdp","education","million KRW",369052
2020,"00100","economy","grdp","human health and social work activities","million KRW",329097
2020,"00100","economy","grdp","arts, sports and recreation; membership organizations and personal services","million KRW",471328
2020,"00100","economy","grdp","gross regional domestic product at market prices","million KRW",12422960
2020,"00100","economy","grdp","net taxes on products","million KRW",1150751
2020,"00100","economy","grdp","total value added at basic prices","million KRW",11272209
2020,"00100","economy","grdp","agriculture, forestry and fishing","million KRW",325
2020,"00100","economy","grdp","mining and quarrying","million KRW",175
2020,"00100","economy","grdp","manufacturing","million KRW",1450305
2020,"00100","economy","grdp","electricity, gas, steam and air conditioning supply; water supply and waste management","million KRW",75199
2020,"00100","economy","grdp","construction","million KRW",535435
2020,"00100","economy","grdp","wholesale and retail trade","million KRW",1994769
2020,"00100","economy","grdp","transportation and storage","million KRW",242905
2020,"00100","economy","grdp","accommodation and food service activities","million KRW",236097
2020,"00100","economy","grdp","information and communication","million KRW",1341585
2020,"00100","economy","grdp","financial and insurance activities","million KRW",197608
2020,"00100","economy","grdp","real estate activities; rental and leasing activities","million KRW",1453747
2020,"00100","economy","grdp","professional, scientific and technical activities; business support facilities","million KRW",1992083
2020,"00100","economy","grdp","public administration and defence; compulsory social security","million KRW",174165
2020,"00100","economy","grdp","education","million KRW",772375
2020,"00100","economy","grdp","human health and social work activities","million KRW",411872
2020,"00100","economy","grdp","arts, sports and recreation; membership organizations and personal services","million KRW",393564
2020,"00100","economy","grdp","gross regional domestic product at market prices","million KRW",6451227
2020,"00100","economy","grdp","net taxes on products","million KRW",492103
2020,"00100","economy","grdp","total value added at basic prices","million KRW",5959124
2020,"00100","economy","grdp","agriculture, forestry and fishing","million KRW",91
2020,"00100","economy","grdp","manufacturing","million KRW",250570
2020,"00100","economy","grdp","electricity, gas, steam and air conditioning supply; water supply and waste management","million KRW",65650
2020,"00100","economy","grdp","construction","million KRW",301307
2020,"00100","economy","grdp","wholesale and retail trade","million KRW",805222
2020,"00100","economy","grdp","transportation and storage","million KRW",152787
2020,"00100","economy","grdp","accommodation and food service activities","million KRW",344982
2020,"00100","economy","grdp","information and communication","million KRW",228861
2020,"00100","economy","grdp","financial and insurance activities","million KRW",181106
2020,"00100","economy","grdp","real estate activities; rental and leasing activities","million KRW",1033874
2020,"00100","economy","grdp","professional, scientific and technical activities; business support facilities","million KRW",883564
2020,"00100","economy","grdp","public administration and defence; compulsory social security","million KRW",201264
2020,"00100","economy","grdp","education","million KRW",664707
2020,"00100","economy","grdp","human health and social work activities","million KRW",562403
2020,"00100","economy","grdp","arts, sports and recreation; membership organizations and personal services","million KRW",282736
2020,"00100","economy","grdp","gross regional domestic product at market prices","million KRW",7399775
2020,"00100","economy","grdp","net taxes on products","million KRW",632486
2020,"00100","economy","grdp","total value added at basic prices","million KRW",6767289
2020,"00100","economy","grdp","agriculture, forestry and fishing","million KRW",107
2020,"00100","economy","grdp","mining and quarrying","million KRW",322
2020,"00100","economy","grdp","manufacturing","million KRW",509711
2020,"00100","economy","grdp","electricity, gas, steam and air conditioning supply; water supply and waste management","million KRW",60149
2020,"00100","economy","grdp","construction","million KRW",413811
2020,"00100","economy","grdp","wholesale and retail trade","million KRW",1152376
2020,"00100","economy","grdp","transportation and storage","million KRW",140153
2020,"00100","economy","grdp","accommodation and food service activities","million KRW",223757
2020,"00100","economy","grdp","information and communication","million KRW",110374
2020,"00100","economy","grdp","financial and insurance activities","million KRW",246852
2020,"00100","economy","grdp","real estate activities; rental and leasing activities","million KRW",1025761
2020,"00100","economy","grdp","professional, scientific and technical activities; business support facilities","million KRW",825011
2020,"00100","economy","grdp","public administration and defence; compulsory social security","million KRW",216850
2020,"00100","economy","grdp","education","million KRW",847483
2020,"00100","economy","grdp","human health and social work activities","million KRW",705704
2020,"00100","economy","grdp","arts, sports and recreation; membership organizations and personal services","million KRW",288870
2020,"00100","economy","grdp","gross regional domestic product at market prices","million KRW",4750297
2020,"00100","economy","grdp","net taxes on products","million KRW",383102
2020,"00100","economy","grdp","total value added at basic prices","million KRW",4367195
2020,"00100","economy","grdp","agriculture, forestry and fishing","million KRW",1466
2020,"00100","economy","grdp","mining and quarrying","million KRW",77
2020,"00100","economy","grdp","manufacturing","million KRW",319558
2020,"00100","economy","grdp","electricity, gas, steam and air conditioning supply; water supply and waste management","million KRW",57060
2020,"00100","economy","grdp","construction","million KRW",401143
2020,"00100","economy","grdp","wholesale and retail trade","million KRW",612623
2020,"00100","economy","grdp","transportation and storage","million KRW",211156
2020,"00100","economy","grdp","accommodation and food service activities","million KRW",173339
2020,"00100","economy","grdp","information and communication","million KRW",101880
2020,"00100","economy","grdp","financial and insurance activities","million KRW",94593
2020,"00100","economy","grdp","real estate activities; rental and leasing activities","million KRW",819411
2020,"00100","economy","grdp","professional, scientific and technical activities; business support facilities","million KRW",259881
2020,"00100","economy","grdp","public administration and defence; compulsory social security","million KRW",183948
2020,"00100","economy","grdp","education","million KRW",426930
2020,"00100","economy","grdp","human health and social work activities","million KRW",455414
2020,"00100","economy","grdp","arts, sports and recreation; membership organizations and personal services","million KRW",248716
2020,"00100","economy","grdp","gross regional domestic product at market prices","million KRW",6193208
2020,"00100","economy","grdp","net taxes on products","million KRW",421018
2020,"00100","economy","grdp","total value added at basic prices","million KRW",5772190
2020,"00100","economy","grdp","agriculture, forestry and fishing","million KRW",286
2020,"00100","economy","grdp","manufacturing","million KRW",192853
2020,"00100","economy","grdp","electricity, gas, steam and air conditioning supply; water supply and waste management","million KRW",70617
2020,"00100","economy","grdp","construction","million KRW",328958
2020,"00100","economy","grdp","wholesale and retail trade","million KRW",561680
2020,"00100","economy","grdp","transportation and storage","million KRW",122069
2020,"00100","economy","grdp","accommodation and food service activities","million KRW",215634
2020,"00100","economy","grdp","information and communication","million KRW",193674
2020,"00100","economy","grdp","financial and insurance activities","million KRW",120475
2020,"00100","economy","grdp","real estate activities; rental and leasing activities","million KRW",1123888
2020,"00100","economy","grdp","professional, scientific and technical activities; business support facilities","million KRW",693586
2020,"00100","economy","grdp","public administration and defence; compulsory social security","million KRW",201416
2020,"00100","economy","grdp","education","million KRW",1108510
2020,"00100","economy","grdp","human health and social work activities","million KRW",615477
2020,"00100","economy","grdp","arts, sports and recreation; membership organizations and personal services","million KRW",223066
2020,"00100","economy","grdp","gross regional domestic product at market prices","million KRW",3356956
2020,"00100","economy","grdp","net taxes on products","million KRW",282592
2020,"00100","economy","grdp","total value added at basic prices","million KRW",3074364
2020,"00100","economy","grdp","agriculture, forestry and fishing","million KRW",321
2020,"00100","economy","grdp","manufacturing","million KRW",102329
2020,"00100","economy","grdp","electricity, gas, steam and air conditioning supply; water supply and waste management","million KRW",47348
2020,"00100","economy","grdp","construction","million KRW",235636
2020,"00100","economy","grdp","wholesale and retail trade","million KRW",335931
2020,"00100","economy","grdp","transportation and storage","million KRW",124137
2020,"00100","economy","grdp","accommodation and food service activities","million KRW",171488
2020,"00100","economy","grdp","information and communication","million KRW",77438
2020,"00100","economy","grdp","financial and insurance activities","million KRW",181172
2020,"00100","economy","grdp","real estate activities; rental and leasing activities","million KRW",546356
2020,"00100","economy","grdp","professional, scientific and technical activities; business support facilities","million KRW",228185
2020,"00100","economy","grdp","public administration and defence; compulsory social security","million KRW",169632
2020,"00100","economy","grdp","education","million KRW",272927
2020,"00100","economy","grdp","human health and social work activities","million KRW",394933
2020,"00100","economy","grdp","arts, sports and recreation; membership organizations and personal services","million KRW",186530
2020,"00101","economy","grdp","gross regional domestic product at market prices","million KRW",3499358
2020,"00101","economy","grdp","net taxes on products","million KRW",267980
2020,"00101","economy","grdp","total value added at basic prices","million KRW",3231378
2020,"00101","economy","grdp","agriculture, forestry and fishing","million KRW",703
2020,"00101","economy","grdp","manufacturing","million KRW",102654
2020,"00101","economy","grdp","electricity, gas, steam and air conditioning supply; water supply and waste management","million KRW",48158
2020,"00101","economy","grdp","construction","million KRW",243170
2020,"00101","economy","grdp","wholesale and retail trade","million KRW",368596
2020,"00101","economy","grdp","transportation and storage","million KRW",143991
2020,"00101","economy","grdp","accommodation and food service activities","million KRW",123450
2020,"00101","economy","grdp","information and communication","million KRW",50341
2020,"00101","economy","grdp","financial and insurance activities","million KRW",58088
2020,"00101","economy","grdp","real estate activities; rental and leasing activities","million KRW",705779
2020,"00101","economy","grdp","professional, scientific and technical activities; business support facilities","million KRW",291533
2020,"00101","economy","grdp","public administration and defence; compulsory social security","million KRW",243193
2020,"00101","economy","grdp","education","million KRW",325036
2020,"00101","economy","grdp","human health and social work activities","million KRW",336174
2020,"00101","economy","grdp","arts, sports and recreation; membership organizations and personal services","million KRW",190511
2020,"00101","economy","grdp","gross regional domestic product at market prices","million KRW",6438328
2020,"00101","economy","grdp","net taxes on products","million KRW",460676
2020,"00101","economy","grdp","total value added at basic prices","million KRW",5977652
2020,"00101","economy","grdp","agriculture, forestry and fishing","million KRW",809
2020,"00101","economy","grdp","manufacturing","million KRW",134304
2020,"00101","economy","grdp","electricity, gas, steam and air conditioning supply; water supply and waste management","million KRW",76714
2020,"00101","economy","grdp","construction","million KRW",276918
2020,"00101","economy","grdp","wholesale and retail trade","million KRW",556812
2020,"00101","economy","grdp","transportation and storage","million KRW",213003
2020,"00101","economy","grdp","accommodation and food service activities","million KRW",243431
2020,"00101","economy","grdp","information and communication","million KRW",102005
2020,"00101","economy","grdp","financial and insurance activities","million KRW",238751
2020,"00101","economy","grdp","real estate activities; rental and leasing activities","million KRW",1284062
2020,"00101","economy","grdp","professional, scientific and technical activities; business support facilities","million KRW",367953
2020,"00101","economy","grdp","public administration and defence; compulsory social security","million KRW",222947
2020,"00101","economy","grdp","education","million KRW",1158273
2020,"00101","economy","grdp","human health and social work activities","million KRW",871821
2020,"00101","economy","grdp","arts, sports and recreation; membership organizations and personal services","million KRW",229850
2020,"00101","economy","grdp","gross regional domestic product at market prices","million KRW",5076529
2020,"00101","economy","grdp","net taxes on products","million KRW",395030
2020,"00101","economy","grdp","total value added at basic prices","million KRW",4681499
2020,"00101","economy","grdp","agriculture, forestry and fishing","million KRW",1675
2020,"00101","economy","grdp","mining and quarrying","million KRW",12
2020,"00101","economy","grdp","manufacturing","million KRW",95155
2020,"00101","economy","grdp","electricity, gas, steam and air conditioning supply; water supply and waste management","million KRW",71450
2020,"00101","economy","grdp","construction","million KRW",424601
2020,"00101","economy","grdp","wholesale and retail trade","million KRW",450642
2020,"00101","economy","grdp","transportation and storage","million KRW",161677
2020,"00101","economy","grdp","accommodation and food service activities","million KRW",210052
2020,"00101","economy","grdp","information and communication","million KRW",178041
2020,"00101","economy","grdp","financial and insurance activities","million KRW",126272
2020,"00101","economy","grdp","real estate activities; rental and leasing activities","million KRW",1119100
2020,"00101","economy","grdp","professional, scientific and technical activities; business support facilities","million KRW",304690
2020,"00101","economy","grdp","public administration and defence; compulsory social security","million KRW",196211
2020,"00101","economy","grdp","education","million KRW",487038
2020,"00101","economy","grdp","human health and social work activities","million KRW",652757
2020,"00101","economy","grdp","arts, sports and recreation; membership organizations and personal services","million KRW",202126
2020,"00101","economy","grdp","gross regional domestic product at market prices","million KRW",8611066
2020,"00101","economy","grdp","net taxes on products","million KRW",753582
2020,"00101","economy","grdp","total value added at basic prices","million KRW",7857484
2020,"00101","economy","grdp","agriculture, forestry and fishing","million KRW",62596
2020,"00101","economy","grdp","manufacturing","million KRW",85820
2020,"00101","economy","grdp","electricity, gas, steam and air conditioning supply; water supply and waste management","million KRW",55095
2020,"00101","economy","grdp","construction","million KRW",373860
2020,"00101","economy","grdp","wholesale and retail trade","million KRW",733242
2020,"00101","economy","grdp","transportation and storage","million KRW",132751
2020,"00101","economy","grdp","accommodation and food service activities","million KRW",256737
2020,"00101","economy","grdp","information and communication","million KRW",339363
2020,"00101","economy","grdp","financial and insurance activities","million KRW",782105
2020,"00101","economy","grdp","real estate activities; rental and leasing activities","million KRW",1038850
2020,"00101","economy","grdp","professional, scientific and technical activities; business support facilities","million KRW",768032
2020,"00101","economy","grdp","public administration and defence; compulsory social security","million KRW",736132
2020,"00101","economy","grdp","education","million KRW",1403401
2020,"00101","economy","grdp","human health and social work activities","million KRW",919792
2020,"00101","economy","grdp","arts, sports and recreation; membership organizations and personal services","million KRW",169708
2020,"00101","economy","grdp","gross regional domestic product at market prices","million KRW",20199596
2020,"00101","economy","grdp","net taxes on products","million KRW",1429259
2020,"00101","economy","grdp","total value added at basic prices","million KRW",18770337
2020,"00101","economy","grdp","agriculture, forestry and fishing","million KRW",629
2020,"00101","economy","grdp","mining and quarrying","million KRW",65
2020,"00101","economy","grdp","manufacturing","million KRW",312784
2020,"00101","economy","grdp","electricity, gas, steam and air conditioning supply; water supply and waste management","million KRW",88268
2020,"00101","economy","grdp","construction","million KRW",473448
2020,"00101","economy","grdp","wholesale and retail trade","million KRW",2390213
2020,"00101","economy","grdp","transportation and storage","million KRW",738139
2020,"00101","economy","grdp","accommodation and food service activities","million KRW",561840
2020,"00101","economy","grdp","information and communication","million KRW",6338625
2020,"00101","economy","grdp","financial and insurance activities","million KRW",587159
2020,"00101","economy","grdp","real estate activities; rental and leasing activities","million KRW",1836745
2020,"00101","economy","grdp","professional, scientific and technical activities; business support facilities","million KRW",3194985
2020,"00101","economy","grdp","public administration and defence; compulsory social security","million KRW",246861
2020,"00101","economy","grdp","education","million KRW",898249
2020,"00101","economy","grdp","human health and social work activities","million KRW",554826
2020,"00101","economy","grdp","arts, sports and recreation; membership organizations and personal services","million KRW",547503
2020,"00101","economy","grdp","gross regional domestic product at market prices","million KRW",7012123
2020,"00101","economy","grdp","net taxes on products","million KRW",526709
2020,"00101","economy","grdp","total value added at basic prices","million KRW",6485414
2020,"00101","economy","grdp","agriculture, forestry and fishing","million KRW",212
2020,"00101","economy","grdp","mining and quarrying","million KRW",146
2020,"00101","economy","grdp","manufacturing","million KRW",183309
2020,"00101","economy","grdp","electricity, gas, steam and air conditioning supply; water supply and waste management","million KRW",73920
2020,"00101","economy","grdp","construction","million KRW",342152
2020,"00101","economy","grdp","wholesale and retail trade","million KRW",664664
2020,"00101","economy","grdp","transportation and storage","million KRW",270311
2020,"00101","economy","grdp","accommodation and food service activities","million KRW",220232
2020,"00101","economy","grdp","information and communication","million KRW",705857
2020,"00101","economy","grdp","financial and insurance activities","million KRW",257522
2020,"00101","economy","grdp","real estate activities; rental and leasing activities","million KRW",1478071
2020,"00101","economy","grdp","professional, scientific and technical activities; business support facilities","million KRW",420566
2020,"00101","economy","grdp","public administration and defence; compulsory social security","million KRW",319493
2020,"00101","economy","grdp","education","million KRW",647034
2020,"00101","economy","grdp","human health and social work activities","million KRW",639682
2020,"00101","economy","grdp","arts, sports and recreation; membership organizations and personal services","million KRW",262242
2020,"00101","economy","grdp","gross regional domestic product at market prices","million KRW",16811352
2020,"00101","economy","grdp","net taxes on products","million KRW",1261133
2020,"00101","economy","grdp","total value added at basic prices","million KRW",15550220
2020,"00101","economy","grdp","agriculture, forestry and fishing","million KRW",10929
2020,"00101","economy","grdp","manufacturing","million KRW",478668
2020,"00101","economy","grdp","electricity, gas, steam and air conditioning supply; water supply and waste management","million KRW",98293
2020,"00101","economy","grdp","construction","million KRW",861044
2020,"00101","economy","grdp","wholesale and retail trade","million KRW",1967651
2020,"00101","economy","grdp","transportation and storage","million KRW",979950
2020,"00101","economy","grdp","accommodation and food service activities","million KRW",415443
2020,"00101","economy","grdp","information and communication","million KRW",2087964
2020,"00101","economy","grdp","financial and insurance activities","million KRW",276111
2020,"00101","economy","grdp","real estate activities; rental and leasing activities","million KRW",2426900
2020,"00101","economy","grdp","professional, scientific and technical activities; business support facilities","million KRW",3647947
2020,"00101","economy","grdp","public administration and defence; compulsory social security","million KRW",229004
2020,"00101","economy","grdp","education","million KRW",726945
2020,"00101","economy","grdp","human health and social work activities","million KRW",869436
2020,"00101","economy","grdp","arts, sports and recreation; membership organizations and personal services","million KRW",473934
2020,"00101","economy","grdp","gross regional domestic product at market prices","million KRW",13924846
2020,"00101","economy","grdp","net taxes on products","million KRW",1110739
2020,"00101","economy","grdp","total value added at basic prices","million KRW",12814107
2020,"00101","economy","grdp","agriculture, forestry and fishing","million KRW",1415
2020,"00101","economy","grdp","mining and quarrying","million KRW",682
2020,"00101","economy","grdp","manufacturing","million KRW",1205669
2020,"00101","economy","grdp","electricity, gas, steam and air conditioning supply; water supply and waste management","million KRW",74750
2020,"00101","economy","grdp","construction","million KRW",439850
2020,"00101","economy","grdp","wholesale and retail trade","million KRW",1699041
2020,"00101","economy","grdp","transportation and storage","million KRW",294706
2020,"00101","economy","grdp","accommodation and food service activities","million KRW",272601
2020,"00101","economy","grdp","information and communication","million KRW",3023804
2020,"00101","economy","grdp","financial and insurance activities","million KRW",476815
2020,"00101","economy","grdp","real estate activities; rental and leasing activities","million KRW",1122284
2020,"00101","economy","grdp","professional, scientific and technical activities; business support facilities","million KRW",2346422
2020,"00101","economy","grdp","public administration and defence; compulsory social security","million KRW",261894
2020,"00101","economy","grdp","education","million KRW",569560
2020,"00101","economy","grdp","human health and social work activities","million KRW",720679
2020,"00101","economy","grdp","arts, sports and recreation; membership organizations and personal services","million KRW",303935
2020,"00101","economy","grdp","gross regional domestic product at market prices","million KRW",17221771
2020,"00101","economy","grdp","net taxes on products","million KRW",1399270
2020,"00101","economy","grdp","total value added at basic prices","million KRW",15822501
2020,"00101","economy","grdp","agriculture, forestry and fishing","million KRW",125
2020,"00101","economy","grdp","manufacturing","million KRW",2884080
2020,"00101","economy","grdp","electricity, gas, steam and air conditioning supply; water supply and waste management","million KRW",57052
2020,"00101","economy","grdp","construction","million KRW",712013
2020,"00101","economy","grdp","wholesale and retail trade","million KRW",2178479
2020,"00101","economy","grdp","transportation and storage","million KRW",303469
2020,"00101","economy","grdp","accommodation and food service activities","million KRW",190187
2020,"00101","economy","grdp","information and communication","million KRW",4183997
2020,"00101","economy","grdp","financial and insurance activities","million KRW",155352
2020,"00101","economy","grdp","real estate activities; rental and leasing activities","million KRW",1092607
2020,"00101","economy","grdp","professional, scientific and technical activities; business support facilities","million KRW",3098321
2020,"00101","economy","grdp","public administration and defence; compulsory social security","million KRW",144965
2020,"00101","economy","grdp","education","million KRW",289888
2020,"00101","economy","grdp","human health and social work activities","million KRW",283305
2020,"00101","economy","grdp","arts, sports and recreation; membership organizations and personal services","million KRW",248662
2020,"00101","economy","grdp","gross regional domestic product at market prices","million KRW",39433365
2020,"00101","economy","grdp","net taxes on products","million KRW",4969362
2020,"00101","economy","grdp","total value added at basic prices","million KRW",34464003
2020,"00101","economy","grdp","agriculture, forestry and fishing","million KRW",2333
2020,"00101","economy","grdp","mining and quarrying","million KRW",556
2020,"00101","economy","grdp","manufacturing","million KRW",729320
2020,"00101","economy","grdp","electricity, gas, steam and air conditioning supply; water supply and waste management","million KRW",95822
2020,"00101","economy","grdp","construction","million KRW",1379759
2020,"00101","economy","grdp","wholesale and retail trade","million KRW",4203793
2020,"00101","economy","grdp","transportation and storage","million KRW",547802
2020,"00101","economy","grdp","accommodation and food service activities","million KRW",568505
2020,"00101","economy","grdp","information and communication","million KRW",3611000
2020,"00101","economy","grdp","financial and insurance activities","million KRW",12847785
2020,"00101","economy","grdp","real estate activities; rental and leasing activities","million KRW",2180673
2020,"00101","economy","grdp","professional, scientific and technical activities; business support facilities","million KRW",5219360
2020,"00101","economy","grdp","public administration and defence; compulsory social security","million KRW",816168
2020,"00101","economy","grdp","education","million KRW",513716
2020,"00101","economy","grdp","human health and social work activities","million KRW",863167
2020,"00101","economy","grdp","arts, sports and recreation; membership organizations and personal services","million KRW",884244
2020,"00102","economy","grdp","gross regional domestic product at market prices","million KRW",6650824
2020,"00102","economy","grdp","net taxes on products","million KRW",525116
2020,"00102","economy","grdp","total value added at basic prices","million KRW",6125708
2020,"00102","economy","grdp","agriculture, forestry and fishing","million KRW",128
2020,"00102","economy","grdp","manufacturing","million KRW",53132
2020,"00102","economy","grdp","electricity, gas, steam and air conditioning supply; water supply and waste management","million KRW",61714
2020,"00102","economy","grdp","construction","million KRW",528183
2020,"00102","economy","grdp","wholesale and retail trade","million KRW",568327
2020,"00102","economy","grdp","transportation and storage","million KRW",65934
2020,"00102","economy","grdp","accommodation and food service activities","million KRW",217773
2020,"00102","economy","grdp","information and communication","million KRW",534662
2020,"00102","economy","grdp","financial and insurance activities","million KRW",186616
2020,"00102","economy","grdp","real estate activities; rental and leasing activities","million KRW",1330872
2020,"00102","economy","grdp","professional, scientific and technical activities; business support facilities","million KRW",659037
2020,"00102","economy","grdp","public administration and defence; compulsory social security","million KRW",298527
2020,"00102","economy","grdp","education","million KRW",784079
2020,"00102","economy","grdp","human health and social work activities","million KRW",644545
2020,"00102","economy","grdp","arts, sports and recreation; membership organizations and personal services","million KRW",192178
2020,"00102","economy","grdp","gross regional domestic product at market prices","million KRW",6138754
2020,"00102","economy","grdp","net taxes on products","million KRW",424348
2020,"00102","economy","grdp","total value added at basic prices","million KRW",5714406
2020,"00102","economy","grdp","agriculture, forestry and fishing","million KRW",491
2020,"00102","economy","grdp","manufacturing","million KRW",138388
2020,"00102","economy","grdp","electricity, gas, steam and air conditioning supply; water supply and waste management","million KRW",80695
2020,"00102","economy","grdp","construction","million KRW",287107
2020,"00102","economy","grdp","wholesale and retail trade","million KRW",490802
2020,"00102","economy","grdp","transportation and storage","million KRW",104247
2020,"00102","economy","grdp","accommodation and food service activities","million KRW",317531
2020,"00102","economy","grdp","information and communication","million KRW",526751
2020,"00102","economy","grdp","financial and insurance activities","million KRW",133039
2020,"00102","economy","grdp","real estate activities; rental and leasing activities","million KRW",979869
2020,"00102","economy","grdp","professional, scientific and technical activities; business support facilities","million KRW",668111
2020,"00102","economy","grdp","public administration and defence; compulsory social security","million KRW",206007
2020,"00102","economy","grdp","education","million KRW",1053221
2020,"00102","economy","grdp","human health and social work activities","million KRW",456700
2020,"00102","economy","grdp","arts, sports and recreation; membership organizations and personal services","million KRW",271447
2020,"00102","economy","grdp","gross regional domestic product at market prices","million KRW",36249662
2020,"00102","economy","grdp","net taxes on products","million KRW",3012439
2020,"00102","economy","grdp","total value added at basic prices","million KRW",33237223
2020,"00102","economy","grdp","agriculture, forestry and fishing","million KRW",233666
2020,"00102","economy","grdp","mining and quarrying","million KRW",4033
2020,"00102","economy","grdp","manufacturing","million KRW",569896
2020,"00102","economy","grdp","electricity, gas, steam and air conditioning supply; water supply and waste management","million KRW",111935
2020,"00102","economy","grdp","construction","million KRW",712588
2020,"00102","economy","grdp","wholesale and retail trade","million KRW",5364665
2020,"00102","economy","grdp","transportation and storage","million KRW",960421
2020,"00102","economy","grdp","accommodation and food service activities","million KRW",721705
2020,"00102","economy","grdp","information and communication","million KRW",3778009
2020,"00102","economy","grdp","financial and insurance activities","million KRW",2083299
2020,"00102","economy","grdp","real estate activities; rental and leasing activities","million KRW",4616150
2020,"00102","economy","grdp","professional, scientific and technical activities; business support facilities","million KRW",8334599
2020,"00102","economy","grdp","public administration and defence; compulsory social security","million KRW",1960343
2020,"00102","economy","grdp","education","million KRW",1272547
2020,"00102","economy","grdp","human health and social work activities","million KRW",1676970
2020,"00102","economy","grdp","arts, sports and recreation; membership organizations and personal services","million KRW",836398
2020,"00102","economy","grdp","gross regional domestic product at market prices","million KRW",74260359
2020,"00102","economy","grdp","net taxes on products","million KRW",6923459
2020,"00102","economy","grdp","total value added at basic prices","million KRW",67336899
2020,"00102","economy","grdp","agriculture, forestry and fishing","million KRW",15380
2020,"00102","economy","grdp","mining and quarrying","million KRW",5
2020,"00102","economy","grdp","manufacturing","million KRW",2378262
2020,"00102","economy","grdp","electricity, gas, steam and air conditioning supply; water supply and waste management","million KRW",161299
2020,"00102","economy","grdp","construction","million KRW",1377380
2020,"00102","economy","grdp","wholesale and retail trade","million KRW",16280237
2020,"00102","economy","grdp","transportation and storage","million KRW",579856
2020,"00102","economy","grdp","accommodation and food service activities","million KRW",1415899
2020,"00102","economy","grdp","information and communication","million KRW",9061597
2020,"00102","economy","grdp","financial and insurance activities","million KRW",3530701
2020,"00102","economy","grdp","real estate activities; rental and leasing activities","million KRW",9624844
2020,"00102","economy","grdp","professional, scientific and technical activities; business support facilities","million KRW",15602793
2020,"00102","economy","grdp","public administration and defence; compulsory social security","million KRW",306733
2020,"00102","economy","grdp","education","million KRW",1862544
2020,"00102","economy","grdp","human health and social work activities","million KRW",3545123
2020,"00102","economy","grdp","arts, sports and recreation; membership organizations and personal services","million KRW",1594249
2020,"00102","economy","grdp","gross regional domestic product at market prices","million KRW",30336592
2020,"00102","economy","grdp","net taxes on products","million KRW",2482733
2020,"00102","economy","grdp","total value added at basic prices","million KRW",27853859
2020,"00102","economy","grdp","agriculture, forestry and fishing","million KRW",38158
2020,"00102","economy","grdp","mining and quarrying","million KRW",95
2020,"00102","economy","grdp","manufacturing","million KRW",861771
2020,"00102","economy","grdp","electricity, gas, steam and air conditioning supply; water supply and waste management","million KRW",108528
2020,"00102","economy","grdp","construction","million KRW",749513
2020,"00102","economy","grdp","wholesale and retail trade","million KRW",5299273
2020,"00102","economy","grdp","transportation and storage","million KRW",485557
2020,"00102","economy","grdp","accommodation and food service activities","million KRW",671560
2020,"00102","economy","grdp","information and communication","million KRW",6084002
2020,"00102","economy","grdp","financial and insurance activities","million KRW",768520
2020,"00102","economy","grdp","real estate activities; rental and leasing activities","million KRW",4011339
2020,"00102","economy","grdp","professional, scientific and technical activities; business support facilities","million KRW",4082940
2020,"00102","economy","grdp","public administration and defence; compulsory social security","million KRW",412271
2020,"00102","economy","grdp","education","million KRW",928100
2020,"00102","economy","grdp","human health and social work activities","million KRW",1922361
2020,"00102","economy","grdp","arts, sports and recreation; membership organizations and personal services","million KRW",1429871
2020,"00102","economy","grdp","gross regional domestic product at market prices","million KRW",9317128
2020,"00102","economy","grdp","net taxes on products","million KRW",788859
2020,"00102","economy","grdp","total value added at basic prices","million KRW",8528269
2020,"00102","economy","grdp","agriculture, forestry and fishing","million KRW",3399
2020,"00102","economy","grdp","mining and quarrying","million KRW",84
2020,"00102","economy","grdp","manufacturing","million KRW",359250
2020,"00102","economy","grdp","electricity, gas, steam and air conditioning supply; water supply and waste management","million KRW",82222
2020,"00102","economy","grdp","construction","million KRW",1287347
2020,"00102","economy","grdp","wholesale and retail trade","million KRW",1315986
2020,"00102","economy","grdp","transportation and storage","million KRW",171338
2020,"00102","economy","grdp","accommodation and food service activities","million KRW",267362
2020,"00102","economy","grdp","information and communication","million KRW",345296
2020,"00102","economy","grdp","financial and insurance activities","million KRW",193004
2020,"00102","economy","grdp","real estate activities; rental and leasing activities","million KRW",1394652
2020,"00102","economy","grdp","professional, scientific and technical activities; business support facilities","million KRW",1077160
2020,"00102","economy","grdp","public administration and defence; compulsory social security","million KRW",193022
2020,"00102","economy","grdp","education","million KRW",468286
2020,"00102","economy","grdp","human health and social work activities","million KRW",1088251
2020,"00102","economy","grdp","arts, sports and recreation; membership organizations and personal services","million KRW",281610
2015,"23310","economy","grdp","gross regional domestic product at market prices","million KRW",1254585
2015,"23310","economy","grdp","net taxes on products","million KRW",92788
2015,"23310","economy","grdp","total value added at basic prices","million KRW",1161797
2015,"23310","economy","grdp","agriculture, forestry and fishing","million KRW",35212
2015,"23310","economy","grdp","mining and quarrying","million KRW",6296
2015,"23310","economy","grdp","manufacturing","million KRW",118331
2015,"23310","economy","grdp","electricity, gas, steam and air conditioning supply; water supply and waste management","million KRW",21205
2015,"23310","economy","grdp","construction","million KRW",64065
2015,"23310","economy","grdp","wholesale and retail trade","million KRW",57972
2015,"23310","economy","grdp","transportation and storage","million KRW",36323
2015,"23310","economy","grdp","accommodation and food service activities","million KRW",43472
2015,"23310","economy","grdp","information and communication","million KRW",6804
2015,"23310","economy","grdp","financial and insurance activities","million KRW",272048
2015,"23310","economy","grdp","real estate activities; rental and leasing activities","million KRW",127080
2015,"23310","economy","grdp","professional, scientific and technical activities; business support facilities","million KRW",10950
2015,"23310","economy","grdp","public administration and defence; compulsory social security","million KRW",116720
2015,"23310","economy","grdp","education","million KRW",96823
2015,"23310","economy","grdp","human health and social work activities","million KRW",99966
2015,"23310","economy","grdp","arts, sports and recreation; membership organizations and personal services","million KRW",48530
2015,"23320","economy","grdp","gross regional domestic product at market prices","million KRW",595780
2015,"23320","economy","grdp","net taxes on products","million KRW",37162
2015,"23320","economy","grdp","total value added at basic prices","million KRW",558618
2015,"23320","economy","grdp","agriculture, forestry and fishing","million KRW",13942
2015,"23320","economy","grdp","mining and quarrying","million KRW",30
2015,"23320","economy","grdp","manufacturing","million KRW",5404
2015,"23320","economy","grdp","electricity, gas, steam and air conditioning supply; water supply and waste management","million KRW",14373
2015,"23320","economy","grdp","construction","million KRW",65049
2015,"23320","economy","grdp","wholesale and retail trade","million KRW",10817
2015,"23320","economy","grdp","transportation and storage","million KRW",3786
2015,"23320","economy","grdp","accommodation and food service activities","million KRW",15622
2015,"23320","economy","grdp","information and communication","million KRW",5967
2015,"23320","economy","grdp","financial and insurance activities","million KRW",69492
2015,"23320","economy","grdp","real estate activities; rental and leasing activities","million KRW",51237
2015,"23320","economy","grdp","professional, scientific and technical activities; business support facilities","million KRW",8794
2015,"23320","economy","grdp","public administration and defence; compulsory social security","million KRW",230706
2015,"23320","economy","grdp","education","million KRW",26320
2015,"23320","economy","grdp","human health and social work activities","million KRW",27095
2015,"23320","economy","grdp","arts, sports and recreation; membership organizations and personal services","million KRW",9985
2015,"23010","economy","grdp","gross regional domestic product at market prices","million KRW",13455131
2015,"23010","economy","grdp","net taxes on products","million KRW",1269091
2015,"23010","economy","grdp","total value added at basic prices","million KRW",12186040
2015,"23010","economy","grdp","agriculture, forestry and fishing","million KRW",62149
2015,"23010","economy","grdp","mining and quarrying","million KRW",78934
2015,"23010","economy","grdp","manufacturing","million KRW",1066163
2015,"23010","economy","grdp","electricity, gas, steam and air conditioning supply; water supply and waste management","million KRW",89608
2015,"23010","economy","grdp","construction","million KRW",720654
2015,"23010","economy","grdp","wholesale and retail trade","million KRW",553966
2015,"23010","economy","grdp","transportation and storage","million KRW",7034993
2015,"23010","economy","grdp","accommodation and food service activities","million KRW",269164
2015,"23010","economy","grdp","information and communication","million KRW",56488
2015,"23010","economy","grdp","financial and insurance activities","million KRW",154835
2015,"23010","economy","grdp","real estate activities; rental and leasing activities","million KRW",371398
2015,"23010","economy","grdp","professional, scientific and technical activities; business support facilities","million KRW",582043
2015,"23010","economy","grdp","public administration and defence; compulsory social security","million KRW",462871
2015,"23010","economy","grdp","education","million KRW",251589
2015,"23010","economy","grdp","human health and social work activities","million KRW",179633
2015,"23010","economy","grdp","arts, sports and recreation; membership organizations and personal services","million KRW",251552
2015,"23020","economy","grdp","gross regional domestic product at market prices","million KRW",3143586
2015,"23020","economy","grdp","net taxes on products","million KRW",352104
2015,"23020","economy","grdp","total value added at basic prices","million KRW",2791482
2015,"23020","economy","grdp","agriculture, forestry and fishing","million KRW",2901
2015,"23020","economy","grdp","mining and quarrying","million KRW",3313
2015,"23020","economy","grdp","manufacturing","million KRW",1748213
2015,"23020","economy","grdp","electricity, gas, steam and air conditioning supply; water supply and waste management","million KRW",142525
2015,"23020","economy","grdp","construction","million KRW",22576
2015,"23020","economy","grdp","wholesale and retail trade","million KRW",171869
2015,"23020","economy","grdp","transportation and storage","million KRW",79877
2015,"23020","economy","grdp","accommodation and food service activities","million KRW",22772
2015,"23020","economy","grdp","information and communication","million KRW",5930
2015,"23020","economy","grdp","financial and insurance activities","million KRW",37445
2015,"23020","economy","grdp","real estate activities; rental and leasing activities","million KRW",144541
2015,"23020","economy","grdp","professional, scientific and technical activities; business support facilities","million KRW",62493
2015,"23020","economy","grdp","public administration and defence; compulsory social security","million KRW",74903
2015,"23020","economy","grdp","education","million KRW",111709
2015,"23020","economy","grdp","human health and social work activities","million KRW",100261
2015,"23020","economy","grdp","arts, sports and recreation; membership organizations and personal services","million KRW",60153
2015,"23040","economy","grdp","gross regional domestic product at market prices","million KRW",6412989
2015,"23040","economy","grdp","net taxes on products","million KRW",538783
2015,"23040","economy","grdp","total value added at basic prices","million KRW",5874205
2015,"23040","economy","grdp","agriculture, forestry and fishing","million KRW",2470
2015,"23040","economy","grdp","mining and quarrying","million KRW",0
2015,"23040","economy","grdp","manufacturing","million KRW",1055491
2015,"23040","economy","grdp","electricity, gas, steam and air conditioning supply; water supply and waste management","million KRW",269806
2015,"23040","economy","grdp","construction","million KRW",284434
2015,"23040","economy","grdp","wholesale and retail trade","million KRW",529426
2015,"23040","economy","grdp","transportation and storage","million KRW",262887
2015,"23040","economy","grdp","accommodation and food service activities","million KRW",184036
2015,"23040","economy","grdp","information and communication","million KRW",160481
2015,"23040","economy","grdp","financial and insurance activities","million KRW",397277
2015,"23040","economy","grdp","real estate activities; rental and leasing activities","million KRW",794862
2015,"23040","economy","grdp","professional, scientific and technical activities; business support facilities","million KRW",339691
2015,"23040","economy","grdp","public administration and defence; compulsory social security","million KRW",363961
2015,"23040","economy","grdp","education","million KRW",540817
2015,"23040","economy","grdp","human health and social work activities","million KRW",429270
2015,"23040","economy","grdp","arts, sports and recreation; membership organizations and personal services","million KRW",259298
2015,"23050","economy","grdp","gross regional domestic product at market prices","million KRW",9058324
2015,"23050","economy","grdp","net taxes on products","million KRW",684305
2015,"23050","economy","grdp","total value added at basic prices","million KRW",8374019
2015,"23050","economy","grdp","agriculture, forestry and fishing","million KRW",5155
2015,"23050","economy","grdp","mining and quarrying","million KRW",517
2015,"23050","economy","grdp","manufacturing","million KRW",1049834
2015,"23050","economy","grdp","electricity, gas, steam and air conditioning supply; water supply and waste management","million KRW",68232
2015,"23050","economy","grdp","construction","million KRW",1233724
2015,"23050","economy","grdp","wholesale and retail trade","million KRW",1154871
2015,"23050","economy","grdp","transportation and storage","million KRW",175144
2015,"23050","economy","grdp","accommodation and food service activities","million KRW",271494
2015,"23050","economy","grdp","information and communication","million KRW",119205
2015,"23050","economy","grdp","financial and insurance activities","million KRW",174602
2015,"23050","economy","grdp","real estate activities; rental and leasing activities","million KRW",766186
2015,"23050","economy","grdp","professional, scientific and technical activities; business support facilities","million KRW",2028684
2015,"23050","economy","grdp","public administration and defence; compulsory social security","million KRW",305591
2015,"23050","economy","grdp","education","million KRW",530474
2015,"23050","economy","grdp","human health and social work activities","million KRW",278561
2015,"23050","economy","grdp","arts, sports and recreation; membership organizations and personal services","million KRW",211745
2015,"23060","economy","grdp","gross regional domestic product at market prices","million KRW",15137036
2015,"23060","economy","grdp","net taxes on products","million KRW",1362999
2015,"23060","economy","grdp","total value added at basic prices","million KRW",13774036
2015,"23060","economy","grdp","agriculture, forestry and fishing","million KRW",12924
2015,"23060","economy","grdp","mining and quarrying","million KRW",0
2015,"23060","economy","grdp","manufacturing","million KRW",6027349
2015,"23060","economy","grdp","electricity, gas, steam and air conditioning supply; water supply and waste management","million KRW",154950
2015,"23060","economy","grdp","construction","million KRW",409587
2015,"23060","economy","grdp","wholesale and retail trade","million KRW",722315
2015,"23060","economy","grdp","transportation and storage","million KRW",172375
2015,"23060","economy","grdp","accommodation and food service activities","million KRW",302654
2015,"23060","economy","grdp","information and communication","million KRW",385410
2015,"23060","economy","grdp","financial and insurance activities","million KRW",797228
2015,"23060","economy","grdp","real estate activities; rental and leasing activities","million KRW",1079502
2015,"23060","economy","grdp","professional, scientific and technical activities; business support facilities","million KRW",634465
2015,"23060","economy","grdp","public administration and defence; compulsory social security","million KRW",1389877
2015,"23060","economy","grdp","education","million KRW",610619
2015,"23060","economy","grdp","human health and social work activities","million KRW",575515
2015,"23060","economy","grdp","arts, sports and recreation; membership organizations and personal services","million KRW",499266
2015,"23070","economy","grdp","gross regional domestic product at market prices","million KRW",9654629
2015,"23070","economy","grdp","net taxes on products","million KRW",907568
2015,"23070","economy","grdp","total value added at basic prices","million KRW",8747060
2015,"23070","economy","grdp","agriculture, forestry and fishing","million KRW",43027
2015,"23070","economy","grdp","mining and quarrying","million KRW",0
2015,"23070","economy","grdp","manufacturing","million KRW",3064530
2015,"23070","economy","grdp","electricity, gas, steam and air conditioning supply; water supply and waste management","million KRW",98813
2015,"23070","economy","grdp","construction","million KRW",143730
2015,"23070","economy","grdp","wholesale and retail trade","million KRW",627946
2015,"23070","economy","grdp","transportation and storage","million KRW",224786
2015,"23070","economy","grdp","accommodation and food service activities","million KRW",252082
2015,"23070","economy","grdp","information and communication","million KRW",280302
2015,"23070","economy","grdp","financial and insurance activities","million KRW",666025
2015,"23070","economy","grdp","real estate activities; rental and leasing activities","million KRW",1002185
2015,"23070","economy","grdp","professional, scientific and technical activities; business support facilities","million KRW",489426
2015,"23070","economy","grdp","public administration and defence; compulsory social security","million KRW",400243
2015,"23070","economy","grdp","education","million KRW",626852
2015,"23070","economy","grdp","human health and social work activities","million KRW",554373
2015,"23070","economy","grdp","arts, sports and recreation; membership organizations and personal services","million KRW",272740
2015,"23080","economy","grdp","gross regional domestic product at market prices","million KRW",4119440
2015,"23080","economy","grdp","net taxes on products","million KRW",315134
2015,"23080","economy","grdp","total value added at basic prices","million KRW",3804307
2015,"23080","economy","grdp","agriculture, forestry and fishing","million KRW",2016
2015,"23080","economy","grdp","mining and quarrying","million KRW",7182
2015,"23080","economy","grdp","manufacturing","million KRW",633201
2015,"23080","economy","grdp","electricity, gas, steam and air conditioning supply; water supply and waste management","million KRW",47728
2015,"23080","economy","grdp","construction","million KRW",81142
2015,"23080","economy","grdp","wholesale and retail trade","million KRW",378617
2015,"23080","economy","grdp","transportation and storage","million KRW",182108
2015,"23080","economy","grdp","accommodation and food service activities","million KRW",137227
2015,"23080","economy","grdp","information and communication","million KRW",187843
2015,"23080","economy","grdp","financial and insurance activities","million KRW",210186
2015,"23080","economy","grdp","real estate activities; rental and leasing activities","million KRW",592409
2015,"23080","economy","grdp","professional, scientific and technical activities; business support facilities","million KRW",200327
2015,"23080","economy","grdp","public administration and defence; compulsory social security","million KRW",264264
2015,"23080","economy","grdp","education","million KRW",404751
2015,"23080","economy","grdp","human health and social work activities","million KRW",327897
2015,"23080","economy","grdp","arts, sports and recreation; membership organizations and personal services","million KRW",147410
2015,"23090","economy","grdp","gross regional domestic product at market prices","million KRW",17306008
2015,"23090","economy","grdp","net taxes on products","million KRW",1728469
2015,"23090","economy","grdp","total value added at basic prices","million KRW",15577539
2015,"23090","economy","grdp","agriculture, forestry and fishing","million KRW",69883
2015,"23090","economy","grdp","mining and quarrying","million KRW",24218
2015,"23090","economy","grdp","manufacturing","million KRW",5262281
2015,"23090","economy","grdp","electricity, gas, steam and air conditioning supply; water supply and waste management","million KRW",3604610
2015,"23090","economy","grdp","construction","million KRW",792307
2015,"23090","economy","grdp","wholesale and retail trade","million KRW",706735
2015,"23090","economy","grdp","transportation and storage","million KRW",493989
2015,"23090","economy","grdp","accommodation and food service activities","million KRW",209417
2015,"23090","economy","grdp","information and communication","million KRW",120450
2015,"23090","economy","grdp","financial and insurance activities","million KRW",206698
2015,"23090","economy","grdp","real estate activities; rental and leasing activities","million KRW",1001794
2015,"23090","economy","grdp","professional, scientific and technical activities; business support facilities","million KRW",1027952
2015,"23090","economy","grdp","public administration and defence; compulsory social security","million KRW",467262
2015,"23090","economy","grdp","education","million KRW",584793
2015,"23090","economy","grdp","human health and social work activities","million KRW",443044
2015,"23090","economy","grdp","arts, sports and recreation; membership organizations and personal services","million KRW",562107
2020,"23310","economy","grdp","gross regional domestic product at market prices","million KRW",1628866
2020,"23310","economy","grdp","net taxes on products","million KRW",133920
2020,"23310","economy","grdp","total value added at basic prices","million KRW",1494946
2020,"23310","economy","grdp","agriculture, forestry and fishing","million KRW",118293
2020,"23310","economy","grdp","mining and quarrying","million KRW",6320
2020,"23310","economy","grdp","manufacturing","million KRW",194964
2020,"23310","economy","grdp","electricity, gas, steam and air conditioning supply; water supply and waste management","million KRW",13701
2020,"23310","economy","grdp","construction","million KRW",99298
2020,"23310","economy","grdp","wholesale and retail trade","million KRW",97486
2020,"23310","economy","grdp","transportation and storage","million KRW",53106
2020,"23310","economy","grdp","accommodation and food service activities","million KRW",67969
2020,"23310","economy","grdp","information and communication","million KRW",22800
2020,"23310","economy","grdp","financial and insurance activities","million KRW",111707
2020,"23310","economy","grdp","real estate activities; rental and leasing activities","million KRW",172490
2020,"23310","economy","grdp","professional, scientific and technical activities; business support facilities","million KRW",29388
2020,"23310","economy","grdp","public administration and defence; compulsory social security","million KRW",181947
2020,"23310","economy","grdp","education","million KRW",108411
2020,"23310","economy","grdp","human health and social work activities","million KRW",135534
2020,"23310","economy","grdp","arts, sports and recreation; membership organizations and personal services","million KRW",81529
2020,"23320","economy","grdp","gross regional domestic product at market prices","million KRW",877102
2020,"23320","economy","grdp","net taxes on products","million KRW",60901
2020,"23320","economy","grdp","total value added at basic prices","million KRW",816201
2020,"23320","economy","grdp","agriculture, forestry and fishing","million KRW",23253
2020,"23320","economy","grdp","mining and quarrying","million KRW",20
2020,"23320","economy","grdp","manufacturing","million KRW",13082
2020,"23320","economy","grdp","electricity, gas, steam and air conditioning supply; water supply and waste management","million KRW",12579
2020,"23320","economy","grdp","construction","million KRW",90958
2020,"23320","economy","grdp","wholesale and retail trade","million KRW",18783
2020,"23320","economy","grdp","transportation and storage","million KRW",40347
2020,"23320","economy","grdp","accommodation and food service activities","million KRW",34591
2020,"23320","economy","grdp","information and communication","million KRW",38288
2020,"23320","economy","grdp","financial and insurance activities","million KRW",35244
2020,"23320","economy","grdp","real estate activities; rental and leasing activities","million KRW",60200
2020,"23320","economy","grdp","professional, scientific and technical activities; business support facilities","million KRW",17118
2020,"23320","economy","grdp","public administration and defence; compulsory social security","million KRW",343073
2020,"23320","economy","grdp","education","million KRW",30704
2020,"23320","economy","grdp","human health and social work activities","million KRW",36280
2020,"23320","economy","grdp","arts, sports and recreation; membership organizations and personal services","million KRW",21681
2020,"23010","economy","grdp","gross regional domestic product at market prices","million KRW",12181626
2020,"23010","economy","grdp","net taxes on products","million KRW",1173681
2020,"23010","economy","grdp","total value added at basic prices","million KRW",11007945
2020,"23010","economy","grdp","agriculture, forestry and fishing","million KRW",50412
2020,"23010","economy","grdp","mining and quarrying","million KRW",57175
2020,"23010","economy","grdp","manufacturing","million KRW",1611932
2020,"23010","economy","grdp","electricity, gas, steam and air conditioning supply; water supply and waste management","million KRW",67135
2020,"23010","economy","grdp","construction","million KRW",929408
2020,"23010","economy","grdp","wholesale and retail trade","million KRW",428773
2020,"23010","economy","grdp","transportation and storage","million KRW",4697829
2020,"23010","economy","grdp","accommodation and food service activities","million KRW",184742
2020,"23010","economy","grdp","information and communication","million KRW",145675
2020,"23010","economy","grdp","financial and insurance activities","million KRW",215727
2020,"23010","economy","grdp","real estate activities; rental and leasing activities","million KRW",567301
2020,"23010","economy","grdp","professional, scientific and technical activities; business support facilities","million KRW",646409
2020,"23010","economy","grdp","public administration and defence; compulsory social security","million KRW",614564
2020,"23010","economy","grdp","education","million KRW",285791
2020,"23010","economy","grdp","human health and social work activities","million KRW",270460
2020,"23010","economy","grdp","arts, sports and recreation; membership organizations and personal services","million KRW",234612
2020,"23020","economy","grdp","gross regional domestic product at market prices","million KRW",3656940
2020,"23020","economy","grdp","net taxes on products","million KRW",417623
2020,"23020","economy","grdp","total value added at basic prices","million KRW",3239318
2020,"23020","economy","grdp","agriculture, forestry and fishing","million KRW",1960
2020,"23020","economy","grdp","mining and quarrying","million KRW",0
2020,"23020","economy","grdp","manufacturing","million KRW",1754362
2020,"23020","economy","grdp","electricity, gas, steam and air conditioning supply; water supply and waste management","million KRW",80117
2020,"23020","economy","grdp","construction","million KRW",218543
2020,"23020","economy","grdp","wholesale and retail trade","million KRW",239228
2020,"23020","economy","grdp","transportation and storage","million KRW",171294
2020,"23020","economy","grdp","accommodation and food service activities","million KRW",31167
2020,"23020","economy","grdp","information and communication","million KRW",10917
2020,"23020","economy","grdp","financial and insurance activities","million KRW",90930
2020,"23020","economy","grdp","real estate activities; rental and leasing activities","million KRW",152424
2020,"23020","economy","grdp","professional, scientific and technical activities; business support facilities","million KRW",76794
2020,"23020","economy","grdp","public administration and defence; compulsory social security","million KRW",96844
2020,"23020","economy","grdp","education","million KRW",110753
2020,"23020","economy","grdp","human health and social work activities","million KRW",128595
2020,"23020","economy","grdp","arts, sports and recreation; membership organizations and personal services","million KRW",75388
2020,"23040","economy","grdp","gross regional domestic product at market prices","million KRW",7697533
2020,"23040","economy","grdp","net taxes on products","million KRW",638193
2020,"23040","economy","grdp","total value added at basic prices","million KRW",7059340
2020,"23040","economy","grdp","agriculture, forestry and fishing","million KRW",3278
2020,"23040","economy","grdp","mining and quarrying","million KRW",68
2020,"23040","economy","grdp","manufacturing","million KRW",848635
2020,"23040","economy","grdp","electricity, gas, steam and air conditioning supply; water supply and waste management","million KRW",196516
2020,"23040","economy","grdp","construction","million KRW",638136
2020,"23040","economy","grdp","wholesale and retail trade","million KRW",560134
2020,"23040","economy","grdp","transportation and storage","million KRW",346449
2020,"23040","economy","grdp","accommodation and food service activities","million KRW",210807
2020,"23040","economy","grdp","information and communication","million KRW",114588
2020,"23040","economy","grdp","financial and insurance activities","million KRW",577680
2020,"23040","economy","grdp","real estate activities; rental and leasing activities","million KRW",971036
2020,"23040","economy","grdp","professional, scientific and technical activities; business support facilities","million KRW",452519
2020,"23040","economy","grdp","public administration and defence; compulsory social security","million KRW",488268
2020,"23040","economy","grdp","education","million KRW",716428
2020,"23040","economy","grdp","human health and social work activities","million KRW",646965
2020,"23040","economy","grdp","arts, sports and recreation; membership organizations and personal services","million KRW",287833
2020,"23050","economy","grdp","gross regional domestic product at market prices","million KRW",11845543
2020,"23050","economy","grdp","net taxes on products","million KRW",1005248
2020,"23050","economy","grdp","total value added at basic prices","million KRW",10840295
2020,"23050","economy","grdp","agriculture, forestry and fishing","million KRW",4492
2020,"23050","economy","grdp","mining and quarrying","million KRW",0
2020,"23050","economy","grdp","manufacturing","million KRW",2753966
2020,"23050","economy","grdp","electricity, gas, steam and air conditioning supply; water supply and waste management","million KRW",134127
2020,"23050","economy","grdp","construction","million KRW",1239563
2020,"23050","economy","grdp","wholesale and retail trade","million KRW",1080534
2020,"23050","economy","grdp","transportation and storage","million KRW",285482
2020,"23050","economy","grdp","accommodation and food service activities","million KRW",221443
2020,"23050","economy","grdp","information and communication","million KRW",251824
2020,"23050","economy","grdp","financial and insurance activities","million KRW",382710
2020,"23050","economy","grdp","real estate activities; rental and leasing activities","million KRW",1121440
2020,"23050","economy","grdp","professional, scientific and technical activities; business support facilities","million KRW",1457435
2020,"23050","economy","grdp","public administration and defence; compulsory social security","million KRW",525255
2020,"23050","economy","grdp","education","million KRW",626384
2020,"23050","economy","grdp","human health and social work activities","million KRW",479132
2020,"23050","economy","grdp","arts, sports and recreation; membership organizations and personal services","million KRW",276509
2020,"23060","economy","grdp","gross regional domestic product at market prices","million KRW",16456077
2020,"23060","economy","grdp","net taxes on products","million KRW",1476720
2020,"23060","economy","grdp","total value added at basic prices","million KRW",14979357
2020,"23060","economy","grdp","agriculture, forestry and fishing","million KRW",20279
2020,"23060","economy","grdp","mining and quarrying","million KRW",310
2020,"23060","economy","grdp","manufacturing","million KRW",5314366
2020,"23060","economy","grdp","electricity, gas, steam and air conditioning supply; water supply and waste management","million KRW",94310
2020,"23060","economy","grdp","construction","million KRW",359682
2020,"23060","economy","grdp","wholesale and retail trade","million KRW",854612
2020,"23060","economy","grdp","transportation and storage","million KRW",317103
2020,"23060","economy","grdp","accommodation and food service activities","million KRW",344507
2020,"23060","economy","grdp","information and communication","million KRW",238207
2020,"23060","economy","grdp","financial and insurance activities","million KRW",783307
2020,"23060","economy","grdp","real estate activities; rental and leasing activities","million KRW",1316785
2020,"23060","economy","grdp","professional, scientific and technical activities; business support facilities","million KRW",972410
2020,"23060","economy","grdp","public administration and defence; compulsory social security","million KRW",2238570
2020,"23060","economy","grdp","education","million KRW",724245
2020,"23060","economy","grdp","human health and social work activities","million KRW",876011
2020,"23060","economy","grdp","arts, sports and recreation; membership organizations and personal services","million KRW",524653
2020,"23070","economy","grdp","gross regional domestic product at market prices","million KRW",10681732
2020,"23070","economy","grdp","net taxes on products","million KRW",1022560
2020,"23070","economy","grdp","total value added at basic prices","million KRW",9659172
2020,"23070","economy","grdp","agriculture, forestry and fishing","million KRW",1220
2020,"23070","economy","grdp","mining and quarrying","million KRW",0
2020,"23070","economy","grdp","manufacturing","million KRW",2607536
2020,"23070","economy","grdp","electricity, gas, steam and air conditioning supply; water supply and waste management","million KRW",60315
2020,"23070","economy","grdp","construction","million KRW",620982
2020,"23070","economy","grdp","wholesale and retail trade","million KRW",722072
2020,"23070","economy","grdp","transportation and storage","million KRW",259892
2020,"23070","economy","grdp","accommodation and food service activities","million KRW",228490
2020,"23070","economy","grdp","information and communication","million KRW",345275
2020,"23070","economy","grdp","financial and insurance activities","million KRW",677134
2020,"23070","economy","grdp","real estate activities; rental and leasing activities","million KRW",1135297
2020,"23070","economy","grdp","professional, scientific and technical activities; business support facilities","million KRW",761969
2020,"23070","economy","grdp","public administration and defence; compulsory social security","million KRW",507812
2020,"23070","economy","grdp","education","million KRW",645241
2020,"23070","economy","grdp","human health and social work activities","million KRW",783737
2020,"23070","economy","grdp","arts, sports and recreation; membership organizations and personal services","million KRW",302201
2020,"23080","economy","grdp","gross regional domestic product at market prices","million KRW",4830032
2020,"23080","economy","grdp","net taxes on products","million KRW",384105
2020,"23080","economy","grdp","total value added at basic prices","million KRW",4445926
2020,"23080","economy","grdp","agriculture, forestry and fishing","million KRW",2376
2020,"23080","economy","grdp","mining and quarrying","million KRW",9708
2020,"23080","economy","grdp","manufacturing","million KRW",645018
2020,"23080","economy","grdp","electricity, gas, steam and air conditioning supply; water supply and waste management","million KRW",30260
2020,"23080","economy","grdp","construction","million KRW",264655
2020,"23080","economy","grdp","wholesale and retail trade","million KRW",426558
2020,"23080","economy","grdp","transportation and storage","million KRW",207480
2020,"23080","economy","grdp","accommodation and food service activities","million KRW",128366
2020,"23080","economy","grdp","information and communication","million KRW",85098
2020,"23080","economy","grdp","financial and insurance activities","million KRW",276248
2020,"23080","economy","grdp","real estate activities; rental and leasing activities","million KRW",655531
2020,"23080","economy","grdp","professional, scientific and technical activities; business support facilities","million KRW",273446
2020,"23080","economy","grdp","public administration and defence; compulsory social security","million KRW",348304
2020,"23080","economy","grdp","education","million KRW",418319
2020,"23080","economy","grdp","human health and social work activities","million KRW",487008
2020,"23080","economy","grdp","arts, sports and recreation; membership organizations and personal services","million KRW",187553
2020,"23090","economy","grdp","gross regional domestic product at market prices","million KRW",19760013
2020,"23090","economy","grdp","net taxes on products","million KRW",2033680
2020,"23090","economy","grdp","total value added at basic prices","million KRW",17726333
2020,"23090","economy","grdp","agriculture, forestry and fishing","million KRW",55269
2020,"23090","economy","grdp","mining and quarrying","million KRW",18610
2020,"23090","economy","grdp","manufacturing","million KRW",5434039
2020,"23090","economy","grdp","electricity, gas, steam and air conditioning supply; water supply and waste management","million KRW",2307730
2020,"23090","economy","grdp","construction","million KRW",1873399
2020,"23090","economy","grdp","wholesale and retail trade","million KRW",1064094
2020,"23090","economy","grdp","transportation and storage","million KRW",438928
2020,"23090","economy","grdp","accommodation and food service activities","million KRW",288470
2020,"23090","economy","grdp","information and communication","million KRW",306525
2020,"23090","economy","grdp","financial and insurance activities","million KRW",413251
2020,"23090","economy","grdp","real estate activities; rental and leasing activities","million KRW",1411189
2020,"23090","economy","grdp","professional, scientific and technical activities; business support facilities","million KRW",1363794
2020,"23090","economy","grdp","public administration and defence; compulsory social security","million KRW",608609
2020,"23090","economy","grdp","education","million KRW",743850
2020,"23090","economy","grdp","human health and social work activities","million KRW",743845
2020,"23090","economy","grdp","arts, sports and recreation; membership organizations and personal services","million KRW",654730
2010,"36010","economy","grdp","gross regional domestic product at market prices","million KRW",3260328
2010,"36010","economy","grdp","net taxes on products","million KRW",155676
2010,"36010","economy","grdp","total value added at basic prices","million KRW",3104651
2010,"36010","economy","grdp","agriculture, forestry and fishing","million KRW",64784
2010,"36010","economy","grdp","mining and quarrying","million KRW",664
2010,"36010","economy","grdp","manufacturing","million KRW",159134
2010,"36010","economy","grdp","electricity, gas, steam and air conditioning supply; water supply and waste management","million KRW",9476
2010,"36010","economy","grdp","construction","million KRW",121351
2010,"36010","economy","grdp","wholesale and retail trade","million KRW",308292
2010,"36010","economy","grdp","transportation and storage","million KRW",231832
2010,"36010","economy","grdp","accommodation and food service activities","million KRW",146105
2010,"36010","economy","grdp","information and communication","million KRW",108134
2010,"36010","economy","grdp","financial and insurance activities","million KRW",347652
2010,"36010","economy","grdp","real estate activities; rental and leasing activities","million KRW",201037
2010,"36010","economy","grdp","professional, scientific and technical activities; business support facilities","million KRW",134706
2010,"36010","economy","grdp","public administration and defence; compulsory social security","million KRW",370330
2010,"36010","economy","grdp","education","million KRW",381784
2010,"36010","economy","grdp","human health and social work activities","million KRW",376794
2010,"36010","economy","grdp","arts, sports and recreation; membership organizations and personal services","million KRW",142576
2010,"36020","economy","grdp","gross regional domestic product at market prices","million KRW",23785139
2010,"36020","economy","grdp","net taxes on products","million KRW",6753736
2010,"36020","economy","grdp","total value added at basic prices","million KRW",17031403
2010,"36020","economy","grdp","agriculture, forestry and fishing","million KRW",211332
2010,"36020","economy","grdp","mining and quarrying","million KRW",10404
2010,"36020","economy","grdp","manufacturing","million KRW",12495599
2010,"36020","economy","grdp","electricity, gas, steam and air conditioning supply; water supply and waste management","million KRW",156165
2010,"36020","economy","grdp","construction","million KRW",1033833
2010,"36020","economy","grdp","wholesale and retail trade","million KRW",468110
2010,"36020","economy","grdp","transportation and storage","million KRW",350873
2010,"36020","economy","grdp","accommodation and food service activities","million KRW",131282
2010,"36020","economy","grdp","information and communication","million KRW",110308
2010,"36020","economy","grdp","financial and insurance activities","million KRW",238891
2010,"36020","economy","grdp","real estate activities; rental and leasing activities","million KRW",295206
2010,"36020","economy","grdp","professional, scientific and technical activities; business support facilities","million KRW",339313
2010,"36020","economy","grdp","public administration and defence; compulsory social security","million KRW",369673
2010,"36020","economy","grdp","education","million KRW",369020
2010,"36020","economy","grdp","human health and social work activities","million KRW",270197
2010,"36020","economy","grdp","arts, sports and recreation; membership organizations and personal services","million KRW",181197
2010,"36030","economy","grdp","gross regional domestic product at market prices","million KRW",4559784
2010,"36030","economy","grdp","net taxes on products","million KRW",267125
2010,"36030","economy","grdp","total value added at basic prices","million KRW",4292659
2010,"36030","economy","grdp","agriculture, forestry and fishing","million KRW",245999
2010,"36030","economy","grdp","mining and quarrying","million KRW",2005
2010,"36030","economy","grdp","manufacturing","million KRW",744872
2010,"36030","economy","grdp","electricity, gas, steam and air conditioning supply; water supply and waste management","million KRW",94662
2010,"36030","economy","grdp","construction","million KRW",290679
2010,"36030","economy","grdp","wholesale and retail trade","million KRW",342276
2010,"36030","economy","grdp","transportation and storage","million KRW",131884
2010,"36030","economy","grdp","accommodation and food service activities","million KRW",118602
2010,"36030","economy","grdp","information and communication","million KRW",109366
2010,"36030","economy","grdp","financial and insurance activities","million KRW",337873
2010,"36030","economy","grdp","real estate activities; rental and leasing activities","million KRW",479173
2010,"36030","economy","grdp","professional, scientific and technical activities; business support facilities","million KRW",137519
2010,"36030","economy","grdp","public administration and defence; compulsory social security","million KRW",308574
2010,"36030","economy","grdp","education","million KRW",469867
2010,"36030","economy","grdp","human health and social work activities","million KRW",280809
2010,"36030","economy","grdp","arts, sports and recreation; membership organizations and personal services","million KRW",198498
2010,"36040","economy","grdp","gross regional domestic product at market prices","million KRW",2366373
2010,"36040","economy","grdp","net taxes on products","million KRW",227519
2010,"36040","economy","grdp","total value added at basic prices","million KRW",2138853
2010,"36040","economy","grdp","agriculture, forestry and fishing","million KRW",358786
2010,"36040","economy","grdp","mining and quarrying","million KRW",19762
2010,"36040","economy","grdp","manufacturing","million KRW",558722
2010,"36040","economy","grdp","electricity, gas, steam and air conditioning supply; water supply and waste management","million KRW",3738
2010,"36040","economy","grdp","construction","million KRW",177304
2010,"36040","economy","grdp","wholesale and retail trade","million KRW",90068
2010,"36040","economy","grdp","transportation and storage","million KRW",36197
2010,"36040","economy","grdp","accommodation and food service activities","million KRW",22933
2010,"36040","economy","grdp","information and communication","million KRW",36040
2010,"36040","economy","grdp","financial and insurance activities","million KRW",69051
2010,"36040","economy","grdp","real estate activities; rental and leasing activities","million KRW",89694
2010,"36040","economy","grdp","professional, scientific and technical activities; business support facilities","million KRW",125506
2010,"36040","economy","grdp","public administration and defence; compulsory social security","million KRW",188483
2010,"36040","economy","grdp","education","million KRW",131432
2010,"36040","economy","grdp","human health and social work activities","million KRW",153732
2010,"36040","economy","grdp","arts, sports and recreation; membership organizations and personal services","million KRW",77404
2010,"36060","economy","grdp","gross regional domestic product at market prices","million KRW",9110251
2010,"36060","economy","grdp","net taxes on products","million KRW",876170
2010,"36060","economy","grdp","total value added at basic prices","million KRW",8234081
2010,"36060","economy","grdp","agriculture, forestry and fishing","million KRW",88110
2010,"36060","economy","grdp","mining and quarrying","million KRW",3898
2010,"36060","economy","grdp","manufacturing","million KRW",4087513
2010,"36060","economy","grdp","electricity, gas, steam and air conditioning supply; water supply and waste management","million KRW",528371
2010,"36060","economy","grdp","construction","million KRW",963548
2010,"36060","economy","grdp","wholesale and retail trade","million KRW",141180
2010,"36060","economy","grdp","transportation and storage","million KRW",1158180
2010,"36060","economy","grdp","accommodation and food service activities","million KRW",77542
2010,"36060","economy","grdp","information and communication","million KRW",83273
2010,"36060","economy","grdp","financial and insurance activities","million KRW",111494
2010,"36060","economy","grdp","real estate activities; rental and leasing activities","million KRW",174157
2010,"36060","economy","grdp","professional, scientific and technical activities; business support facilities","million KRW",270590
2010,"36060","economy","grdp","public administration and defence; compulsory social security","million KRW",154309
2010,"36060","economy","grdp","education","million KRW",201887
2010,"36060","economy","grdp","human health and social work activities","million KRW",83444
2010,"36060","economy","grdp","arts, sports and recreation; membership organizations and personal services","million KRW",106587
2010,"36310","economy","grdp","gross regional domestic product at market prices","million KRW",959493
2010,"36310","economy","grdp","net taxes on products","million KRW",45400
2010,"36310","economy","grdp","total value added at basic prices","million KRW",914093
2010,"36310","economy","grdp","agriculture, forestry and fishing","million KRW",163819
2010,"36310","economy","grdp","mining and quarrying","million KRW",5731
2010,"36310","economy","grdp","manufacturing","million KRW",207806
2010,"36310","economy","grdp","electricity, gas, steam and air conditioning supply; water supply and waste management","million KRW",1495
2010,"36310","economy","grdp","construction","million KRW",43900
2010,"36310","economy","grdp","wholesale and retail trade","million KRW",30231
2010,"36310","economy","grdp","transportation and storage","million KRW",37298
2010,"36310","economy","grdp","accommodation and food service activities","million KRW",17135
2010,"36310","economy","grdp","information and communication","million KRW",18526
2010,"36310","economy","grdp","financial and insurance activities","million KRW",26334
2010,"36310","economy","grdp","real estate activities; rental and leasing activities","million KRW",47826
2010,"36310","economy","grdp","professional, scientific and technical activities; business support facilities","million KRW",70432
2010,"36310","economy","grdp","public administration and defence; compulsory social security","million KRW",118866
2010,"36310","economy","grdp","education","million KRW",58206
2010,"36310","economy","grdp","human health and social work activities","million KRW",42081
2010,"36310","economy","grdp","arts, sports and recreation; membership organizations and personal services","million KRW",24407
2010,"36320","economy","grdp","gross regional domestic product at market prices","million KRW",990810
2010,"36320","economy","grdp","net taxes on products","million KRW",109492
2010,"36320","economy","grdp","total value added at basic prices","million KRW",881318
2010,"36320","economy","grdp","agriculture, forestry and fishing","million KRW",131090
2010,"36320","economy","grdp","mining and quarrying","million KRW",5990
2010,"36320","economy","grdp","manufacturing","million KRW",419658
2010,"36320","economy","grdp","electricity, gas, steam and air conditioning supply; water supply and waste management","million KRW",1268
2010,"36320","economy","grdp","construction","million KRW",41588
2010,"36320","economy","grdp","wholesale and retail trade","million KRW",13599
2010,"36320","economy","grdp","transportation and storage","million KRW",12559
2010,"36320","economy","grdp","accommodation and food service activities","million KRW",6983
2010,"36320","economy","grdp","information and communication","million KRW",12559
2010,"36320","economy","grdp","financial and insurance activities","million KRW",17861
2010,"36320","economy","grdp","real estate activities; rental and leasing activities","million KRW",30353
2010,"36320","economy","grdp","professional, scientific and technical activities; business support facilities","million KRW",9934
2010,"36320","economy","grdp","public administration and defence; compulsory social security","million KRW",98003
2010,"36320","economy","grdp","education","million KRW",41583
2010,"36320","economy","grdp","human health and social work activities","million KRW",23352
2010,"36320","economy","grdp","arts, sports and recreation; membership organizations and personal services","million KRW",14939
2010,"36330","economy","grdp","gross regional domestic product at market prices","million KRW",384504
2010,"36330","economy","grdp","net taxes on products","million KRW",10003
2010,"36330","economy","grdp","total value added at basic prices","million KRW",374501
2010,"36330","economy","grdp","agriculture, forestry and fishing","million KRW",96788
2010,"36330","economy","grdp","mining and quarrying","million KRW",NA
2010,"36330","economy","grdp","manufacturing","million KRW",11132
2010,"36330","economy","grdp","electricity, gas, steam and air conditioning supply; water supply and waste management","million KRW",532
2010,"36330","economy","grdp","construction","million KRW",34927
2010,"36330","economy","grdp","wholesale and retail trade","million KRW",12780
2010,"36330","economy","grdp","transportation and storage","million KRW",7565
2010,"36330","economy","grdp","accommodation and food service activities","million KRW",18281
2010,"36330","economy","grdp","information and communication","million KRW",10732
2010,"36330","economy","grdp","financial and insurance activities","million KRW",15405
2010,"36330","economy","grdp","real estate activities; rental and leasing activities","million KRW",15967
2010,"36330","economy","grdp","professional, scientific and technical activities; business support facilities","million KRW",3759
2010,"36330","economy","grdp","public administration and defence; compulsory social security","million KRW",85519
2010,"36330","economy","grdp","education","million KRW",31076
2010,"36330","economy","grdp","human health and social work activities","million KRW",21043
2010,"36330","economy","grdp","arts, sports and recreation; membership organizations and personal services","million KRW",8996
2010,"36350","economy","grdp","gross regional domestic product at market prices","million KRW",1006135
2010,"36350","economy","grdp","net taxes on products","million KRW",34651
2010,"36350","economy","grdp","total value added at basic prices","million KRW",971484
2010,"36350","economy","grdp","agriculture, forestry and fishing","million KRW",283855
2010,"36350","economy","grdp","mining and quarrying","million KRW",3962
2010,"36350","economy","grdp","manufacturing","million KRW",55932
2010,"36350","economy","grdp","electricity, gas, steam and air conditioning supply; water supply and waste management","million KRW",1489
2010,"36350","economy","grdp","construction","million KRW",86602
2010,"36350","economy","grdp","wholesale and retail trade","million KRW",37729
2010,"36350","economy","grdp","transportation and storage","million KRW",25806
2010,"36350","economy","grdp","accommodation and food service activities","million KRW",15064
2010,"36350","economy","grdp","information and communication","million KRW",28217
2010,"36350","economy","grdp","financial and insurance activities","million KRW",52662
2010,"36350","economy","grdp","real estate activities; rental and leasing activities","million KRW",25837
2010,"36350","economy","grdp","professional, scientific and technical activities; business support facilities","million KRW",6545
2010,"36350","economy","grdp","public administration and defence; compulsory social security","million KRW",163435
2010,"36350","economy","grdp","education","million KRW",62152
2010,"36350","economy","grdp","human health and social work activities","million KRW",103666
2010,"36350","economy","grdp","arts, sports and recreation; membership organizations and personal services","million KRW",18530
2010,"36360","economy","grdp","gross regional domestic product at market prices","million KRW",713796
2010,"36360","economy","grdp","net taxes on products","million KRW",30928
2010,"36360","economy","grdp","total value added at basic prices","million KRW",682868
2010,"36360","economy","grdp","agriculture, forestry and fishing","million KRW",161618
2010,"36360","economy","grdp","mining and quarrying","million KRW",1584
2010,"36360","economy","grdp","manufacturing","million KRW",37081
2010,"36360","economy","grdp","electricity, gas, steam and air conditioning supply; water supply and waste management","million KRW",2401
2010,"36360","economy","grdp","construction","million KRW",108732
2010,"36360","economy","grdp","wholesale and retail trade","million KRW",27793
2010,"36360","economy","grdp","transportation and storage","million KRW",14292
2010,"36360","economy","grdp","accommodation and food service activities","million KRW",16203
2010,"36360","economy","grdp","information and communication","million KRW",18889
2010,"36360","economy","grdp","financial and insurance activities","million KRW",31073
2010,"36360","economy","grdp","real estate activities; rental and leasing activities","million KRW",22216
2010,"36360","economy","grdp","professional, scientific and technical activities; business support facilities","million KRW",5650
2010,"36360","economy","grdp","public administration and defence; compulsory social security","million KRW",112937
2010,"36360","economy","grdp","education","million KRW",53914
2010,"36360","economy","grdp","human health and social work activities","million KRW",42226
2010,"36360","economy","grdp","arts, sports and recreation; membership organizations and personal services","million KRW",26258
2010,"36370","economy","grdp","gross regional domestic product at market prices","million KRW",1324373
2010,"36370","economy","grdp","net taxes on products","million KRW",75158
2010,"36370","economy","grdp","total value added at basic prices","million KRW",1249216
2010,"36370","economy","grdp","agriculture, forestry and fishing","million KRW",155152
2010,"36370","economy","grdp","mining and quarrying","million KRW",19754
2010,"36370","economy","grdp","manufacturing","million KRW",175762
2010,"36370","economy","grdp","electricity, gas, steam and air conditioning supply; water supply and waste management","million KRW",2283
2010,"36370","economy","grdp","construction","million KRW",81047
2010,"36370","economy","grdp","wholesale and retail trade","million KRW",56643
2010,"36370","economy","grdp","transportation and storage","million KRW",22545
2010,"36370","economy","grdp","accommodation and food service activities","million KRW",26624
2010,"36370","economy","grdp","information and communication","million KRW",24449
2010,"36370","economy","grdp","financial and insurance activities","million KRW",31527
2010,"36370","economy","grdp","real estate activities; rental and leasing activities","million KRW",116878
2010,"36370","economy","grdp","professional, scientific and technical activities; business support facilities","million KRW",106173
2010,"36370","economy","grdp","public administration and defence; compulsory social security","million KRW",120369
2010,"36370","economy","grdp","education","million KRW",80181
2010,"36370","economy","grdp","human health and social work activities","million KRW",173323
2010,"36370","economy","grdp","arts, sports and recreation; membership organizations and personal services","million KRW",56506
2010,"36380","economy","grdp","gross regional domestic product at market prices","million KRW",660401
2010,"36380","economy","grdp","net taxes on products","million KRW",21149
2010,"36380","economy","grdp","total value added at basic prices","million KRW",639252
2010,"36380","economy","grdp","agriculture, forestry and fishing","million KRW",163951
2010,"36380","economy","grdp","mining and quarrying","million KRW",2622
2010,"36380","economy","grdp","manufacturing","million KRW",31278
2010,"36380","economy","grdp","electricity, gas, steam and air conditioning supply; water supply and waste management","million KRW",1514
2010,"36380","economy","grdp","construction","million KRW",62338
2010,"36380","economy","grdp","wholesale and retail trade","million KRW",27517
2010,"36380","economy","grdp","transportation and storage","million KRW",12872
2010,"36380","economy","grdp","accommodation and food service activities","million KRW",16129
2010,"36380","economy","grdp","information and communication","million KRW",16214
2010,"36380","economy","grdp","financial and insurance activities","million KRW",33528
2010,"36380","economy","grdp","real estate activities; rental and leasing activities","million KRW",18959
2010,"36380","economy","grdp","professional, scientific and technical activities; business support facilities","million KRW",10869
2010,"36380","economy","grdp","public administration and defence; compulsory social security","million KRW",135847
2010,"36380","economy","grdp","education","million KRW",45736
2010,"36380","economy","grdp","human health and social work activities","million KRW",35113
2010,"36380","economy","grdp","arts, sports and recreation; membership organizations and personal services","million KRW",24763
2010,"36390","economy","grdp","gross regional domestic product at market prices","million KRW",606886
2010,"36390","economy","grdp","net taxes on products","million KRW",24492
2010,"36390","economy","grdp","total value added at basic prices","million KRW",582395
2010,"36390","economy","grdp","agriculture, forestry and fishing","million KRW",146633
2010,"36390","economy","grdp","mining and quarrying","million KRW",2630
2010,"36390","economy","grdp","manufacturing","million KRW",41123
2010,"36390","economy","grdp","electricity, gas, steam and air conditioning supply; water supply and waste management","million KRW",1177
2010,"36390","economy","grdp","construction","million KRW",52034
2010,"36390","economy","grdp","wholesale and retail trade","million KRW",20894
2010,"36390","economy","grdp","transportation and storage","million KRW",8456
2010,"36390","economy","grdp","accommodation and food service activities","million KRW",13400
2010,"36390","economy","grdp","information and communication","million KRW",16994
2010,"36390","economy","grdp","financial and insurance activities","million KRW",31428
2010,"36390","economy","grdp","real estate activities; rental and leasing activities","million KRW",19636
2010,"36390","economy","grdp","professional, scientific and technical activities; business support facilities","million KRW",5834
2010,"36390","economy","grdp","public administration and defence; compulsory social security","million KRW",127212
2010,"36390","economy","grdp","education","million KRW",53581
2010,"36390","economy","grdp","human health and social work activities","million KRW",27840
2010,"36390","economy","grdp","arts, sports and recreation; membership organizations and personal services","million KRW",13522
2010,"36400","economy","grdp","gross regional domestic product at market prices","million KRW",1524751
2010,"36400","economy","grdp","net taxes on products","million KRW",73048
2010,"36400","economy","grdp","total value added at basic prices","million KRW",1451703
2010,"36400","economy","grdp","agriculture, forestry and fishing","million KRW",403004
2010,"36400","economy","grdp","mining and quarrying","million KRW",20083
2010,"36400","economy","grdp","manufacturing","million KRW",243117
2010,"36400","economy","grdp","electricity, gas, steam and air conditioning supply; water supply and waste management","million KRW",1730
2010,"36400","economy","grdp","construction","million KRW",78763
2010,"36400","economy","grdp","wholesale and retail trade","million KRW",73110
2010,"36400","economy","grdp","transportation and storage","million KRW",24736
2010,"36400","economy","grdp","accommodation and food service activities","million KRW",32294
2010,"36400","economy","grdp","information and communication","million KRW",30309
2010,"36400","economy","grdp","financial and insurance activities","million KRW",81760
2010,"36400","economy","grdp","real estate activities; rental and leasing activities","million KRW",63329
2010,"36400","economy","grdp","professional, scientific and technical activities; business support facilities","million KRW",12924
2010,"36400","economy","grdp","public administration and defence; compulsory social security","million KRW",186234
2010,"36400","economy","grdp","education","million KRW",84332
2010,"36400","economy","grdp","human health and social work activities","million KRW",82170
2010,"36400","economy","grdp","arts, sports and recreation; membership organizations and personal services","million KRW",33807
2010,"36410","economy","grdp","gross regional domestic product at market prices","million KRW",3037644
2010,"36410","economy","grdp","net taxes on products","million KRW",210277
2010,"36410","economy","grdp","total value added at basic prices","million KRW",2827367
2010,"36410","economy","grdp","agriculture, forestry and fishing","million KRW",238913
2010,"36410","economy","grdp","mining and quarrying","million KRW",13473
2010,"36410","economy","grdp","manufacturing","million KRW",1677395
2010,"36410","economy","grdp","electricity, gas, steam and air conditioning supply; water supply and waste management","million KRW",4809
2010,"36410","economy","grdp","construction","million KRW",157194
2010,"36410","economy","grdp","wholesale and retail trade","million KRW",50693
2010,"36410","economy","grdp","transportation and storage","million KRW",44738
2010,"36410","economy","grdp","accommodation and food service activities","million KRW",24462
2010,"36410","economy","grdp","information and communication","million KRW",21674
2010,"36410","economy","grdp","financial and insurance activities","million KRW",39214
2010,"36410","economy","grdp","real estate activities; rental and leasing activities","million KRW",70072
2010,"36410","economy","grdp","professional, scientific and technical activities; business support facilities","million KRW",58632
2010,"36410","economy","grdp","public administration and defence; compulsory social security","million KRW",244080
2010,"36410","economy","grdp","education","million KRW",85475
2010,"36410","economy","grdp","human health and social work activities","million KRW",39066
2010,"36410","economy","grdp","arts, sports and recreation; membership organizations and personal services","million KRW",57477
2010,"36420","economy","grdp","gross regional domestic product at market prices","million KRW",1731461
2010,"36420","economy","grdp","net taxes on products","million KRW",56695
2010,"36420","economy","grdp","total value added at basic prices","million KRW",1674767
2010,"36420","economy","grdp","agriculture, forestry and fishing","million KRW",283566
2010,"36420","economy","grdp","mining and quarrying","million KRW",5016
2010,"36420","economy","grdp","manufacturing","million KRW",100329
2010,"36420","economy","grdp","electricity, gas, steam and air conditioning supply; water supply and waste management","million KRW",1300
2010,"36420","economy","grdp","construction","million KRW",100356
2010,"36420","economy","grdp","wholesale and retail trade","million KRW",46033
2010,"36420","economy","grdp","transportation and storage","million KRW",28959
2010,"36420","economy","grdp","accommodation and food service activities","million KRW",13321
2010,"36420","economy","grdp","information and communication","million KRW",26044
2010,"36420","economy","grdp","financial and insurance activities","million KRW",62005
2010,"36420","economy","grdp","real estate activities; rental and leasing activities","million KRW",139124
2010,"36420","economy","grdp","professional, scientific and technical activities; business support facilities","million KRW",10780
2010,"36420","economy","grdp","public administration and defence; compulsory social security","million KRW",589662
2010,"36420","economy","grdp","education","million KRW",181429
2010,"36420","economy","grdp","human health and social work activities","million KRW",51248
2010,"36420","economy","grdp","arts, sports and recreation; membership organizations and personal services","million KRW",35596
2010,"36430","economy","grdp","gross regional domestic product at market prices","million KRW",639326
2010,"36430","economy","grdp","net taxes on products","million KRW",24058
2010,"36430","economy","grdp","total value added at basic prices","million KRW",615269
2010,"36430","economy","grdp","agriculture, forestry and fishing","million KRW",177282
2010,"36430","economy","grdp","mining and quarrying","million KRW",NA
2010,"36430","economy","grdp","manufacturing","million KRW",69715
2010,"36430","economy","grdp","electricity, gas, steam and air conditioning supply; water supply and waste management","million KRW",612
2010,"36430","economy","grdp","construction","million KRW",46625
2010,"36430","economy","grdp","wholesale and retail trade","million KRW",21031
2010,"36430","economy","grdp","transportation and storage","million KRW",15412
2010,"36430","economy","grdp","accommodation and food service activities","million KRW",9968
2010,"36430","economy","grdp","information and communication","million KRW",13962
2010,"36430","economy","grdp","financial and insurance activities","million KRW",24389
2010,"36430","economy","grdp","real estate activities; rental and leasing activities","million KRW",33046
2010,"36430","economy","grdp","professional, scientific and technical activities; business support facilities","million KRW",4734
2010,"36430","economy","grdp","public administration and defence; compulsory social security","million KRW",111578
2010,"36430","economy","grdp","education","million KRW",39407
2010,"36430","economy","grdp","human health and social work activities","million KRW",26061
2010,"36430","economy","grdp","arts, sports and recreation; membership organizations and personal services","million KRW",21447
2010,"36440","economy","grdp","gross regional domestic product at market prices","million KRW",1770418
2010,"36440","economy","grdp","net taxes on products","million KRW",113625
2010,"36440","economy","grdp","total value added at basic prices","million KRW",1656794
2010,"36440","economy","grdp","agriculture, forestry and fishing","million KRW",160990
2010,"36440","economy","grdp","mining and quarrying","million KRW",4395
2010,"36440","economy","grdp","manufacturing","million KRW",71295
2010,"36440","economy","grdp","electricity, gas, steam and air conditioning supply; water supply and waste management","million KRW",867680
2010,"36440","economy","grdp","construction","million KRW",62603
2010,"36440","economy","grdp","wholesale and retail trade","million KRW",34868
2010,"36440","economy","grdp","transportation and storage","million KRW",19006
2010,"36440","economy","grdp","accommodation and food service activities","million KRW",14800
2010,"36440","economy","grdp","information and communication","million KRW",23212
2010,"36440","economy","grdp","financial and insurance activities","million KRW",48083
2010,"36440","economy","grdp","real estate activities; rental and leasing activities","million KRW",46412
2010,"36440","economy","grdp","professional, scientific and technical activities; business support facilities","million KRW",25311
2010,"36440","economy","grdp","public administration and defence; compulsory social security","million KRW",124415
2010,"36440","economy","grdp","education","million KRW",65655
2010,"36440","economy","grdp","human health and social work activities","million KRW",63419
2010,"36440","economy","grdp","arts, sports and recreation; membership organizations and personal services","million KRW",24649
2010,"36450","economy","grdp","gross regional domestic product at market prices","million KRW",1343812
2010,"36450","economy","grdp","net taxes on products","million KRW",69646
2010,"36450","economy","grdp","total value added at basic prices","million KRW",1274166
2010,"36450","economy","grdp","agriculture, forestry and fishing","million KRW",157957
2010,"36450","economy","grdp","mining and quarrying","million KRW",5752
2010,"36450","economy","grdp","manufacturing","million KRW",345094
2010,"36450","economy","grdp","electricity, gas, steam and air conditioning supply; water supply and waste management","million KRW",1931
2010,"36450","economy","grdp","construction","million KRW",80668
2010,"36450","economy","grdp","wholesale and retail trade","million KRW",45812
2010,"36450","economy","grdp","transportation and storage","million KRW",37979
2010,"36450","economy","grdp","accommodation and food service activities","million KRW",12939
2010,"36450","economy","grdp","information and communication","million KRW",17657
2010,"36450","economy","grdp","financial and insurance activities","million KRW",31564
2010,"36450","economy","grdp","real estate activities; rental and leasing activities","million KRW",33407
2010,"36450","economy","grdp","professional, scientific and technical activities; business support facilities","million KRW",52570
2010,"36450","economy","grdp","public administration and defence; compulsory social security","million KRW",333442
2010,"36450","economy","grdp","education","million KRW",47225
2010,"36450","economy","grdp","human health and social work activities","million KRW",34567
2010,"36450","economy","grdp","arts, sports and recreation; membership organizations and personal services","million KRW",35601
2010,"36460","economy","grdp","gross regional domestic product at market prices","million KRW",776837
2010,"36460","economy","grdp","net taxes on products","million KRW",29555
2010,"36460","economy","grdp","total value added at basic prices","million KRW",747281
2010,"36460","economy","grdp","agriculture, forestry and fishing","million KRW",186927
2010,"36460","economy","grdp","mining and quarrying","million KRW",5858
2010,"36460","economy","grdp","manufacturing","million KRW",38914
2010,"36460","economy","grdp","electricity, gas, steam and air conditioning supply; water supply and waste management","million KRW",1342
2010,"36460","economy","grdp","construction","million KRW",68979
2010,"36460","economy","grdp","wholesale and retail trade","million KRW",41581
2010,"36460","economy","grdp","transportation and storage","million KRW",38959
2010,"36460","economy","grdp","accommodation and food service activities","million KRW",18551
2010,"36460","economy","grdp","information and communication","million KRW",24736
2010,"36460","economy","grdp","financial and insurance activities","million KRW",37578
2010,"36460","economy","grdp","real estate activities; rental and leasing activities","million KRW",18487
2010,"36460","economy","grdp","professional, scientific and technical activities; business support facilities","million KRW",5216
2010,"36460","economy","grdp","public administration and defence; compulsory social security","million KRW",161525
2010,"36460","economy","grdp","education","million KRW",59391
2010,"36460","economy","grdp","human health and social work activities","million KRW",27348
2010,"36460","economy","grdp","arts, sports and recreation; membership organizations and personal services","million KRW",11889
2010,"36470","economy","grdp","gross regional domestic product at market prices","million KRW",526640
2010,"36470","economy","grdp","net taxes on products","million KRW",20377
2010,"36470","economy","grdp","total value added at basic prices","million KRW",506263
2010,"36470","economy","grdp","agriculture, forestry and fishing","million KRW",135060
2010,"36470","economy","grdp","mining and quarrying","million KRW",1377
2010,"36470","economy","grdp","manufacturing","million KRW",24499
2010,"36470","economy","grdp","electricity, gas, steam and air conditioning supply; water supply and waste management","million KRW",890
2010,"36470","economy","grdp","construction","million KRW",41559
2010,"36470","economy","grdp","wholesale and retail trade","million KRW",19341
2010,"36470","economy","grdp","transportation and storage","million KRW",18192
2010,"36470","economy","grdp","accommodation and food service activities","million KRW",9399
2010,"36470","economy","grdp","information and communication","million KRW",13288
2010,"36470","economy","grdp","financial and insurance activities","million KRW",26869
2010,"36470","economy","grdp","real estate activities; rental and leasing activities","million KRW",11322
2010,"36470","economy","grdp","professional, scientific and technical activities; business support facilities","million KRW",5493
2010,"36470","economy","grdp","public administration and defence; compulsory social security","million KRW",104378
2010,"36470","economy","grdp","education","million KRW",35812
2010,"36470","economy","grdp","human health and social work activities","million KRW",16625
2010,"36470","economy","grdp","arts, sports and recreation; membership organizations and personal services","million KRW",42159
2010,"36480","economy","grdp","gross regional domestic product at market prices","million KRW",713778
2010,"36480","economy","grdp","net taxes on products","million KRW",19051
2010,"36480","economy","grdp","total value added at basic prices","million KRW",694727
2010,"36480","economy","grdp","agriculture, forestry and fishing","million KRW",250610
2010,"36480","economy","grdp","mining and quarrying","million KRW",19733
2010,"36480","economy","grdp","manufacturing","million KRW",47311
2010,"36480","economy","grdp","electricity, gas, steam and air conditioning supply; water supply and waste management","million KRW",1809
2010,"36480","economy","grdp","construction","million KRW",74067
2010,"36480","economy","grdp","wholesale and retail trade","million KRW",17523
2010,"36480","economy","grdp","transportation and storage","million KRW",28320
2010,"36480","economy","grdp","accommodation and food service activities","million KRW",13104
2010,"36480","economy","grdp","information and communication","million KRW",17471
2010,"36480","economy","grdp","financial and insurance activities","million KRW",25477
2010,"36480","economy","grdp","real estate activities; rental and leasing activities","million KRW",19644
2010,"36480","economy","grdp","professional, scientific and technical activities; business support facilities","million KRW",3642
2010,"36480","economy","grdp","public administration and defence; compulsory social security","million KRW",113888
2010,"36480","economy","grdp","education","million KRW",41565
2010,"36480","economy","grdp","human health and social work activities","million KRW",12305
2010,"36480","economy","grdp","arts, sports and recreation; membership organizations and personal services","million KRW",8258
2015,"36010","economy","grdp","gross regional domestic product at market prices","million KRW",3797895
2015,"36010","economy","grdp","net taxes on products","million KRW",157932
2015,"36010","economy","grdp","total value added at basic prices","million KRW",3639962
2015,"36010","economy","grdp","agriculture, forestry and fishing","million KRW",56864
2015,"36010","economy","grdp","mining and quarrying","million KRW",5140
2015,"36010","economy","grdp","manufacturing","million KRW",145497
2015,"36010","economy","grdp","electricity, gas, steam and air conditioning supply; water supply and waste management","million KRW",18955
2015,"36010","economy","grdp","construction","million KRW",204580
2015,"36010","economy","grdp","wholesale and retail trade","million KRW",327489
2015,"36010","economy","grdp","transportation and storage","million KRW",245155
2015,"36010","economy","grdp","accommodation and food service activities","million KRW",173408
2015,"36010","economy","grdp","information and communication","million KRW",115772
2015,"36010","economy","grdp","financial and insurance activities","million KRW",279432
2015,"36010","economy","grdp","real estate activities; rental and leasing activities","million KRW",311175
2015,"36010","economy","grdp","professional, scientific and technical activities; business support facilities","million KRW",199154
2015,"36010","economy","grdp","public administration and defence; compulsory social security","million KRW",522047
2015,"36010","economy","grdp","education","million KRW",457521
2015,"36010","economy","grdp","human health and social work activities","million KRW",454438
2015,"36010","economy","grdp","arts, sports and recreation; membership organizations and personal services","million KRW",123334
2015,"36020","economy","grdp","gross regional domestic product at market prices","million KRW",23847547
2015,"36020","economy","grdp","net taxes on products","million KRW",5506273
2015,"36020","economy","grdp","total value added at basic prices","million KRW",18341274
2015,"36020","economy","grdp","agriculture, forestry and fishing","million KRW",195629
2015,"36020","economy","grdp","mining and quarrying","million KRW",5315
2015,"36020","economy","grdp","manufacturing","million KRW",12738760
2015,"36020","economy","grdp","electricity, gas, steam and air conditioning supply; water supply and waste management","million KRW",359971
2015,"36020","economy","grdp","construction","million KRW",1316692
2015,"36020","economy","grdp","wholesale and retail trade","million KRW",383152
2015,"36020","economy","grdp","transportation and storage","million KRW",413700
2015,"36020","economy","grdp","accommodation and food service activities","million KRW",214622
2015,"36020","economy","grdp","information and communication","million KRW",107915
2015,"36020","economy","grdp","financial and insurance activities","million KRW",281250
2015,"36020","economy","grdp","real estate activities; rental and leasing activities","million KRW",419350
2015,"36020","economy","grdp","professional, scientific and technical activities; business support facilities","million KRW",416655
2015,"36020","economy","grdp","public administration and defence; compulsory social security","million KRW",472303
2015,"36020","economy","grdp","education","million KRW",451856
2015,"36020","economy","grdp","human health and social work activities","million KRW",308591
2015,"36020","economy","grdp","arts, sports and recreation; membership organizations and personal services","million KRW",255513
2015,"36030","economy","grdp","gross regional domestic product at market prices","million KRW",5391395
2015,"36030","economy","grdp","net taxes on products","million KRW",309746
2015,"36030","economy","grdp","total value added at basic prices","million KRW",5081649
2015,"36030","economy","grdp","agriculture, forestry and fishing","million KRW",268250
2015,"36030","economy","grdp","mining and quarrying","million KRW",2983
2015,"36030","economy","grdp","manufacturing","million KRW",680794
2015,"36030","economy","grdp","electricity, gas, steam and air conditioning supply; water supply and waste management","million KRW",377691
2015,"36030","economy","grdp","construction","million KRW",298804
2015,"36030","economy","grdp","wholesale and retail trade","million KRW",391299
2015,"36030","economy","grdp","transportation and storage","million KRW",187293
2015,"36030","economy","grdp","accommodation and food service activities","million KRW",167323
2015,"36030","economy","grdp","information and communication","million KRW",115031
2015,"36030","economy","grdp","financial and insurance activities","million KRW",319797
2015,"36030","economy","grdp","real estate activities; rental and leasing activities","million KRW",356455
2015,"36030","economy","grdp","professional, scientific and technical activities; business support facilities","million KRW",277141
2015,"36030","economy","grdp","public administration and defence; compulsory social security","million KRW",445793
2015,"36030","economy","grdp","education","million KRW",581221
2015,"36030","economy","grdp","human health and social work activities","million KRW",391821
2015,"36030","economy","grdp","arts, sports and recreation; membership organizations and personal services","million KRW",219952
2015,"36040","economy","grdp","gross regional domestic product at market prices","million KRW",3842302
2015,"36040","economy","grdp","net taxes on products","million KRW",345846
2015,"36040","economy","grdp","total value added at basic prices","million KRW",3496456
2015,"36040","economy","grdp","agriculture, forestry and fishing","million KRW",443360
2015,"36040","economy","grdp","mining and quarrying","million KRW",18490
2015,"36040","economy","grdp","manufacturing","million KRW",657676
2015,"36040","economy","grdp","electricity, gas, steam and air conditioning supply; water supply and waste management","million KRW",45518
2015,"36040","economy","grdp","construction","million KRW",623182
2015,"36040","economy","grdp","wholesale and retail trade","million KRW",131092
2015,"36040","economy","grdp","transportation and storage","million KRW",34008
2015,"36040","economy","grdp","accommodation and food service activities","million KRW",44750
2015,"36040","economy","grdp","information and communication","million KRW",85965
2015,"36040","economy","grdp","financial and insurance activities","million KRW",154454
2015,"36040","economy","grdp","real estate activities; rental and leasing activities","million KRW",190734
2015,"36040","economy","grdp","professional, scientific and technical activities; business support facilities","million KRW",335421
2015,"36040","economy","grdp","public administration and defence; compulsory social security","million KRW",257251
2015,"36040","economy","grdp","education","million KRW",173309
2015,"36040","economy","grdp","human health and social work activities","million KRW",199043
2015,"36040","economy","grdp","arts, sports and recreation; membership organizations and personal services","million KRW",102202
2015,"36060","economy","grdp","gross regional domestic product at market prices","million KRW",9431290
2015,"36060","economy","grdp","net taxes on products","million KRW",748954
2015,"36060","economy","grdp","total value added at basic prices","million KRW",8682336
2015,"36060","economy","grdp","agriculture, forestry and fishing","million KRW",99216
2015,"36060","economy","grdp","mining and quarrying","million KRW",6716
2015,"36060","economy","grdp","manufacturing","million KRW",3920721
2015,"36060","economy","grdp","electricity, gas, steam and air conditioning supply; water supply and waste management","million KRW",1007644
2015,"36060","economy","grdp","construction","million KRW",381595
2015,"36060","economy","grdp","wholesale and retail trade","million KRW",176799
2015,"36060","economy","grdp","transportation and storage","million KRW",1474174
2015,"36060","economy","grdp","accommodation and food service activities","million KRW",86074
2015,"36060","economy","grdp","information and communication","million KRW",104960
2015,"36060","economy","grdp","financial and insurance activities","million KRW",120880
2015,"36060","economy","grdp","real estate activities; rental and leasing activities","million KRW",258083
2015,"36060","economy","grdp","professional, scientific and technical activities; business support facilities","million KRW",315105
2015,"36060","economy","grdp","public administration and defence; compulsory social security","million KRW",204827
2015,"36060","economy","grdp","education","million KRW",242924
2015,"36060","economy","grdp","human health and social work activities","million KRW",117587
2015,"36060","economy","grdp","arts, sports and recreation; membership organizations and personal services","million KRW",165031
2015,"36310","economy","grdp","gross regional domestic product at market prices","million KRW",1219135
2015,"36310","economy","grdp","net taxes on products","million KRW",72648
2015,"36310","economy","grdp","total value added at basic prices","million KRW",1146486
2015,"36310","economy","grdp","agriculture, forestry and fishing","million KRW",127628
2015,"36310","economy","grdp","mining and quarrying","million KRW",2397
2015,"36310","economy","grdp","manufacturing","million KRW",286345
2015,"36310","economy","grdp","electricity, gas, steam and air conditioning supply; water supply and waste management","million KRW",5163
2015,"36310","economy","grdp","construction","million KRW",71927
2015,"36310","economy","grdp","wholesale and retail trade","million KRW",56808
2015,"36310","economy","grdp","transportation and storage","million KRW",75415
2015,"36310","economy","grdp","accommodation and food service activities","million KRW",32464
2015,"36310","economy","grdp","information and communication","million KRW",16678
2015,"36310","economy","grdp","financial and insurance activities","million KRW",39155
2015,"36310","economy","grdp","real estate activities; rental and leasing activities","million KRW",40749
2015,"36310","economy","grdp","professional, scientific and technical activities; business support facilities","million KRW",63311
2015,"36310","economy","grdp","public administration and defence; compulsory social security","million KRW",174149
2015,"36310","economy","grdp","education","million KRW",65836
2015,"36310","economy","grdp","human health and social work activities","million KRW",56506
2015,"36310","economy","grdp","arts, sports and recreation; membership organizations and personal services","million KRW",31957
2015,"36320","economy","grdp","gross regional domestic product at market prices","million KRW",963998
2015,"36320","economy","grdp","net taxes on products","million KRW",76629
2015,"36320","economy","grdp","total value added at basic prices","million KRW",887369
2015,"36320","economy","grdp","agriculture, forestry and fishing","million KRW",144727
2015,"36320","economy","grdp","mining and quarrying","million KRW",309
2015,"36320","economy","grdp","manufacturing","million KRW",323662
2015,"36320","economy","grdp","electricity, gas, steam and air conditioning supply; water supply and waste management","million KRW",4257
2015,"36320","economy","grdp","construction","million KRW",35357
2015,"36320","economy","grdp","wholesale and retail trade","million KRW",18218
2015,"36320","economy","grdp","transportation and storage","million KRW",13034
2015,"36320","economy","grdp","accommodation and food service activities","million KRW",13613
2015,"36320","economy","grdp","information and communication","million KRW",10480
2015,"36320","economy","grdp","financial and insurance activities","million KRW",26712
2015,"36320","economy","grdp","real estate activities; rental and leasing activities","million KRW",22198
2015,"36320","economy","grdp","professional, scientific and technical activities; business support facilities","million KRW",31381
2015,"36320","economy","grdp","public administration and defence; compulsory social security","million KRW",133867
2015,"36320","economy","grdp","education","million KRW",55315
2015,"36320","economy","grdp","human health and social work activities","million KRW",35714
2015,"36320","economy","grdp","arts, sports and recreation; membership organizations and personal services","million KRW",18526
2015,"36330","economy","grdp","gross regional domestic product at market prices","million KRW",554602
2015,"36330","economy","grdp","net taxes on products","million KRW",23336
2015,"36330","economy","grdp","total value added at basic prices","million KRW",531266
2015,"36330","economy","grdp","agriculture, forestry and fishing","million KRW",99779
2015,"36330","economy","grdp","mining and quarrying","million KRW",NA
2015,"36330","economy","grdp","manufacturing","million KRW",26651
2015,"36330","economy","grdp","electricity, gas, steam and air conditioning supply; water supply and waste management","million KRW",1516
2015,"36330","economy","grdp","construction","million KRW",65659
2015,"36330","economy","grdp","wholesale and retail trade","million KRW",33120
2015,"36330","economy","grdp","transportation and storage","million KRW",18046
2015,"36330","economy","grdp","accommodation and food service activities","million KRW",20900
2015,"36330","economy","grdp","information and communication","million KRW",9374
2015,"36330","economy","grdp","financial and insurance activities","million KRW",15482
2015,"36330","economy","grdp","real estate activities; rental and leasing activities","million KRW",16699
2015,"36330","economy","grdp","professional, scientific and technical activities; business support facilities","million KRW",26624
2015,"36330","economy","grdp","public administration and defence; compulsory social security","million KRW",118769
2015,"36330","economy","grdp","education","million KRW",36234
2015,"36330","economy","grdp","human health and social work activities","million KRW",28787
2015,"36330","economy","grdp","arts, sports and recreation; membership organizations and personal services","million KRW",13627
2015,"36350","economy","grdp","gross regional domestic product at market prices","million KRW",1258868
2015,"36350","economy","grdp","net taxes on products","million KRW",49563
2015,"36350","economy","grdp","total value added at basic prices","million KRW",1209306
2015,"36350","economy","grdp","agriculture, forestry and fishing","million KRW",319920
2015,"36350","economy","grdp","mining and quarrying","million KRW",4454
2015,"36350","economy","grdp","manufacturing","million KRW",81633
2015,"36350","economy","grdp","electricity, gas, steam and air conditioning supply; water supply and waste management","million KRW",9882
2015,"36350","economy","grdp","construction","million KRW",141930
2015,"36350","economy","grdp","wholesale and retail trade","million KRW",57165
2015,"36350","economy","grdp","transportation and storage","million KRW",13405
2015,"36350","economy","grdp","accommodation and food service activities","million KRW",22674
2015,"36350","economy","grdp","information and communication","million KRW",23157
2015,"36350","economy","grdp","financial and insurance activities","million KRW",58845
2015,"36350","economy","grdp","real estate activities; rental and leasing activities","million KRW",25229
2015,"36350","economy","grdp","professional, scientific and technical activities; business support facilities","million KRW",12711
2015,"36350","economy","grdp","public administration and defence; compulsory social security","million KRW",208660
2015,"36350","economy","grdp","education","million KRW",72297
2015,"36350","economy","grdp","human health and social work activities","million KRW",132849
2015,"36350","economy","grdp","arts, sports and recreation; membership organizations and personal services","million KRW",24495
2015,"36360","economy","grdp","gross regional domestic product at market prices","million KRW",811238
2015,"36360","economy","grdp","net taxes on products","million KRW",24671
2015,"36360","economy","grdp","total value added at basic prices","million KRW",786567
2015,"36360","economy","grdp","agriculture, forestry and fishing","million KRW",201860
2015,"36360","economy","grdp","mining and quarrying","million KRW",1376
2015,"36360","economy","grdp","manufacturing","million KRW",38547
2015,"36360","economy","grdp","electricity, gas, steam and air conditioning supply; water supply and waste management","million KRW",4687
2015,"36360","economy","grdp","construction","million KRW",57037
2015,"36360","economy","grdp","wholesale and retail trade","million KRW",44013
2015,"36360","economy","grdp","transportation and storage","million KRW",29917
2015,"36360","economy","grdp","accommodation and food service activities","million KRW",16581
2015,"36360","economy","grdp","information and communication","million KRW",15286
2015,"36360","economy","grdp","financial and insurance activities","million KRW",33676
2015,"36360","economy","grdp","real estate activities; rental and leasing activities","million KRW",19498
2015,"36360","economy","grdp","professional, scientific and technical activities; business support facilities","million KRW",12692
2015,"36360","economy","grdp","public administration and defence; compulsory social security","million KRW",157159
2015,"36360","economy","grdp","education","million KRW",62610
2015,"36360","economy","grdp","human health and social work activities","million KRW",48458
2015,"36360","economy","grdp","arts, sports and recreation; membership organizations and personal services","million KRW",43170
2015,"36370","economy","grdp","gross regional domestic product at market prices","million KRW",1596293
2015,"36370","economy","grdp","net taxes on products","million KRW",82614
2015,"36370","economy","grdp","total value added at basic prices","million KRW",1513679
2015,"36370","economy","grdp","agriculture, forestry and fishing","million KRW",180132
2015,"36370","economy","grdp","mining and quarrying","million KRW",17717
2015,"36370","economy","grdp","manufacturing","million KRW",256169
2015,"36370","economy","grdp","electricity, gas, steam and air conditioning supply; water supply and waste management","million KRW",6569
2015,"36370","economy","grdp","construction","million KRW",122376
2015,"36370","economy","grdp","wholesale and retail trade","million KRW",54412
2015,"36370","economy","grdp","transportation and storage","million KRW",18439
2015,"36370","economy","grdp","accommodation and food service activities","million KRW",31163
2015,"36370","economy","grdp","information and communication","million KRW",21134
2015,"36370","economy","grdp","financial and insurance activities","million KRW",36645
2015,"36370","economy","grdp","real estate activities; rental and leasing activities","million KRW",106550
2015,"36370","economy","grdp","professional, scientific and technical activities; business support facilities","million KRW",103876
2015,"36370","economy","grdp","public administration and defence; compulsory social security","million KRW",173815
2015,"36370","economy","grdp","education","million KRW",87969
2015,"36370","economy","grdp","human health and social work activities","million KRW",184069
2015,"36370","economy","grdp","arts, sports and recreation; membership organizations and personal services","million KRW",112644
2015,"36380","economy","grdp","gross regional domestic product at market prices","million KRW",807614
2015,"36380","economy","grdp","net taxes on products","million KRW",36787
2015,"36380","economy","grdp","total value added at basic prices","million KRW",770827
2015,"36380","economy","grdp","agriculture, forestry and fishing","million KRW",176586
2015,"36380","economy","grdp","mining and quarrying","million KRW",1227
2015,"36380","economy","grdp","manufacturing","million KRW",63028
2015,"36380","economy","grdp","electricity, gas, steam and air conditioning supply; water supply and waste management","million KRW",3957
2015,"36380","economy","grdp","construction","million KRW",51835
2015,"36380","economy","grdp","wholesale and retail trade","million KRW",40248
2015,"36380","economy","grdp","transportation and storage","million KRW",5044
2015,"36380","economy","grdp","accommodation and food service activities","million KRW",16604
2015,"36380","economy","grdp","information and communication","million KRW",14740
2015,"36380","economy","grdp","financial and insurance activities","million KRW",41634
2015,"36380","economy","grdp","real estate activities; rental and leasing activities","million KRW",21880
2015,"36380","economy","grdp","professional, scientific and technical activities; business support facilities","million KRW",17117
2015,"36380","economy","grdp","public administration and defence; compulsory social security","million KRW",184203
2015,"36380","economy","grdp","education","million KRW",53251
2015,"36380","economy","grdp","human health and social work activities","million KRW",37002
2015,"36380","economy","grdp","arts, sports and recreation; membership organizations and personal services","million KRW",42472
2015,"36390","economy","grdp","gross regional domestic product at market prices","million KRW",756149
2015,"36390","economy","grdp","net taxes on products","million KRW",36771
2015,"36390","economy","grdp","total value added at basic prices","million KRW",719378
2015,"36390","economy","grdp","agriculture, forestry and fishing","million KRW",153630
2015,"36390","economy","grdp","mining and quarrying","million KRW",3785
2015,"36390","economy","grdp","manufacturing","million KRW",56969
2015,"36390","economy","grdp","electricity, gas, steam and air conditioning supply; water supply and waste management","million KRW",4877
2015,"36390","economy","grdp","construction","million KRW",62194
2015,"36390","economy","grdp","wholesale and retail trade","million KRW",37459
2015,"36390","economy","grdp","transportation and storage","million KRW",7824
2015,"36390","economy","grdp","accommodation and food service activities","million KRW",15042
2015,"36390","economy","grdp","information and communication","million KRW",13036
2015,"36390","economy","grdp","financial and insurance activities","million KRW",40784
2015,"36390","economy","grdp","real estate activities; rental and leasing activities","million KRW",19859
2015,"36390","economy","grdp","professional, scientific and technical activities; business support facilities","million KRW",10347
2015,"36390","economy","grdp","public administration and defence; compulsory social security","million KRW",163731
2015,"36390","economy","grdp","education","million KRW",57919
2015,"36390","economy","grdp","human health and social work activities","million KRW",37097
2015,"36390","economy","grdp","arts, sports and recreation; membership organizations and personal services","million KRW",34826
2015,"36400","economy","grdp","gross regional domestic product at market prices","million KRW",1688970
2015,"36400","economy","grdp","net taxes on products","million KRW",76120
2015,"36400","economy","grdp","total value added at basic prices","million KRW",1612851
2015,"36400","economy","grdp","agriculture, forestry and fishing","million KRW",476227
2015,"36400","economy","grdp","mining and quarrying","million KRW",16686
2015,"36400","economy","grdp","manufacturing","million KRW",193923
2015,"36400","economy","grdp","electricity, gas, steam and air conditioning supply; water supply and waste management","million KRW",11708
2015,"36400","economy","grdp","construction","million KRW",89290
2015,"36400","economy","grdp","wholesale and retail trade","million KRW",74297
2015,"36400","economy","grdp","transportation and storage","million KRW",15211
2015,"36400","economy","grdp","accommodation and food service activities","million KRW",44631
2015,"36400","economy","grdp","information and communication","million KRW",25109
2015,"36400","economy","grdp","financial and insurance activities","million KRW",87069
2015,"36400","economy","grdp","real estate activities; rental and leasing activities","million KRW",60004
2015,"36400","economy","grdp","professional, scientific and technical activities; business support facilities","million KRW",24601
2015,"36400","economy","grdp","public administration and defence; compulsory social security","million KRW",262951
2015,"36400","economy","grdp","education","million KRW",95730
2015,"36400","economy","grdp","human health and social work activities","million KRW",94991
2015,"36400","economy","grdp","arts, sports and recreation; membership organizations and personal services","million KRW",40423
2015,"36410","economy","grdp","gross regional domestic product at market prices","million KRW",3144676
2015,"36410","economy","grdp","net taxes on products","million KRW",224806
2015,"36410","economy","grdp","total value added at basic prices","million KRW",2919869
2015,"36410","economy","grdp","agriculture, forestry and fishing","million KRW",307098
2015,"36410","economy","grdp","mining and quarrying","million KRW",5529
2015,"36410","economy","grdp","manufacturing","million KRW",1460307
2015,"36410","economy","grdp","electricity, gas, steam and air conditioning supply; water supply and waste management","million KRW",27307
2015,"36410","economy","grdp","construction","million KRW",96990
2015,"36410","economy","grdp","wholesale and retail trade","million KRW",84640
2015,"36410","economy","grdp","transportation and storage","million KRW",105462
2015,"36410","economy","grdp","accommodation and food service activities","million KRW",56902
2015,"36410","economy","grdp","information and communication","million KRW",18229
2015,"36410","economy","grdp","financial and insurance activities","million KRW",54259
2015,"36410","economy","grdp","real estate activities; rental and leasing activities","million KRW",81622
2015,"36410","economy","grdp","professional, scientific and technical activities; business support facilities","million KRW",100687
2015,"36410","economy","grdp","public administration and defence; compulsory social security","million KRW",318924
2015,"36410","economy","grdp","education","million KRW",113881
2015,"36410","economy","grdp","human health and social work activities","million KRW",45643
2015,"36410","economy","grdp","arts, sports and recreation; membership organizations and personal services","million KRW",42390
2015,"36420","economy","grdp","gross regional domestic product at market prices","million KRW",2560963
2015,"36420","economy","grdp","net taxes on products","million KRW",83429
2015,"36420","economy","grdp","total value added at basic prices","million KRW",2477534
2015,"36420","economy","grdp","agriculture, forestry and fishing","million KRW",316943
2015,"36420","economy","grdp","mining and quarrying","million KRW",533
2015,"36420","economy","grdp","manufacturing","million KRW",112093
2015,"36420","economy","grdp","electricity, gas, steam and air conditioning supply; water supply and waste management","million KRW",4704
2015,"36420","economy","grdp","construction","million KRW",162071
2015,"36420","economy","grdp","wholesale and retail trade","million KRW",68655
2015,"36420","economy","grdp","transportation and storage","million KRW",18960
2015,"36420","economy","grdp","accommodation and food service activities","million KRW",33320
2015,"36420","economy","grdp","information and communication","million KRW",28798
2015,"36420","economy","grdp","financial and insurance activities","million KRW",139543
2015,"36420","economy","grdp","real estate activities; rental and leasing activities","million KRW",202224
2015,"36420","economy","grdp","professional, scientific and technical activities; business support facilities","million KRW",44630
2015,"36420","economy","grdp","public administration and defence; compulsory social security","million KRW",946767
2015,"36420","economy","grdp","education","million KRW",262099
2015,"36420","economy","grdp","human health and social work activities","million KRW",72987
2015,"36420","economy","grdp","arts, sports and recreation; membership organizations and personal services","million KRW",63207
2015,"36430","economy","grdp","gross regional domestic product at market prices","million KRW",833345
2015,"36430","economy","grdp","net taxes on products","million KRW",40683
2015,"36430","economy","grdp","total value added at basic prices","million KRW",792662
2015,"36430","economy","grdp","agriculture, forestry and fishing","million KRW",186367
2015,"36430","economy","grdp","mining and quarrying","million KRW",7037
2015,"36430","economy","grdp","manufacturing","million KRW",119707
2015,"36430","economy","grdp","electricity, gas, steam and air conditioning supply; water supply and waste management","million KRW",2385
2015,"36430","economy","grdp","construction","million KRW",53633
2015,"36430","economy","grdp","wholesale and retail trade","million KRW",34643
2015,"36430","economy","grdp","transportation and storage","million KRW",34031
2015,"36430","economy","grdp","accommodation and food service activities","million KRW",8962
2015,"36430","economy","grdp","information and communication","million KRW",13517
2015,"36430","economy","grdp","financial and insurance activities","million KRW",27295
2015,"36430","economy","grdp","real estate activities; rental and leasing activities","million KRW",25043
2015,"36430","economy","grdp","professional, scientific and technical activities; business support facilities","million KRW",30837
2015,"36430","economy","grdp","public administration and defence; compulsory social security","million KRW",150480
2015,"36430","economy","grdp","education","million KRW",48256
2015,"36430","economy","grdp","human health and social work activities","million KRW",29005
2015,"36430","economy","grdp","arts, sports and recreation; membership organizations and personal services","million KRW",21465
2015,"36440","economy","grdp","gross regional domestic product at market prices","million KRW",2210161
2015,"36440","economy","grdp","net taxes on products","million KRW",188733
2015,"36440","economy","grdp","total value added at basic prices","million KRW",2021428
2015,"36440","economy","grdp","agriculture, forestry and fishing","million KRW",203910
2015,"36440","economy","grdp","mining and quarrying","million KRW",8687
2015,"36440","economy","grdp","manufacturing","million KRW",87970
2015,"36440","economy","grdp","electricity, gas, steam and air conditioning supply; water supply and waste management","million KRW",1017985
2015,"36440","economy","grdp","construction","million KRW",113418
2015,"36440","economy","grdp","wholesale and retail trade","million KRW",52201
2015,"36440","economy","grdp","transportation and storage","million KRW",10284
2015,"36440","economy","grdp","accommodation and food service activities","million KRW",20249
2015,"36440","economy","grdp","information and communication","million KRW",18996
2015,"36440","economy","grdp","financial and insurance activities","million KRW",42733
2015,"36440","economy","grdp","real estate activities; rental and leasing activities","million KRW",56218
2015,"36440","economy","grdp","professional, scientific and technical activities; business support facilities","million KRW",35553
2015,"36440","economy","grdp","public administration and defence; compulsory social security","million KRW",167960
2015,"36440","economy","grdp","education","million KRW",75685
2015,"36440","economy","grdp","human health and social work activities","million KRW",75235
2015,"36440","economy","grdp","arts, sports and recreation; membership organizations and personal services","million KRW",34344
2015,"36450","economy","grdp","gross regional domestic product at market prices","million KRW",1608654
2015,"36450","economy","grdp","net taxes on products","million KRW",91287
2015,"36450","economy","grdp","total value added at basic prices","million KRW",1517367
2015,"36450","economy","grdp","agriculture, forestry and fishing","million KRW",139124
2015,"36450","economy","grdp","mining and quarrying","million KRW",7793
2015,"36450","economy","grdp","manufacturing","million KRW",437579
2015,"36450","economy","grdp","electricity, gas, steam and air conditioning supply; water supply and waste management","million KRW",7320
2015,"36450","economy","grdp","construction","million KRW",91451
2015,"36450","economy","grdp","wholesale and retail trade","million KRW",39549
2015,"36450","economy","grdp","transportation and storage","million KRW",66345
2015,"36450","economy","grdp","accommodation and food service activities","million KRW",13937
2015,"36450","economy","grdp","information and communication","million KRW",15693
2015,"36450","economy","grdp","financial and insurance activities","million KRW",32963
2015,"36450","economy","grdp","real estate activities; rental and leasing activities","million KRW",56161
2015,"36450","economy","grdp","professional, scientific and technical activities; business support facilities","million KRW",23139
2015,"36450","economy","grdp","public administration and defence; compulsory social security","million KRW",415637
2015,"36450","economy","grdp","education","million KRW",60679
2015,"36450","economy","grdp","human health and social work activities","million KRW",35698
2015,"36450","economy","grdp","arts, sports and recreation; membership organizations and personal services","million KRW",74302
2015,"36460","economy","grdp","gross regional domestic product at market prices","million KRW",951791
2015,"36460","economy","grdp","net taxes on products","million KRW",39643
2015,"36460","economy","grdp","total value added at basic prices","million KRW",912147
2015,"36460","economy","grdp","agriculture, forestry and fishing","million KRW",182932
2015,"36460","economy","grdp","mining and quarrying","million KRW",5876
2015,"36460","economy","grdp","manufacturing","million KRW",49092
2015,"36460","economy","grdp","electricity, gas, steam and air conditioning supply; water supply and waste management","million KRW",4722
2015,"36460","economy","grdp","construction","million KRW",88716
2015,"36460","economy","grdp","wholesale and retail trade","million KRW",81597
2015,"36460","economy","grdp","transportation and storage","million KRW",42452
2015,"36460","economy","grdp","accommodation and food service activities","million KRW",17848
2015,"36460","economy","grdp","information and communication","million KRW",23652
2015,"36460","economy","grdp","financial and insurance activities","million KRW",51706
2015,"36460","economy","grdp","real estate activities; rental and leasing activities","million KRW",19619
2015,"36460","economy","grdp","professional, scientific and technical activities; business support facilities","million KRW",7145
2015,"36460","economy","grdp","public administration and defence; compulsory social security","million KRW",218744
2015,"36460","economy","grdp","education","million KRW",70965
2015,"36460","economy","grdp","human health and social work activities","million KRW",31279
2015,"36460","economy","grdp","arts, sports and recreation; membership organizations and personal services","million KRW",15802
2015,"36470","economy","grdp","gross regional domestic product at market prices","million KRW",693594
2015,"36470","economy","grdp","net taxes on products","million KRW",22731
2015,"36470","economy","grdp","total value added at basic prices","million KRW",670864
2015,"36470","economy","grdp","agriculture, forestry and fishing","million KRW",229448
2015,"36470","economy","grdp","mining and quarrying","million KRW",786
2015,"36470","economy","grdp","manufacturing","million KRW",37514
2015,"36470","economy","grdp","electricity, gas, steam and air conditioning supply; water supply and waste management","million KRW",4556
2015,"36470","economy","grdp","construction","million KRW",56407
2015,"36470","economy","grdp","wholesale and retail trade","million KRW",28734
2015,"36470","economy","grdp","transportation and storage","million KRW",5341
2015,"36470","economy","grdp","accommodation and food service activities","million KRW",15214
2015,"36470","economy","grdp","information and communication","million KRW",11562
2015,"36470","economy","grdp","financial and insurance activities","million KRW",27625
2015,"36470","economy","grdp","real estate activities; rental and leasing activities","million KRW",11279
2015,"36470","economy","grdp","professional, scientific and technical activities; business support facilities","million KRW",4683
2015,"36470","economy","grdp","public administration and defence; compulsory social security","million KRW",146340
2015,"36470","economy","grdp","education","million KRW",45241
2015,"36470","economy","grdp","human health and social work activities","million KRW",18913
2015,"36470","economy","grdp","arts, sports and recreation; membership organizations and personal services","million KRW",27221
2015,"36480","economy","grdp","gross regional domestic product at market prices","million KRW",907897
2015,"36480","economy","grdp","net taxes on products","million KRW",25160
2015,"36480","economy","grdp","total value added at basic prices","million KRW",882737
2015,"36480","economy","grdp","agriculture, forestry and fishing","million KRW",272829
2015,"36480","economy","grdp","mining and quarrying","million KRW",33100
2015,"36480","economy","grdp","manufacturing","million KRW",26892
2015,"36480","economy","grdp","electricity, gas, steam and air conditioning supply; water supply and waste management","million KRW",13158
2015,"36480","economy","grdp","construction","million KRW",149840
2015,"36480","economy","grdp","wholesale and retail trade","million KRW",20834
2015,"36480","economy","grdp","transportation and storage","million KRW",27930
2015,"36480","economy","grdp","accommodation and food service activities","million KRW",17099
2015,"36480","economy","grdp","information and communication","million KRW",14697
2015,"36480","economy","grdp","financial and insurance activities","million KRW",40892
2015,"36480","economy","grdp","real estate activities; rental and leasing activities","million KRW",14746
2015,"36480","economy","grdp","professional, scientific and technical activities; business support facilities","million KRW",2952
2015,"36480","economy","grdp","public administration and defence; compulsory social security","million KRW",168863
2015,"36480","economy","grdp","education","million KRW",50783
2015,"36480","economy","grdp","human health and social work activities","million KRW",15356
2015,"36480","economy","grdp","arts, sports and recreation; membership organizations and personal services","million KRW",12764
2020,"36010","economy","grdp","gross regional domestic product at market prices","million KRW",4444220
2020,"36010","economy","grdp","net taxes on products","million KRW",262900
2020,"36010","economy","grdp","total value added at basic prices","million KRW",4181320
2020,"36010","economy","grdp","agriculture, forestry and fishing","million KRW",79967
2020,"36010","economy","grdp","mining and quarrying","million KRW",1009
2020,"36010","economy","grdp","manufacturing","million KRW",224706
2020,"36010","economy","grdp","electricity, gas, steam and air conditioning supply; water supply and waste management","million KRW",32872
2020,"36010","economy","grdp","construction","million KRW",286109
2020,"36010","economy","grdp","wholesale and retail trade","million KRW",284414
2020,"36010","economy","grdp","transportation and storage","million KRW",232174
2020,"36010","economy","grdp","accommodation and food service activities","million KRW",156173
2020,"36010","economy","grdp","information and communication","million KRW",130757
2020,"36010","economy","grdp","financial and insurance activities","million KRW",285489
2020,"36010","economy","grdp","real estate activities; rental and leasing activities","million KRW",297053
2020,"36010","economy","grdp","professional, scientific and technical activities; business support facilities","million KRW",198231
2020,"36010","economy","grdp","public administration and defence; compulsory social security","million KRW",718221
2020,"36010","economy","grdp","education","million KRW",507452
2020,"36010","economy","grdp","human health and social work activities","million KRW",607116
2020,"36010","economy","grdp","arts, sports and recreation; membership organizations and personal services","million KRW",139575
2020,"36020","economy","grdp","gross regional domestic product at market prices","million KRW",25733671
2020,"36020","economy","grdp","net taxes on products","million KRW",5912528
2020,"36020","economy","grdp","total value added at basic prices","million KRW",19821143
2020,"36020","economy","grdp","agriculture, forestry and fishing","million KRW",213255
2020,"36020","economy","grdp","mining and quarrying","million KRW",8172
2020,"36020","economy","grdp","manufacturing","million KRW",11109281
2020,"36020","economy","grdp","electricity, gas, steam and air conditioning supply; water supply and waste management","million KRW",483379
2020,"36020","economy","grdp","construction","million KRW",3147846
2020,"36020","economy","grdp","wholesale and retail trade","million KRW",362153
2020,"36020","economy","grdp","transportation and storage","million KRW",466475
2020,"36020","economy","grdp","accommodation and food service activities","million KRW",306852
2020,"36020","economy","grdp","information and communication","million KRW",112356
2020,"36020","economy","grdp","financial and insurance activities","million KRW",299605
2020,"36020","economy","grdp","real estate activities; rental and leasing activities","million KRW",580416
2020,"36020","economy","grdp","professional, scientific and technical activities; business support facilities","million KRW",668618
2020,"36020","economy","grdp","public administration and defence; compulsory social security","million KRW",620188
2020,"36020","economy","grdp","education","million KRW",517174
2020,"36020","economy","grdp","human health and social work activities","million KRW",433381
2020,"36020","economy","grdp","arts, sports and recreation; membership organizations and personal services","million KRW",491991
2020,"36030","economy","grdp","gross regional domestic product at market prices","million KRW",6309237
2020,"36030","economy","grdp","net taxes on products","million KRW",450325
2020,"36030","economy","grdp","total value added at basic prices","million KRW",5858912
2020,"36030","economy","grdp","agriculture, forestry and fishing","million KRW",213670
2020,"36030","economy","grdp","mining and quarrying","million KRW",4176
2020,"36030","economy","grdp","manufacturing","million KRW",950833
2020,"36030","economy","grdp","electricity, gas, steam and air conditioning supply; water supply and waste management","million KRW",322905
2020,"36030","economy","grdp","construction","million KRW",410933
2020,"36030","economy","grdp","wholesale and retail trade","million KRW",347616
2020,"36030","economy","grdp","transportation and storage","million KRW",158319
2020,"36030","economy","grdp","accommodation and food service activities","million KRW",186748
2020,"36030","economy","grdp","information and communication","million KRW",116504
2020,"36030","economy","grdp","financial and insurance activities","million KRW",370288
2020,"36030","economy","grdp","real estate activities; rental and leasing activities","million KRW",398139
2020,"36030","economy","grdp","professional, scientific and technical activities; business support facilities","million KRW",285917
2020,"36030","economy","grdp","public administration and defence; compulsory social security","million KRW",579363
2020,"36030","economy","grdp","education","million KRW",678199
2020,"36030","economy","grdp","human health and social work activities","million KRW",592457
2020,"36030","economy","grdp","arts, sports and recreation; membership organizations and personal services","million KRW",242844
2020,"36040","economy","grdp","gross regional domestic product at market prices","million KRW",4976771
2020,"36040","economy","grdp","net taxes on products","million KRW",455604
2020,"36040","economy","grdp","total value added at basic prices","million KRW",4521167
2020,"36040","economy","grdp","agriculture, forestry and fishing","million KRW",404074
2020,"36040","economy","grdp","mining and quarrying","million KRW",6253
2020,"36040","economy","grdp","manufacturing","million KRW",999779
2020,"36040","economy","grdp","electricity, gas, steam and air conditioning supply; water supply and waste management","million KRW",28631
2020,"36040","economy","grdp","construction","million KRW",303788
2020,"36040","economy","grdp","wholesale and retail trade","million KRW",168366
2020,"36040","economy","grdp","transportation and storage","million KRW",77563
2020,"36040","economy","grdp","accommodation and food service activities","million KRW",71966
2020,"36040","economy","grdp","information and communication","million KRW",416189
2020,"36040","economy","grdp","financial and insurance activities","million KRW",211539
2020,"36040","economy","grdp","real estate activities; rental and leasing activities","million KRW",264199
2020,"36040","economy","grdp","professional, scientific and technical activities; business support facilities","million KRW",526652
2020,"36040","economy","grdp","public administration and defence; compulsory social security","million KRW",349871
2020,"36040","economy","grdp","education","million KRW",272447
2020,"36040","economy","grdp","human health and social work activities","million KRW",256879
2020,"36040","economy","grdp","arts, sports and recreation; membership organizations and personal services","million KRW",162973
2020,"36060","economy","grdp","gross regional domestic product at market prices","million KRW",9979935
2020,"36060","economy","grdp","net taxes on products","million KRW",982449
2020,"36060","economy","grdp","total value added at basic prices","million KRW",8997487
2020,"36060","economy","grdp","agriculture, forestry and fishing","million KRW",91232
2020,"36060","economy","grdp","mining and quarrying","million KRW",4928
2020,"36060","economy","grdp","manufacturing","million KRW",4046954
2020,"36060","economy","grdp","electricity, gas, steam and air conditioning supply; water supply and waste management","million KRW",567693
2020,"36060","economy","grdp","construction","million KRW",683156
2020,"36060","economy","grdp","wholesale and retail trade","million KRW",169287
2020,"36060","economy","grdp","transportation and storage","million KRW",1415441
2020,"36060","economy","grdp","accommodation and food service activities","million KRW",102569
2020,"36060","economy","grdp","information and communication","million KRW",189910
2020,"36060","economy","grdp","financial and insurance activities","million KRW",150696
2020,"36060","economy","grdp","real estate activities; rental and leasing activities","million KRW",329531
2020,"36060","economy","grdp","professional, scientific and technical activities; business support facilities","million KRW",343252
2020,"36060","economy","grdp","public administration and defence; compulsory social security","million KRW",276573
2020,"36060","economy","grdp","education","million KRW",263745
2020,"36060","economy","grdp","human health and social work activities","million KRW",161237
2020,"36060","economy","grdp","arts, sports and recreation; membership organizations and personal services","million KRW",201282
2020,"36310","economy","grdp","gross regional domestic product at market prices","million KRW",1550518
2020,"36310","economy","grdp","net taxes on products","million KRW",104121
2020,"36310","economy","grdp","total value added at basic prices","million KRW",1446397
2020,"36310","economy","grdp","agriculture, forestry and fishing","million KRW",175425
2020,"36310","economy","grdp","mining and quarrying","million KRW",4077
2020,"36310","economy","grdp","manufacturing","million KRW",342636
2020,"36310","economy","grdp","electricity, gas, steam and air conditioning supply; water supply and waste management","million KRW",9043
2020,"36310","economy","grdp","construction","million KRW",132548
2020,"36310","economy","grdp","wholesale and retail trade","million KRW",55725
2020,"36310","economy","grdp","transportation and storage","million KRW",70130
2020,"36310","economy","grdp","accommodation and food service activities","million KRW",43849
2020,"36310","economy","grdp","information and communication","million KRW",28273
2020,"36310","economy","grdp","financial and insurance activities","million KRW",45857
2020,"36310","economy","grdp","real estate activities; rental and leasing activities","million KRW",53899
2020,"36310","economy","grdp","professional, scientific and technical activities; business support facilities","million KRW",48255
2020,"36310","economy","grdp","public administration and defence; compulsory social security","million KRW",233323
2020,"36310","economy","grdp","education","million KRW",85288
2020,"36310","economy","grdp","human health and social work activities","million KRW",78225
2020,"36310","economy","grdp","arts, sports and recreation; membership organizations and personal services","million KRW",39843
2020,"36320","economy","grdp","gross regional domestic product at market prices","million KRW",1071222
2020,"36320","economy","grdp","net taxes on products","million KRW",99443
2020,"36320","economy","grdp","total value added at basic prices","million KRW",971779
2020,"36320","economy","grdp","agriculture, forestry and fishing","million KRW",108280
2020,"36320","economy","grdp","mining and quarrying","million KRW",1887
2020,"36320","economy","grdp","manufacturing","million KRW",363244
2020,"36320","economy","grdp","electricity, gas, steam and air conditioning supply; water supply and waste management","million KRW",7539
2020,"36320","economy","grdp","construction","million KRW",48557
2020,"36320","economy","grdp","wholesale and retail trade","million KRW",21289
2020,"36320","economy","grdp","transportation and storage","million KRW",15715
2020,"36320","economy","grdp","accommodation and food service activities","million KRW",13043
2020,"36320","economy","grdp","information and communication","million KRW",9210
2020,"36320","economy","grdp","financial and insurance activities","million KRW",31292
2020,"36320","economy","grdp","real estate activities; rental and leasing activities","million KRW",26400
2020,"36320","economy","grdp","professional, scientific and technical activities; business support facilities","million KRW",16320
2020,"36320","economy","grdp","public administration and defence; compulsory social security","million KRW",180821
2020,"36320","economy","grdp","education","million KRW",61243
2020,"36320","economy","grdp","human health and social work activities","million KRW",39091
2020,"36320","economy","grdp","arts, sports and recreation; membership organizations and personal services","million KRW",27848
2020,"36330","economy","grdp","gross regional domestic product at market prices","million KRW",595953
2020,"36330","economy","grdp","net taxes on products","million KRW",25931
2020,"36330","economy","grdp","total value added at basic prices","million KRW",570022
2020,"36330","economy","grdp","agriculture, forestry and fishing","million KRW",82205
2020,"36330","economy","grdp","mining and quarrying","million KRW",NA
2020,"36330","economy","grdp","manufacturing","million KRW",37178
2020,"36330","economy","grdp","electricity, gas, steam and air conditioning supply; water supply and waste management","million KRW",3489
2020,"36330","economy","grdp","construction","million KRW",39219
2020,"36330","economy","grdp","wholesale and retail trade","million KRW",25937
2020,"36330","economy","grdp","transportation and storage","million KRW",25337
2020,"36330","economy","grdp","accommodation and food service activities","million KRW",14345
2020,"36330","economy","grdp","information and communication","million KRW",8558
2020,"36330","economy","grdp","financial and insurance activities","million KRW",17757
2020,"36330","economy","grdp","real estate activities; rental and leasing activities","million KRW",18355
2020,"36330","economy","grdp","professional, scientific and technical activities; business support facilities","million KRW",45933
2020,"36330","economy","grdp","public administration and defence; compulsory social security","million KRW",158704
2020,"36330","economy","grdp","education","million KRW",40522
2020,"36330","economy","grdp","human health and social work activities","million KRW",37947
2020,"36330","economy","grdp","arts, sports and recreation; membership organizations and personal services","million KRW",14538
2020,"36350","economy","grdp","gross regional domestic product at market prices","million KRW",1604617
2020,"36350","economy","grdp","net taxes on products","million KRW",86051
2020,"36350","economy","grdp","total value added at basic prices","million KRW",1518566
2020,"36350","economy","grdp","agriculture, forestry and fishing","million KRW",391646
2020,"36350","economy","grdp","mining and quarrying","million KRW",5757
2020,"36350","economy","grdp","manufacturing","million KRW",128909
2020,"36350","economy","grdp","electricity, gas, steam and air conditioning supply; water supply and waste management","million KRW",15359
2020,"36350","economy","grdp","construction","million KRW",152030
2020,"36350","economy","grdp","wholesale and retail trade","million KRW",56948
2020,"36350","economy","grdp","transportation and storage","million KRW",16402
2020,"36350","economy","grdp","accommodation and food service activities","million KRW",25158
2020,"36350","economy","grdp","information and communication","million KRW",21110
2020,"36350","economy","grdp","financial and insurance activities","million KRW",100634
2020,"36350","economy","grdp","real estate activities; rental and leasing activities","million KRW",32106
2020,"36350","economy","grdp","professional, scientific and technical activities; business support facilities","million KRW",15471
2020,"36350","economy","grdp","public administration and defence; compulsory social security","million KRW",293321
2020,"36350","economy","grdp","education","million KRW",80358
2020,"36350","economy","grdp","human health and social work activities","million KRW",152223
2020,"36350","economy","grdp","arts, sports and recreation; membership organizations and personal services","million KRW",31136
2020,"36360","economy","grdp","gross regional domestic product at market prices","million KRW",1008572
2020,"36360","economy","grdp","net taxes on products","million KRW",41689
2020,"36360","economy","grdp","total value added at basic prices","million KRW",966883
2020,"36360","economy","grdp","agriculture, forestry and fishing","million KRW",256244
2020,"36360","economy","grdp","mining and quarrying","million KRW",110
2020,"36360","economy","grdp","manufacturing","million KRW",60040
2020,"36360","economy","grdp","electricity, gas, steam and air conditioning supply; water supply and waste management","million KRW",6743
2020,"36360","economy","grdp","construction","million KRW",73702
2020,"36360","economy","grdp","wholesale and retail trade","million KRW",38455
2020,"36360","economy","grdp","transportation and storage","million KRW",32941
2020,"36360","economy","grdp","accommodation and food service activities","million KRW",16088
2020,"36360","economy","grdp","information and communication","million KRW",13234
2020,"36360","economy","grdp","financial and insurance activities","million KRW",36527
2020,"36360","economy","grdp","real estate activities; rental and leasing activities","million KRW",43365
2020,"36360","economy","grdp","professional, scientific and technical activities; business support facilities","million KRW",12921
2020,"36360","economy","grdp","public administration and defence; compulsory social security","million KRW",213023
2020,"36360","economy","grdp","education","million KRW",66558
2020,"36360","economy","grdp","human health and social work activities","million KRW",59091
2020,"36360","economy","grdp","arts, sports and recreation; membership organizations and personal services","million KRW",37841
2020,"36370","economy","grdp","gross regional domestic product at market prices","million KRW",1783722
2020,"36370","economy","grdp","net taxes on products","million KRW",111783
2020,"36370","economy","grdp","total value added at basic prices","million KRW",1671939
2020,"36370","economy","grdp","agriculture, forestry and fishing","million KRW",151798
2020,"36370","economy","grdp","mining and quarrying","million KRW",20219
2020,"36370","economy","grdp","manufacturing","million KRW",274340
2020,"36370","economy","grdp","electricity, gas, steam and air conditioning supply; water supply and waste management","million KRW",11826
2020,"36370","economy","grdp","construction","million KRW",143694
2020,"36370","economy","grdp","wholesale and retail trade","million KRW",65871
2020,"36370","economy","grdp","transportation and storage","million KRW",18645
2020,"36370","economy","grdp","accommodation and food service activities","million KRW",40192
2020,"36370","economy","grdp","information and communication","million KRW",21348
2020,"36370","economy","grdp","financial and insurance activities","million KRW",51697
2020,"36370","economy","grdp","real estate activities; rental and leasing activities","million KRW",94009
2020,"36370","economy","grdp","professional, scientific and technical activities; business support facilities","million KRW",112458
2020,"36370","economy","grdp","public administration and defence; compulsory social security","million KRW",261249
2020,"36370","economy","grdp","education","million KRW",95043
2020,"36370","economy","grdp","human health and social work activities","million KRW",253788
2020,"36370","economy","grdp","arts, sports and recreation; membership organizations and personal services","million KRW",55762
2020,"36380","economy","grdp","gross regional domestic product at market prices","million KRW",1034038
2020,"36380","economy","grdp","net taxes on products","million KRW",65513
2020,"36380","economy","grdp","total value added at basic prices","million KRW",968525
2020,"36380","economy","grdp","agriculture, forestry and fishing","million KRW",193557
2020,"36380","economy","grdp","mining and quarrying","million KRW",1679
2020,"36380","economy","grdp","manufacturing","million KRW",106841
2020,"36380","economy","grdp","electricity, gas, steam and air conditioning supply; water supply and waste management","million KRW",6500
2020,"36380","economy","grdp","construction","million KRW",89815
2020,"36380","economy","grdp","wholesale and retail trade","million KRW",38477
2020,"36380","economy","grdp","transportation and storage","million KRW",6487
2020,"36380","economy","grdp","accommodation and food service activities","million KRW",10294
2020,"36380","economy","grdp","information and communication","million KRW",11982
2020,"36380","economy","grdp","financial and insurance activities","million KRW",49961
2020,"36380","economy","grdp","real estate activities; rental and leasing activities","million KRW",25542
2020,"36380","economy","grdp","professional, scientific and technical activities; business support facilities","million KRW",13563
2020,"36380","economy","grdp","public administration and defence; compulsory social security","million KRW",249751
2020,"36380","economy","grdp","education","million KRW",57142
2020,"36380","economy","grdp","human health and social work activities","million KRW",55256
2020,"36380","economy","grdp","arts, sports and recreation; membership organizations and personal services","million KRW",51679
2020,"36390","economy","grdp","gross regional domestic product at market prices","million KRW",953921
2020,"36390","economy","grdp","net taxes on products","million KRW",58293
2020,"36390","economy","grdp","total value added at basic prices","million KRW",895628
2020,"36390","economy","grdp","agriculture, forestry and fishing","million KRW",124766
2020,"36390","economy","grdp","mining and quarrying","million KRW",3070
2020,"36390","economy","grdp","manufacturing","million KRW",81567
2020,"36390","economy","grdp","electricity, gas, steam and air conditioning supply; water supply and waste management","million KRW",11199
2020,"36390","economy","grdp","construction","million KRW",99889
2020,"36390","economy","grdp","wholesale and retail trade","million KRW",74151
2020,"36390","economy","grdp","transportation and storage","million KRW",18337
2020,"36390","economy","grdp","accommodation and food service activities","million KRW",16018
2020,"36390","economy","grdp","information and communication","million KRW",11298
2020,"36390","economy","grdp","financial and insurance activities","million KRW",45865
2020,"36390","economy","grdp","real estate activities; rental and leasing activities","million KRW",25610
2020,"36390","economy","grdp","professional, scientific and technical activities; business support facilities","million KRW",11582
2020,"36390","economy","grdp","public administration and defence; compulsory social security","million KRW",220341
2020,"36390","economy","grdp","education","million KRW",64900
2020,"36390","economy","grdp","human health and social work activities","million KRW",54587
2020,"36390","economy","grdp","arts, sports and recreation; membership organizations and personal services","million KRW",32449
2020,"36400","economy","grdp","gross regional domestic product at market prices","million KRW",2322251
2020,"36400","economy","grdp","net taxes on products","million KRW",119382
2020,"36400","economy","grdp","total value added at basic prices","million KRW",2202869
2020,"36400","economy","grdp","agriculture, forestry and fishing","million KRW",729453
2020,"36400","economy","grdp","mining and quarrying","million KRW",16120
2020,"36400","economy","grdp","manufacturing","million KRW",269109
2020,"36400","economy","grdp","electricity, gas, steam and air conditioning supply; water supply and waste management","million KRW",33374
2020,"36400","economy","grdp","construction","million KRW",141280
2020,"36400","economy","grdp","wholesale and retail trade","million KRW",86459
2020,"36400","economy","grdp","transportation and storage","million KRW",12299
2020,"36400","economy","grdp","accommodation and food service activities","million KRW",29809
2020,"36400","economy","grdp","information and communication","million KRW",22248
2020,"36400","economy","grdp","financial and insurance activities","million KRW",100933
2020,"36400","economy","grdp","real estate activities; rental and leasing activities","million KRW",57809
2020,"36400","economy","grdp","professional, scientific and technical activities; business support facilities","million KRW",26262
2020,"36400","economy","grdp","public administration and defence; compulsory social security","million KRW",393365
2020,"36400","economy","grdp","education","million KRW",103649
2020,"36400","economy","grdp","human health and social work activities","million KRW",126280
2020,"36400","economy","grdp","arts, sports and recreation; membership organizations and personal services","million KRW",54421
2020,"36410","economy","grdp","gross regional domestic product at market prices","million KRW",3371718
2020,"36410","economy","grdp","net taxes on products","million KRW",223915
2020,"36410","economy","grdp","total value added at basic prices","million KRW",3147803
2020,"36410","economy","grdp","agriculture, forestry and fishing","million KRW",364986
2020,"36410","economy","grdp","mining and quarrying","million KRW",5675
2020,"36410","economy","grdp","manufacturing","million KRW",1464998
2020,"36410","economy","grdp","electricity, gas, steam and air conditioning supply; water supply and waste management","million KRW",34686
2020,"36410","economy","grdp","construction","million KRW",136853
2020,"36410","economy","grdp","wholesale and retail trade","million KRW",91302
2020,"36410","economy","grdp","transportation and storage","million KRW",49860
2020,"36410","economy","grdp","accommodation and food service activities","million KRW",41294
2020,"36410","economy","grdp","information and communication","million KRW",24967
2020,"36410","economy","grdp","financial and insurance activities","million KRW",73041
2020,"36410","economy","grdp","real estate activities; rental and leasing activities","million KRW",90561
2020,"36410","economy","grdp","professional, scientific and technical activities; business support facilities","million KRW",93237
2020,"36410","economy","grdp","public administration and defence; compulsory social security","million KRW",432488
2020,"36410","economy","grdp","education","million KRW",126778
2020,"36410","economy","grdp","human health and social work activities","million KRW",60545
2020,"36410","economy","grdp","arts, sports and recreation; membership organizations and personal services","million KRW",56534
2020,"36420","economy","grdp","gross regional domestic product at market prices","million KRW",3358212
2020,"36420","economy","grdp","net taxes on products","million KRW",130428
2020,"36420","economy","grdp","total value added at basic prices","million KRW",3227784
2020,"36420","economy","grdp","agriculture, forestry and fishing","million KRW",372083
2020,"36420","economy","grdp","mining and quarrying","million KRW",885
2020,"36420","economy","grdp","manufacturing","million KRW",161040
2020,"36420","economy","grdp","electricity, gas, steam and air conditioning supply; water supply and waste management","million KRW",15175
2020,"36420","economy","grdp","construction","million KRW",297858
2020,"36420","economy","grdp","wholesale and retail trade","million KRW",89551
2020,"36420","economy","grdp","transportation and storage","million KRW",30180
2020,"36420","economy","grdp","accommodation and food service activities","million KRW",41048
2020,"36420","economy","grdp","information and communication","million KRW",34201
2020,"36420","economy","grdp","financial and insurance activities","million KRW",128914
2020,"36420","economy","grdp","real estate activities; rental and leasing activities","million KRW",161707
2020,"36420","economy","grdp","professional, scientific and technical activities; business support facilities","million KRW",72558
2020,"36420","economy","grdp","public administration and defence; compulsory social security","million KRW",1275556
2020,"36420","economy","grdp","education","million KRW",353689
2020,"36420","economy","grdp","human health and social work activities","million KRW",118864
2020,"36420","economy","grdp","arts, sports and recreation; membership organizations and personal services","million KRW",74475
2020,"36430","economy","grdp","gross regional domestic product at market prices","million KRW",1092857
2020,"36430","economy","grdp","net taxes on products","million KRW",70960
2020,"36430","economy","grdp","total value added at basic prices","million KRW",1021897
2020,"36430","economy","grdp","agriculture, forestry and fishing","million KRW",212542
2020,"36430","economy","grdp","mining and quarrying","million KRW",6469
2020,"36430","economy","grdp","manufacturing","million KRW",164093
2020,"36430","economy","grdp","electricity, gas, steam and air conditioning supply; water supply and waste management","million KRW",6556
2020,"36430","economy","grdp","construction","million KRW",117776
2020,"36430","economy","grdp","wholesale and retail trade","million KRW",40408
2020,"36430","economy","grdp","transportation and storage","million KRW",31661
2020,"36430","economy","grdp","accommodation and food service activities","million KRW",17911
2020,"36430","economy","grdp","information and communication","million KRW",10971
2020,"36430","economy","grdp","financial and insurance activities","million KRW",38460
2020,"36430","economy","grdp","real estate activities; rental and leasing activities","million KRW",31609
2020,"36430","economy","grdp","professional, scientific and technical activities; business support facilities","million KRW",18868
2020,"36430","economy","grdp","public administration and defence; compulsory social security","million KRW",200251
2020,"36430","economy","grdp","education","million KRW",55287
2020,"36430","economy","grdp","human health and social work activities","million KRW",38362
2020,"36430","economy","grdp","arts, sports and recreation; membership organizations and personal services","million KRW",30673
2020,"36440","economy","grdp","gross regional domestic product at market prices","million KRW",2187878
2020,"36440","economy","grdp","net taxes on products","million KRW",211780
2020,"36440","economy","grdp","total value added at basic prices","million KRW",1976098
2020,"36440","economy","grdp","agriculture, forestry and fishing","million KRW",220260
2020,"36440","economy","grdp","mining and quarrying","million KRW",8661
2020,"36440","economy","grdp","manufacturing","million KRW",143423
2020,"36440","economy","grdp","electricity, gas, steam and air conditioning supply; water supply and waste management","million KRW",778701
2020,"36440","economy","grdp","construction","million KRW",130842
2020,"36440","economy","grdp","wholesale and retail trade","million KRW",50448
2020,"36440","economy","grdp","transportation and storage","million KRW",9836
2020,"36440","economy","grdp","accommodation and food service activities","million KRW",22569
2020,"36440","economy","grdp","information and communication","million KRW",19980
2020,"36440","economy","grdp","financial and insurance activities","million KRW",38524
2020,"36440","economy","grdp","real estate activities; rental and leasing activities","million KRW",71139
2020,"36440","economy","grdp","professional, scientific and technical activities; business support facilities","million KRW",35554
2020,"36440","economy","grdp","public administration and defence; compulsory social security","million KRW",234930
2020,"36440","economy","grdp","education","million KRW",83546
2020,"36440","economy","grdp","human health and social work activities","million KRW",92125
2020,"36440","economy","grdp","arts, sports and recreation; membership organizations and personal services","million KRW",35562
2020,"36450","economy","grdp","gross regional domestic product at market prices","million KRW",1977055
2020,"36450","economy","grdp","net taxes on products","million KRW",124392
2020,"36450","economy","grdp","total value added at basic prices","million KRW",1852663
2020,"36450","economy","grdp","agriculture, forestry and fishing","million KRW",118810
2020,"36450","economy","grdp","mining and quarrying","million KRW",7926
2020,"36450","economy","grdp","manufacturing","million KRW",564485
2020,"36450","economy","grdp","electricity, gas, steam and air conditioning supply; water supply and waste management","million KRW",12349
2020,"36450","economy","grdp","construction","million KRW",93757
2020,"36450","economy","grdp","wholesale and retail trade","million KRW",63228
2020,"36450","economy","grdp","transportation and storage","million KRW",61064
2020,"36450","economy","grdp","accommodation and food service activities","million KRW",19227
2020,"36450","economy","grdp","information and communication","million KRW",17080
2020,"36450","economy","grdp","financial and insurance activities","million KRW",36555
2020,"36450","economy","grdp","real estate activities; rental and leasing activities","million KRW",52870
2020,"36450","economy","grdp","professional, scientific and technical activities; business support facilities","million KRW",62310
2020,"36450","economy","grdp","public administration and defence; compulsory social security","million KRW",544084
2020,"36450","economy","grdp","education","million KRW",68763
2020,"36450","economy","grdp","human health and social work activities","million KRW",47576
2020,"36450","economy","grdp","arts, sports and recreation; membership organizations and personal services","million KRW",82578
2020,"36460","economy","grdp","gross regional domestic product at market prices","million KRW",1262316
2020,"36460","economy","grdp","net taxes on products","million KRW",69819
2020,"36460","economy","grdp","total value added at basic prices","million KRW",1192497
2020,"36460","economy","grdp","agriculture, forestry and fishing","million KRW",258714
2020,"36460","economy","grdp","mining and quarrying","million KRW",9731
2020,"36460","economy","grdp","manufacturing","million KRW",67370
2020,"36460","economy","grdp","electricity, gas, steam and air conditioning supply; water supply and waste management","million KRW",10732
2020,"36460","economy","grdp","construction","million KRW",112112
2020,"36460","economy","grdp","wholesale and retail trade","million KRW",94942
2020,"36460","economy","grdp","transportation and storage","million KRW",35362
2020,"36460","economy","grdp","accommodation and food service activities","million KRW",21009
2020,"36460","economy","grdp","information and communication","million KRW",22096
2020,"36460","economy","grdp","financial and insurance activities","million KRW",93459
2020,"36460","economy","grdp","real estate activities; rental and leasing activities","million KRW",23617
2020,"36460","economy","grdp","professional, scientific and technical activities; business support facilities","million KRW",12069
2020,"36460","economy","grdp","public administration and defence; compulsory social security","million KRW",287726
2020,"36460","economy","grdp","education","million KRW",80374
2020,"36460","economy","grdp","human health and social work activities","million KRW",41277
2020,"36460","economy","grdp","arts, sports and recreation; membership organizations and personal services","million KRW",21907
2020,"36470","economy","grdp","gross regional domestic product at market prices","million KRW",882092
2020,"36470","economy","grdp","net taxes on products","million KRW",35885
2020,"36470","economy","grdp","total value added at basic prices","million KRW",846207
2020,"36470","economy","grdp","agriculture, forestry and fishing","million KRW",260835
2020,"36470","economy","grdp","mining and quarrying","million KRW",4327
2020,"36470","economy","grdp","manufacturing","million KRW",40039
2020,"36470","economy","grdp","electricity, gas, steam and air conditioning supply; water supply and waste management","million KRW",5937
2020,"36470","economy","grdp","construction","million KRW",74412
2020,"36470","economy","grdp","wholesale and retail trade","million KRW",37124
2020,"36470","economy","grdp","transportation and storage","million KRW",7689
2020,"36470","economy","grdp","accommodation and food service activities","million KRW",23528
2020,"36470","economy","grdp","information and communication","million KRW",11328
2020,"36470","economy","grdp","financial and insurance activities","million KRW",24810
2020,"36470","economy","grdp","real estate activities; rental and leasing activities","million KRW",14546
2020,"36470","economy","grdp","professional, scientific and technical activities; business support facilities","million KRW",8223
2020,"36470","economy","grdp","public administration and defence; compulsory social security","million KRW",220554
2020,"36470","economy","grdp","education","million KRW",49017
2020,"36470","economy","grdp","human health and social work activities","million KRW",30265
2020,"36470","economy","grdp","arts, sports and recreation; membership organizations and personal services","million KRW",33572
2020,"36480","economy","grdp","gross regional domestic product at market prices","million KRW",1318376
2020,"36480","economy","grdp","net taxes on products","million KRW",57442
2020,"36480","economy","grdp","total value added at basic prices","million KRW",1260933
2020,"36480","economy","grdp","agriculture, forestry and fishing","million KRW",432657
2020,"36480","economy","grdp","mining and quarrying","million KRW",30622
2020,"36480","economy","grdp","manufacturing","million KRW",52844
2020,"36480","economy","grdp","electricity, gas, steam and air conditioning supply; water supply and waste management","million KRW",17664
2020,"36480","economy","grdp","construction","million KRW",187464
2020,"36480","economy","grdp","wholesale and retail trade","million KRW",32018
2020,"36480","economy","grdp","transportation and storage","million KRW",29637
2020,"36480","economy","grdp","accommodation and food service activities","million KRW",14741
2020,"36480","economy","grdp","information and communication","million KRW",12434
2020,"36480","economy","grdp","financial and insurance activities","million KRW",35318
2020,"36480","economy","grdp","real estate activities; rental and leasing activities","million KRW",17979
2020,"36480","economy","grdp","professional, scientific and technical activities; business support facilities","million KRW",14825
2020,"36480","economy","grdp","public administration and defence; compulsory social security","million KRW",280742
2020,"36480","economy","grdp","education","million KRW",59691
2020,"36480","economy","grdp","human health and social work activities","million KRW",28386
2020,"36480","economy","grdp","arts, sports and recreation; membership organizations and personal services","million KRW",13911
2010,"35010","economy","grdp","gross regional domestic product at market prices","million KRW",10177864
2010,"35010","economy","grdp","net taxes on products","million KRW",567891
2010,"35010","economy","grdp","total value added at basic prices","million KRW",9609973
2010,"35010","economy","grdp","agriculture, forestry and fishing","million KRW",65362
2010,"35010","economy","grdp","mining and quarrying","million KRW",NA
2010,"35010","economy","grdp","manufacturing","million KRW",976651
2010,"35010","economy","grdp","electricity, gas, steam and air conditioning supply; water supply and waste management","million KRW",191310
2010,"35010","economy","grdp","construction","million KRW",386788
2010,"35010","economy","grdp","wholesale and retail trade","million KRW",890536
2010,"35010","economy","grdp","transportation and storage","million KRW",272459
2010,"35010","economy","grdp","accommodation and food service activities","million KRW",246229
2010,"35010","economy","grdp","information and communication","million KRW",300708
2010,"35010","economy","grdp","financial and insurance activities","million KRW",992965
2010,"35010","economy","grdp","real estate activities; rental and leasing activities","million KRW",840598
2010,"35010","economy","grdp","professional, scientific and technical activities; business support facilities","million KRW",442112
2010,"35010","economy","grdp","public administration and defence; compulsory social security","million KRW",1037850
2010,"35010","economy","grdp","education","million KRW",1878357
2010,"35010","economy","grdp","human health and social work activities","million KRW",682582
2010,"35010","economy","grdp","arts, sports and recreation; membership organizations and personal services","million KRW",405465
2010,"35020","economy","grdp","gross regional domestic product at market prices","million KRW",7986934
2010,"35020","economy","grdp","net taxes on products","million KRW",759490
2010,"35020","economy","grdp","total value added at basic prices","million KRW",7227444
2010,"35020","economy","grdp","agriculture, forestry and fishing","million KRW",184353
2010,"35020","economy","grdp","mining and quarrying","million KRW",9182
2010,"35020","economy","grdp","manufacturing","million KRW",3438007
2010,"35020","economy","grdp","electricity, gas, steam and air conditioning supply; water supply and waste management","million KRW",304685
2010,"35020","economy","grdp","construction","million KRW",623278
2010,"35020","economy","grdp","wholesale and retail trade","million KRW",311721
2010,"35020","economy","grdp","transportation and storage","million KRW",265605
2010,"35020","economy","grdp","accommodation and food service activities","million KRW",132366
2010,"35020","economy","grdp","information and communication","million KRW",98353
2010,"35020","economy","grdp","financial and insurance activities","million KRW",281391
2010,"35020","economy","grdp","real estate activities; rental and leasing activities","million KRW",329634
2010,"35020","economy","grdp","professional, scientific and technical activities; business support facilities","million KRW",184454
2010,"35020","economy","grdp","public administration and defence; compulsory social security","million KRW",419116
2010,"35020","economy","grdp","education","million KRW",230283
2010,"35020","economy","grdp","human health and social work activities","million KRW",227466
2010,"35020","economy","grdp","arts, sports and recreation; membership organizations and personal services","million KRW",187550
2010,"35030","economy","grdp","gross regional domestic product at market prices","million KRW",6192055
2010,"35030","economy","grdp","net taxes on products","million KRW",517624
2010,"35030","economy","grdp","total value added at basic prices","million KRW",5674431
2010,"35030","economy","grdp","agriculture, forestry and fishing","million KRW",257948
2010,"35030","economy","grdp","mining and quarrying","million KRW",37657
2010,"35030","economy","grdp","manufacturing","million KRW",2040830
2010,"35030","economy","grdp","electricity, gas, steam and air conditioning supply; water supply and waste management","million KRW",131422
2010,"35030","economy","grdp","construction","million KRW",374193
2010,"35030","economy","grdp","wholesale and retail trade","million KRW",319228
2010,"35030","economy","grdp","transportation and storage","million KRW",186307
2010,"35030","economy","grdp","accommodation and food service activities","million KRW",109310
2010,"35030","economy","grdp","information and communication","million KRW",115201
2010,"35030","economy","grdp","financial and insurance activities","million KRW",279950
2010,"35030","economy","grdp","real estate activities; rental and leasing activities","million KRW",340815
2010,"35030","economy","grdp","professional, scientific and technical activities; business support facilities","million KRW",313635
2010,"35030","economy","grdp","public administration and defence; compulsory social security","million KRW",375104
2010,"35030","economy","grdp","education","million KRW",301181
2010,"35030","economy","grdp","human health and social work activities","million KRW",300330
2010,"35030","economy","grdp","arts, sports and recreation; membership organizations and personal services","million KRW",191318
2010,"35040","economy","grdp","gross regional domestic product at market prices","million KRW",2175921
2010,"35040","economy","grdp","net taxes on products","million KRW",147405
2010,"35040","economy","grdp","total value added at basic prices","million KRW",2028516
2010,"35040","economy","grdp","agriculture, forestry and fishing","million KRW",365828
2010,"35040","economy","grdp","mining and quarrying","million KRW",4613
2010,"35040","economy","grdp","manufacturing","million KRW",465581
2010,"35040","economy","grdp","electricity, gas, steam and air conditioning supply; water supply and waste management","million KRW",33182
2010,"35040","economy","grdp","construction","million KRW",138066
2010,"35040","economy","grdp","wholesale and retail trade","million KRW",106073
2010,"35040","economy","grdp","transportation and storage","million KRW",44587
2010,"35040","economy","grdp","accommodation and food service activities","million KRW",45506
2010,"35040","economy","grdp","information and communication","million KRW",49373
2010,"35040","economy","grdp","financial and insurance activities","million KRW",65950
2010,"35040","economy","grdp","real estate activities; rental and leasing activities","million KRW",121328
2010,"35040","economy","grdp","professional, scientific and technical activities; business support facilities","million KRW",54134
2010,"35040","economy","grdp","public administration and defence; compulsory social security","million KRW",242962
2010,"35040","economy","grdp","education","million KRW",102024
2010,"35040","economy","grdp","human health and social work activities","million KRW",113515
2010,"35040","economy","grdp","arts, sports and recreation; membership organizations and personal services","million KRW",75793
2010,"35050","economy","grdp","gross regional domestic product at market prices","million KRW",1477504
2010,"35050","economy","grdp","net taxes on products","million KRW",89643
2010,"35050","economy","grdp","total value added at basic prices","million KRW",1387860
2010,"35050","economy","grdp","agriculture, forestry and fishing","million KRW",255548
2010,"35050","economy","grdp","mining and quarrying","million KRW",14000
2010,"35050","economy","grdp","manufacturing","million KRW",159907
2010,"35050","economy","grdp","electricity, gas, steam and air conditioning supply; water supply and waste management","million KRW",15942
2010,"35050","economy","grdp","construction","million KRW",128233
2010,"35050","economy","grdp","wholesale and retail trade","million KRW",73652
2010,"35050","economy","grdp","transportation and storage","million KRW",48885
2010,"35050","economy","grdp","accommodation and food service activities","million KRW",39949
2010,"35050","economy","grdp","information and communication","million KRW",37654
2010,"35050","economy","grdp","financial and insurance activities","million KRW",51067
2010,"35050","economy","grdp","real estate activities; rental and leasing activities","million KRW",86551
2010,"35050","economy","grdp","professional, scientific and technical activities; business support facilities","million KRW",45942
2010,"35050","economy","grdp","public administration and defence; compulsory social security","million KRW",222404
2010,"35050","economy","grdp","education","million KRW",64670
2010,"35050","economy","grdp","human health and social work activities","million KRW",94107
2010,"35050","economy","grdp","arts, sports and recreation; membership organizations and personal services","million KRW",49349
2010,"35060","economy","grdp","gross regional domestic product at market prices","million KRW",2052814
2010,"35060","economy","grdp","net taxes on products","million KRW",215015
2010,"35060","economy","grdp","total value added at basic prices","million KRW",1837799
2010,"35060","economy","grdp","agriculture, forestry and fishing","million KRW",334531
2010,"35060","economy","grdp","mining and quarrying","million KRW",NA
2010,"35060","economy","grdp","manufacturing","million KRW",492302
2010,"35060","economy","grdp","electricity, gas, steam and air conditioning supply; water supply and waste management","million KRW",23605
2010,"35060","economy","grdp","construction","million KRW",127636
2010,"35060","economy","grdp","wholesale and retail trade","million KRW",126718
2010,"35060","economy","grdp","transportation and storage","million KRW",49455
2010,"35060","economy","grdp","accommodation and food service activities","million KRW",30641
2010,"35060","economy","grdp","information and communication","million KRW",37216
2010,"35060","economy","grdp","financial and insurance activities","million KRW",46022
2010,"35060","economy","grdp","real estate activities; rental and leasing activities","million KRW",97966
2010,"35060","economy","grdp","professional, scientific and technical activities; business support facilities","million KRW",47399
2010,"35060","economy","grdp","public administration and defence; compulsory social security","million KRW",196417
2010,"35060","economy","grdp","education","million KRW",74395
2010,"35060","economy","grdp","human health and social work activities","million KRW",95791
2010,"35060","economy","grdp","arts, sports and recreation; membership organizations and personal services","million KRW",57706
2010,"35310","economy","grdp","gross regional domestic product at market prices","million KRW",2881970
2010,"35310","economy","grdp","net taxes on products","million KRW",247615
2010,"35310","economy","grdp","total value added at basic prices","million KRW",2634355
2010,"35310","economy","grdp","agriculture, forestry and fishing","million KRW",219516
2010,"35310","economy","grdp","mining and quarrying","million KRW",6126
2010,"35310","economy","grdp","manufacturing","million KRW",1520476
2010,"35310","economy","grdp","electricity, gas, steam and air conditioning supply; water supply and waste management","million KRW",53333
2010,"35310","economy","grdp","construction","million KRW",152253
2010,"35310","economy","grdp","wholesale and retail trade","million KRW",79911
2010,"35310","economy","grdp","transportation and storage","million KRW",44620
2010,"35310","economy","grdp","accommodation and food service activities","million KRW",33223
2010,"35310","economy","grdp","information and communication","million KRW",31415
2010,"35310","economy","grdp","financial and insurance activities","million KRW",22244
2010,"35310","economy","grdp","real estate activities; rental and leasing activities","million KRW",90467
2010,"35310","economy","grdp","professional, scientific and technical activities; business support facilities","million KRW",45813
2010,"35310","economy","grdp","public administration and defence; compulsory social security","million KRW",143613
2010,"35310","economy","grdp","education","million KRW",81702
2010,"35310","economy","grdp","human health and social work activities","million KRW",74006
2010,"35310","economy","grdp","arts, sports and recreation; membership organizations and personal services","million KRW",35637
2010,"35320","economy","grdp","gross regional domestic product at market prices","million KRW",474824
2010,"35320","economy","grdp","net taxes on products","million KRW",16449
2010,"35320","economy","grdp","total value added at basic prices","million KRW",458375
2010,"35320","economy","grdp","agriculture, forestry and fishing","million KRW",135356
2010,"35320","economy","grdp","mining and quarrying","million KRW",NA
2010,"35320","economy","grdp","manufacturing","million KRW",26109
2010,"35320","economy","grdp","electricity, gas, steam and air conditioning supply; water supply and waste management","million KRW",10978
2010,"35320","economy","grdp","construction","million KRW",36151
2010,"35320","economy","grdp","wholesale and retail trade","million KRW",17091
2010,"35320","economy","grdp","transportation and storage","million KRW",7519
2010,"35320","economy","grdp","accommodation and food service activities","million KRW",9487
2010,"35320","economy","grdp","information and communication","million KRW",11763
2010,"35320","economy","grdp","financial and insurance activities","million KRW",11125
2010,"35320","economy","grdp","real estate activities; rental and leasing activities","million KRW",27287
2010,"35320","economy","grdp","professional, scientific and technical activities; business support facilities","million KRW",2943
2010,"35320","economy","grdp","public administration and defence; compulsory social security","million KRW",101320
2010,"35320","economy","grdp","education","million KRW",13395
2010,"35320","economy","grdp","human health and social work activities","million KRW",34258
2010,"35320","economy","grdp","arts, sports and recreation; membership organizations and personal services","million KRW",13592
2010,"35330","economy","grdp","gross regional domestic product at market prices","million KRW",484869
2010,"35330","economy","grdp","net taxes on products","million KRW",20778
2010,"35330","economy","grdp","total value added at basic prices","million KRW",464091
2010,"35330","economy","grdp","agriculture, forestry and fishing","million KRW",107675
2010,"35330","economy","grdp","mining and quarrying","million KRW",1697
2010,"35330","economy","grdp","manufacturing","million KRW",17962
2010,"35330","economy","grdp","electricity, gas, steam and air conditioning supply; water supply and waste management","million KRW",29996
2010,"35330","economy","grdp","construction","million KRW",48087
2010,"35330","economy","grdp","wholesale and retail trade","million KRW",11969
2010,"35330","economy","grdp","transportation and storage","million KRW",11968
2010,"35330","economy","grdp","accommodation and food service activities","million KRW",27858
2010,"35330","economy","grdp","information and communication","million KRW",12736
2010,"35330","economy","grdp","financial and insurance activities","million KRW",8844
2010,"35330","economy","grdp","real estate activities; rental and leasing activities","million KRW",27500
2010,"35330","economy","grdp","professional, scientific and technical activities; business support facilities","million KRW",22344
2010,"35330","economy","grdp","public administration and defence; compulsory social security","million KRW",85302
2010,"35330","economy","grdp","education","million KRW",10419
2010,"35330","economy","grdp","human health and social work activities","million KRW",19756
2010,"35330","economy","grdp","arts, sports and recreation; membership organizations and personal services","million KRW",19980
2010,"35340","economy","grdp","gross regional domestic product at market prices","million KRW",455208
2010,"35340","economy","grdp","net taxes on products","million KRW",16514
2010,"35340","economy","grdp","total value added at basic prices","million KRW",438694
2010,"35340","economy","grdp","agriculture, forestry and fishing","million KRW",127575
2010,"35340","economy","grdp","mining and quarrying","million KRW",2207
2010,"35340","economy","grdp","manufacturing","million KRW",29906
2010,"35340","economy","grdp","electricity, gas, steam and air conditioning supply; water supply and waste management","million KRW",3838
2010,"35340","economy","grdp","construction","million KRW",50673
2010,"35340","economy","grdp","wholesale and retail trade","million KRW",15640
2010,"35340","economy","grdp","transportation and storage","million KRW",7529
2010,"35340","economy","grdp","accommodation and food service activities","million KRW",8405
2010,"35340","economy","grdp","information and communication","million KRW",10858
2010,"35340","economy","grdp","financial and insurance activities","million KRW",9456
2010,"35340","economy","grdp","real estate activities; rental and leasing activities","million KRW",23157
2010,"35340","economy","grdp","professional, scientific and technical activities; business support facilities","million KRW",10075
2010,"35340","economy","grdp","public administration and defence; compulsory social security","million KRW",91233
2010,"35340","economy","grdp","education","million KRW",10822
2010,"35340","economy","grdp","human health and social work activities","million KRW",22995
2010,"35340","economy","grdp","arts, sports and recreation; membership organizations and personal services","million KRW",14327
2010,"35350","economy","grdp","gross regional domestic product at market prices","million KRW",667721
2010,"35350","economy","grdp","net taxes on products","million KRW",36728
2010,"35350","economy","grdp","total value added at basic prices","million KRW",630993
2010,"35350","economy","grdp","agriculture, forestry and fishing","million KRW",170243
2010,"35350","economy","grdp","mining and quarrying","million KRW",1016
2010,"35350","economy","grdp","manufacturing","million KRW",54664
2010,"35350","economy","grdp","electricity, gas, steam and air conditioning supply; water supply and waste management","million KRW",1808
2010,"35350","economy","grdp","construction","million KRW",93421
2010,"35350","economy","grdp","wholesale and retail trade","million KRW",21727
2010,"35350","economy","grdp","transportation and storage","million KRW",19966
2010,"35350","economy","grdp","accommodation and food service activities","million KRW",9882
2010,"35350","economy","grdp","information and communication","million KRW",11810
2010,"35350","economy","grdp","financial and insurance activities","million KRW",9281
2010,"35350","economy","grdp","real estate activities; rental and leasing activities","million KRW",30580
2010,"35350","economy","grdp","professional, scientific and technical activities; business support facilities","million KRW",6133
2010,"35350","economy","grdp","public administration and defence; compulsory social security","million KRW",135446
2010,"35350","economy","grdp","education","million KRW",18696
2010,"35350","economy","grdp","human health and social work activities","million KRW",27085
2010,"35350","economy","grdp","arts, sports and recreation; membership organizations and personal services","million KRW",19236
2010,"35360","economy","grdp","gross regional domestic product at market prices","million KRW",558065
2010,"35360","economy","grdp","net taxes on products","million KRW",29912
2010,"35360","economy","grdp","total value added at basic prices","million KRW",528153
2010,"35360","economy","grdp","agriculture, forestry and fishing","million KRW",148469
2010,"35360","economy","grdp","mining and quarrying","million KRW",NA
2010,"35360","economy","grdp","manufacturing","million KRW",45574
2010,"35360","economy","grdp","electricity, gas, steam and air conditioning supply; water supply and waste management","million KRW",2481
2010,"35360","economy","grdp","construction","million KRW",54447
2010,"35360","economy","grdp","wholesale and retail trade","million KRW",13104
2010,"35360","economy","grdp","transportation and storage","million KRW",14184
2010,"35360","economy","grdp","accommodation and food service activities","million KRW",11378
2010,"35360","economy","grdp","information and communication","million KRW",13257
2010,"35360","economy","grdp","financial and insurance activities","million KRW",12599
2010,"35360","economy","grdp","real estate activities; rental and leasing activities","million KRW",29396
2010,"35360","economy","grdp","professional, scientific and technical activities; business support facilities","million KRW",12222
2010,"35360","economy","grdp","public administration and defence; compulsory social security","million KRW",100567
2010,"35360","economy","grdp","education","million KRW",14949
2010,"35360","economy","grdp","human health and social work activities","million KRW",38819
2010,"35360","economy","grdp","arts, sports and recreation; membership organizations and personal services","million KRW",16707
2010,"35370","economy","grdp","gross regional domestic product at market prices","million KRW",1151818
2010,"35370","economy","grdp","net taxes on products","million KRW",47821
2010,"35370","economy","grdp","total value added at basic prices","million KRW",1103997
2010,"35370","economy","grdp","agriculture, forestry and fishing","million KRW",446441
2010,"35370","economy","grdp","mining and quarrying","million KRW",4437
2010,"35370","economy","grdp","manufacturing","million KRW",71462
2010,"35370","economy","grdp","electricity, gas, steam and air conditioning supply; water supply and waste management","million KRW",7876
2010,"35370","economy","grdp","construction","million KRW",61295
2010,"35370","economy","grdp","wholesale and retail trade","million KRW",43656
2010,"35370","economy","grdp","transportation and storage","million KRW",19042
2010,"35370","economy","grdp","accommodation and food service activities","million KRW",26449
2010,"35370","economy","grdp","information and communication","million KRW",25396
2010,"35370","economy","grdp","financial and insurance activities","million KRW",19682
2010,"35370","economy","grdp","real estate activities; rental and leasing activities","million KRW",65446
2010,"35370","economy","grdp","professional, scientific and technical activities; business support facilities","million KRW",30598
2010,"35370","economy","grdp","public administration and defence; compulsory social security","million KRW",151602
2010,"35370","economy","grdp","education","million KRW",38630
2010,"35370","economy","grdp","human health and social work activities","million KRW",55556
2010,"35370","economy","grdp","arts, sports and recreation; membership organizations and personal services","million KRW",36428
2010,"35380","economy","grdp","gross regional domestic product at market prices","million KRW",1003256
2010,"35380","economy","grdp","net taxes on products","million KRW",45854
2010,"35380","economy","grdp","total value added at basic prices","million KRW",957402
2010,"35380","economy","grdp","agriculture, forestry and fishing","million KRW",213244
2010,"35380","economy","grdp","mining and quarrying","million KRW",7817
2010,"35380","economy","grdp","manufacturing","million KRW",80976
2010,"35380","economy","grdp","electricity, gas, steam and air conditioning supply; water supply and waste management","million KRW",8442
2010,"35380","economy","grdp","construction","million KRW",78779
2010,"35380","economy","grdp","wholesale and retail trade","million KRW",39225
2010,"35380","economy","grdp","transportation and storage","million KRW",35848
2010,"35380","economy","grdp","accommodation and food service activities","million KRW",38413
2010,"35380","economy","grdp","information and communication","million KRW",25161
2010,"35380","economy","grdp","financial and insurance activities","million KRW",32547
2010,"35380","economy","grdp","real estate activities; rental and leasing activities","million KRW",71287
2010,"35380","economy","grdp","professional, scientific and technical activities; business support facilities","million KRW",28057
2010,"35380","economy","grdp","public administration and defence; compulsory social security","million KRW",164937
2010,"35380","economy","grdp","education","million KRW",39156
2010,"35380","economy","grdp","human health and social work activities","million KRW",60454
2010,"35380","economy","grdp","arts, sports and recreation; membership organizations and personal services","million KRW",33060
2015,"35010","economy","grdp","gross regional domestic product at market prices","million KRW",13251346
2015,"35010","economy","grdp","net taxes on products","million KRW",661946
2015,"35010","economy","grdp","total value added at basic prices","million KRW",12589400
2015,"35010","economy","grdp","agriculture, forestry and fishing","million KRW",101567
2015,"35010","economy","grdp","mining and quarrying","million KRW",2702
2015,"35010","economy","grdp","manufacturing","million KRW",1098963
2015,"35010","economy","grdp","electricity, gas, steam and air conditioning supply; water supply and waste management","million KRW",246273
2015,"35010","economy","grdp","construction","million KRW",636711
2015,"35010","economy","grdp","wholesale and retail trade","million KRW",1010560
2015,"35010","economy","grdp","transportation and storage","million KRW",350033
2015,"35010","economy","grdp","accommodation and food service activities","million KRW",398388
2015,"35010","economy","grdp","information and communication","million KRW",339076
2015,"35010","economy","grdp","financial and insurance activities","million KRW",1206153
2015,"35010","economy","grdp","real estate activities; rental and leasing activities","million KRW",1084782
2015,"35010","economy","grdp","professional, scientific and technical activities; business support facilities","million KRW",833368
2015,"35010","economy","grdp","public administration and defence; compulsory social security","million KRW",1501660
2015,"35010","economy","grdp","education","million KRW",2227040
2015,"35010","economy","grdp","human health and social work activities","million KRW",1047817
2015,"35010","economy","grdp","arts, sports and recreation; membership organizations and personal services","million KRW",504307
2015,"35020","economy","grdp","gross regional domestic product at market prices","million KRW",9554687
2015,"35020","economy","grdp","net taxes on products","million KRW",931859
2015,"35020","economy","grdp","total value added at basic prices","million KRW",8622828
2015,"35020","economy","grdp","agriculture, forestry and fishing","million KRW",196696
2015,"35020","economy","grdp","mining and quarrying","million KRW",31827
2015,"35020","economy","grdp","manufacturing","million KRW",3803221
2015,"35020","economy","grdp","electricity, gas, steam and air conditioning supply; water supply and waste management","million KRW",455191
2015,"35020","economy","grdp","construction","million KRW",987065
2015,"35020","economy","grdp","wholesale and retail trade","million KRW",342277
2015,"35020","economy","grdp","transportation and storage","million KRW",331597
2015,"35020","economy","grdp","accommodation and food service activities","million KRW",170085
2015,"35020","economy","grdp","information and communication","million KRW",98070
2015,"35020","economy","grdp","financial and insurance activities","million KRW",304084
2015,"35020","economy","grdp","real estate activities; rental and leasing activities","million KRW",410213
2015,"35020","economy","grdp","professional, scientific and technical activities; business support facilities","million KRW",266489
2015,"35020","economy","grdp","public administration and defence; compulsory social security","million KRW",391207
2015,"35020","economy","grdp","education","million KRW",301466
2015,"35020","economy","grdp","human health and social work activities","million KRW",295759
2015,"35020","economy","grdp","arts, sports and recreation; membership organizations and personal services","million KRW",237581
2015,"35030","economy","grdp","gross regional domestic product at market prices","million KRW",6990072
2015,"35030","economy","grdp","net taxes on products","million KRW",610154
2015,"35030","economy","grdp","total value added at basic prices","million KRW",6379918
2015,"35030","economy","grdp","agriculture, forestry and fishing","million KRW",353384
2015,"35030","economy","grdp","mining and quarrying","million KRW",34018
2015,"35030","economy","grdp","manufacturing","million KRW",2309130
2015,"35030","economy","grdp","electricity, gas, steam and air conditioning supply; water supply and waste management","million KRW",191638
2015,"35030","economy","grdp","construction","million KRW",278214
2015,"35030","economy","grdp","wholesale and retail trade","million KRW",357954
2015,"35030","economy","grdp","transportation and storage","million KRW",196209
2015,"35030","economy","grdp","accommodation and food service activities","million KRW",145930
2015,"35030","economy","grdp","information and communication","million KRW",113873
2015,"35030","economy","grdp","financial and insurance activities","million KRW",286261
2015,"35030","economy","grdp","real estate activities; rental and leasing activities","million KRW",443732
2015,"35030","economy","grdp","professional, scientific and technical activities; business support facilities","million KRW",286269
2015,"35030","economy","grdp","public administration and defence; compulsory social security","million KRW",430313
2015,"35030","economy","grdp","education","million KRW",316924
2015,"35030","economy","grdp","human health and social work activities","million KRW",389810
2015,"35030","economy","grdp","arts, sports and recreation; membership organizations and personal services","million KRW",246259
2015,"35040","economy","grdp","gross regional domestic product at market prices","million KRW",2740334
2015,"35040","economy","grdp","net taxes on products","million KRW",220693
2015,"35040","economy","grdp","total value added at basic prices","million KRW",2519640
2015,"35040","economy","grdp","agriculture, forestry and fishing","million KRW",465289
2015,"35040","economy","grdp","mining and quarrying","million KRW",10497
2015,"35040","economy","grdp","manufacturing","million KRW",659719
2015,"35040","economy","grdp","electricity, gas, steam and air conditioning supply; water supply and waste management","million KRW",59559
2015,"35040","economy","grdp","construction","million KRW",129945
2015,"35040","economy","grdp","wholesale and retail trade","million KRW",117727
2015,"35040","economy","grdp","transportation and storage","million KRW",35977
2015,"35040","economy","grdp","accommodation and food service activities","million KRW",48874
2015,"35040","economy","grdp","information and communication","million KRW",55947
2015,"35040","economy","grdp","financial and insurance activities","million KRW",66967
2015,"35040","economy","grdp","real estate activities; rental and leasing activities","million KRW",139385
2015,"35040","economy","grdp","professional, scientific and technical activities; business support facilities","million KRW",104984
2015,"35040","economy","grdp","public administration and defence; compulsory social security","million KRW",305250
2015,"35040","economy","grdp","education","million KRW",98729
2015,"35040","economy","grdp","human health and social work activities","million KRW",149339
2015,"35040","economy","grdp","arts, sports and recreation; membership organizations and personal services","million KRW",71453
2015,"35050","economy","grdp","gross regional domestic product at market prices","million KRW",1592415
2015,"35050","economy","grdp","net taxes on products","million KRW",86286
2015,"35050","economy","grdp","total value added at basic prices","million KRW",1506128
2015,"35050","economy","grdp","agriculture, forestry and fishing","million KRW",298927
2015,"35050","economy","grdp","mining and quarrying","million KRW",28946
2015,"35050","economy","grdp","manufacturing","million KRW",164303
2015,"35050","economy","grdp","electricity, gas, steam and air conditioning supply; water supply and waste management","million KRW",27649
2015,"35050","economy","grdp","construction","million KRW",135200
2015,"35050","economy","grdp","wholesale and retail trade","million KRW",83055
2015,"35050","economy","grdp","transportation and storage","million KRW",32053
2015,"35050","economy","grdp","accommodation and food service activities","million KRW",39282
2015,"35050","economy","grdp","information and communication","million KRW",29180
2015,"35050","economy","grdp","financial and insurance activities","million KRW",50859
2015,"35050","economy","grdp","real estate activities; rental and leasing activities","million KRW",102324
2015,"35050","economy","grdp","professional, scientific and technical activities; business support facilities","million KRW",49212
2015,"35050","economy","grdp","public administration and defence; compulsory social security","million KRW",237979
2015,"35050","economy","grdp","education","million KRW",51300
2015,"35050","economy","grdp","human health and social work activities","million KRW",117998
2015,"35050","economy","grdp","arts, sports and recreation; membership organizations and personal services","million KRW",57862
2015,"35060","economy","grdp","gross regional domestic product at market prices","million KRW",2546005
2015,"35060","economy","grdp","net taxes on products","million KRW",269114
2015,"35060","economy","grdp","total value added at basic prices","million KRW",2276891
2015,"35060","economy","grdp","agriculture, forestry and fishing","million KRW",435050
2015,"35060","economy","grdp","mining and quarrying","million KRW",1
2015,"35060","economy","grdp","manufacturing","million KRW",670261
2015,"35060","economy","grdp","electricity, gas, steam and air conditioning supply; water supply and waste management","million KRW",38977
2015,"35060","economy","grdp","construction","million KRW",203460
2015,"35060","economy","grdp","wholesale and retail trade","million KRW",150289
2015,"35060","economy","grdp","transportation and storage","million KRW",44784
2015,"35060","economy","grdp","accommodation and food service activities","million KRW",28281
2015,"35060","economy","grdp","information and communication","million KRW",30809
2015,"35060","economy","grdp","financial and insurance activities","million KRW",35259
2015,"35060","economy","grdp","real estate activities; rental and leasing activities","million KRW",112790
2015,"35060","economy","grdp","professional, scientific and technical activities; business support facilities","million KRW",61727
2015,"35060","economy","grdp","public administration and defence; compulsory social security","million KRW",210312
2015,"35060","economy","grdp","education","million KRW",77025
2015,"35060","economy","grdp","human health and social work activities","million KRW",97987
2015,"35060","economy","grdp","arts, sports and recreation; membership organizations and personal services","million KRW",79877
2015,"35310","economy","grdp","gross regional domestic product at market prices","million KRW",4620807
2015,"35310","economy","grdp","net taxes on products","million KRW",272093
2015,"35310","economy","grdp","total value added at basic prices","million KRW",4348713
2015,"35310","economy","grdp","agriculture, forestry and fishing","million KRW",285413
2015,"35310","economy","grdp","mining and quarrying","million KRW",7576
2015,"35310","economy","grdp","manufacturing","million KRW",2277534
2015,"35310","economy","grdp","electricity, gas, steam and air conditioning supply; water supply and waste management","million KRW",77329
2015,"35310","economy","grdp","construction","million KRW",224610
2015,"35310","economy","grdp","wholesale and retail trade","million KRW",96236
2015,"35310","economy","grdp","transportation and storage","million KRW",167249
2015,"35310","economy","grdp","accommodation and food service activities","million KRW",51316
2015,"35310","economy","grdp","information and communication","million KRW",35130
2015,"35310","economy","grdp","financial and insurance activities","million KRW",31474
2015,"35310","economy","grdp","real estate activities; rental and leasing activities","million KRW",116737
2015,"35310","economy","grdp","professional, scientific and technical activities; business support facilities","million KRW",243858
2015,"35310","economy","grdp","public administration and defence; compulsory social security","million KRW",451312
2015,"35310","economy","grdp","education","million KRW",127286
2015,"35310","economy","grdp","human health and social work activities","million KRW",105260
2015,"35310","economy","grdp","arts, sports and recreation; membership organizations and personal services","million KRW",50393
2015,"35320","economy","grdp","gross regional domestic product at market prices","million KRW",550980
2015,"35320","economy","grdp","net taxes on products","million KRW",23781
2015,"35320","economy","grdp","total value added at basic prices","million KRW",527199
2015,"35320","economy","grdp","agriculture, forestry and fishing","million KRW",138889
2015,"35320","economy","grdp","mining and quarrying","million KRW",430
2015,"35320","economy","grdp","manufacturing","million KRW",34286
2015,"35320","economy","grdp","electricity, gas, steam and air conditioning supply; water supply and waste management","million KRW",17861
2015,"35320","economy","grdp","construction","million KRW",51595
2015,"35320","economy","grdp","wholesale and retail trade","million KRW",21218
2015,"35320","economy","grdp","transportation and storage","million KRW",15646
2015,"35320","economy","grdp","accommodation and food service activities","million KRW",7583
2015,"35320","economy","grdp","information and communication","million KRW",10274
2015,"35320","economy","grdp","financial and insurance activities","million KRW",8074
2015,"35320","economy","grdp","real estate activities; rental and leasing activities","million KRW",31654
2015,"35320","economy","grdp","professional, scientific and technical activities; business support facilities","million KRW",24228
2015,"35320","economy","grdp","public administration and defence; compulsory social security","million KRW",114390
2015,"35320","economy","grdp","education","million KRW",11506
2015,"35320","economy","grdp","human health and social work activities","million KRW",24193
2015,"35320","economy","grdp","arts, sports and recreation; membership organizations and personal services","million KRW",15371
2015,"35330","economy","grdp","gross regional domestic product at market prices","million KRW",590453
2015,"35330","economy","grdp","net taxes on products","million KRW",29949
2015,"35330","economy","grdp","total value added at basic prices","million KRW",560504
2015,"35330","economy","grdp","agriculture, forestry and fishing","million KRW",135747
2015,"35330","economy","grdp","mining and quarrying","million KRW",826
2015,"35330","economy","grdp","manufacturing","million KRW",24988
2015,"35330","economy","grdp","electricity, gas, steam and air conditioning supply; water supply and waste management","million KRW",56570
2015,"35330","economy","grdp","construction","million KRW",47630
2015,"35330","economy","grdp","wholesale and retail trade","million KRW",15855
2015,"35330","economy","grdp","transportation and storage","million KRW",15801
2015,"35330","economy","grdp","accommodation and food service activities","million KRW",46167
2015,"35330","economy","grdp","information and communication","million KRW",9743
2015,"35330","economy","grdp","financial and insurance activities","million KRW",7189
2015,"35330","economy","grdp","real estate activities; rental and leasing activities","million KRW",30748
2015,"35330","economy","grdp","professional, scientific and technical activities; business support facilities","million KRW",15927
2015,"35330","economy","grdp","public administration and defence; compulsory social security","million KRW",102752
2015,"35330","economy","grdp","education","million KRW",9695
2015,"35330","economy","grdp","human health and social work activities","million KRW",21048
2015,"35330","economy","grdp","arts, sports and recreation; membership organizations and personal services","million KRW",19817
2015,"35340","economy","grdp","gross regional domestic product at market prices","million KRW",534164
2015,"35340","economy","grdp","net taxes on products","million KRW",28805
2015,"35340","economy","grdp","total value added at basic prices","million KRW",505360
2015,"35340","economy","grdp","agriculture, forestry and fishing","million KRW",170376
2015,"35340","economy","grdp","mining and quarrying","million KRW",2556
2015,"35340","economy","grdp","manufacturing","million KRW",59299
2015,"35340","economy","grdp","electricity, gas, steam and air conditioning supply; water supply and waste management","million KRW",3867
2015,"35340","economy","grdp","construction","million KRW",35370
2015,"35340","economy","grdp","wholesale and retail trade","million KRW",18615
2015,"35340","economy","grdp","transportation and storage","million KRW",1216
2015,"35340","economy","grdp","accommodation and food service activities","million KRW",10032
2015,"35340","economy","grdp","information and communication","million KRW",9027
2015,"35340","economy","grdp","financial and insurance activities","million KRW",5772
2015,"35340","economy","grdp","real estate activities; rental and leasing activities","million KRW",27824
2015,"35340","economy","grdp","professional, scientific and technical activities; business support facilities","million KRW",8763
2015,"35340","economy","grdp","public administration and defence; compulsory social security","million KRW",106189
2015,"35340","economy","grdp","education","million KRW",10357
2015,"35340","economy","grdp","human health and social work activities","million KRW",18771
2015,"35340","economy","grdp","arts, sports and recreation; membership organizations and personal services","million KRW",17325
2015,"35350","economy","grdp","gross regional domestic product at market prices","million KRW",699738
2015,"35350","economy","grdp","net taxes on products","million KRW",39212
2015,"35350","economy","grdp","total value added at basic prices","million KRW",660526
2015,"35350","economy","grdp","agriculture, forestry and fishing","million KRW",156030
2015,"35350","economy","grdp","mining and quarrying","million KRW",680
2015,"35350","economy","grdp","manufacturing","million KRW",83546
2015,"35350","economy","grdp","electricity, gas, steam and air conditioning supply; water supply and waste management","million KRW",7564
2015,"35350","economy","grdp","construction","million KRW",63654
2015,"35350","economy","grdp","wholesale and retail trade","million KRW",19121
2015,"35350","economy","grdp","transportation and storage","million KRW",4948
2015,"35350","economy","grdp","accommodation and food service activities","million KRW",8316
2015,"35350","economy","grdp","information and communication","million KRW",11378
2015,"35350","economy","grdp","financial and insurance activities","million KRW",6450
2015,"35350","economy","grdp","real estate activities; rental and leasing activities","million KRW",36734
2015,"35350","economy","grdp","professional, scientific and technical activities; business support facilities","million KRW",13566
2015,"35350","economy","grdp","public administration and defence; compulsory social security","million KRW",180667
2015,"35350","economy","grdp","education","million KRW",22575
2015,"35350","economy","grdp","human health and social work activities","million KRW",25639
2015,"35350","economy","grdp","arts, sports and recreation; membership organizations and personal services","million KRW",19659
2015,"35360","economy","grdp","gross regional domestic product at market prices","million KRW",712563
2015,"35360","economy","grdp","net taxes on products","million KRW",45477
2015,"35360","economy","grdp","total value added at basic prices","million KRW",667086
2015,"35360","economy","grdp","agriculture, forestry and fishing","million KRW",205625
2015,"35360","economy","grdp","mining and quarrying","million KRW",5241
2015,"35360","economy","grdp","manufacturing","million KRW",85458
2015,"35360","economy","grdp","electricity, gas, steam and air conditioning supply; water supply and waste management","million KRW",6242
2015,"35360","economy","grdp","construction","million KRW",57624
2015,"35360","economy","grdp","wholesale and retail trade","million KRW",14075
2015,"35360","economy","grdp","transportation and storage","million KRW",6627
2015,"35360","economy","grdp","accommodation and food service activities","million KRW",11933
2015,"35360","economy","grdp","information and communication","million KRW",10977
2015,"35360","economy","grdp","financial and insurance activities","million KRW",8913
2015,"35360","economy","grdp","real estate activities; rental and leasing activities","million KRW",35113
2015,"35360","economy","grdp","professional, scientific and technical activities; business support facilities","million KRW",13372
2015,"35360","economy","grdp","public administration and defence; compulsory social security","million KRW",120245
2015,"35360","economy","grdp","education","million KRW",13986
2015,"35360","economy","grdp","human health and social work activities","million KRW",57650
2015,"35360","economy","grdp","arts, sports and recreation; membership organizations and personal services","million KRW",14005
2015,"35370","economy","grdp","gross regional domestic product at market prices","million KRW",1328184
2015,"35370","economy","grdp","net taxes on products","million KRW",57551
2015,"35370","economy","grdp","total value added at basic prices","million KRW",1270634
2015,"35370","economy","grdp","agriculture, forestry and fishing","million KRW",412728
2015,"35370","economy","grdp","mining and quarrying","million KRW",9511
2015,"35370","economy","grdp","manufacturing","million KRW",144352
2015,"35370","economy","grdp","electricity, gas, steam and air conditioning supply; water supply and waste management","million KRW",12421
2015,"35370","economy","grdp","construction","million KRW",60129
2015,"35370","economy","grdp","wholesale and retail trade","million KRW",53396
2015,"35370","economy","grdp","transportation and storage","million KRW",9045
2015,"35370","economy","grdp","accommodation and food service activities","million KRW",30756
2015,"35370","economy","grdp","information and communication","million KRW",21256
2015,"35370","economy","grdp","financial and insurance activities","million KRW",17896
2015,"35370","economy","grdp","real estate activities; rental and leasing activities","million KRW",75703
2015,"35370","economy","grdp","professional, scientific and technical activities; business support facilities","million KRW",23462
2015,"35370","economy","grdp","public administration and defence; compulsory social security","million KRW",182299
2015,"35370","economy","grdp","education","million KRW",43047
2015,"35370","economy","grdp","human health and social work activities","million KRW",66837
2015,"35370","economy","grdp","arts, sports and recreation; membership organizations and personal services","million KRW",107796
2015,"35380","economy","grdp","gross regional domestic product at market prices","million KRW",1306282
2015,"35380","economy","grdp","net taxes on products","million KRW",93395
2015,"35380","economy","grdp","total value added at basic prices","million KRW",1212887
2015,"35380","economy","grdp","agriculture, forestry and fishing","million KRW",321042
2015,"35380","economy","grdp","mining and quarrying","million KRW",7161
2015,"35380","economy","grdp","manufacturing","million KRW",179752
2015,"35380","economy","grdp","electricity, gas, steam and air conditioning supply; water supply and waste management","million KRW",12304
2015,"35380","economy","grdp","construction","million KRW",96677
2015,"35380","economy","grdp","wholesale and retail trade","million KRW",50820
2015,"35380","economy","grdp","transportation and storage","million KRW",29338
2015,"35380","economy","grdp","accommodation and food service activities","million KRW",43765
2015,"35380","economy","grdp","information and communication","million KRW",20643
2015,"35380","economy","grdp","financial and insurance activities","million KRW",22289
2015,"35380","economy","grdp","real estate activities; rental and leasing activities","million KRW",73449
2015,"35380","economy","grdp","professional, scientific and technical activities; business support facilities","million KRW",22271
2015,"35380","economy","grdp","public administration and defence; compulsory social security","million KRW",180002
2015,"35380","economy","grdp","education","million KRW",44105
2015,"35380","economy","grdp","human health and social work activities","million KRW",75710
2015,"35380","economy","grdp","arts, sports and recreation; membership organizations and personal services","million KRW",33561
2020,"35010","economy","grdp","gross regional domestic product at market prices","million KRW",15656658
2020,"35010","economy","grdp","net taxes on products","million KRW",919177
2020,"35010","economy","grdp","total value added at basic prices","million KRW",14737480
2020,"35010","economy","grdp","agriculture, forestry and fishing","million KRW",72858
2020,"35010","economy","grdp","mining and quarrying","million KRW",2739
2020,"35010","economy","grdp","manufacturing","million KRW",1187665
2020,"35010","economy","grdp","electricity, gas, steam and air conditioning supply; water supply and waste management","million KRW",196665
2020,"35010","economy","grdp","construction","million KRW",962190
2020,"35010","economy","grdp","wholesale and retail trade","million KRW",939285
2020,"35010","economy","grdp","transportation and storage","million KRW",332141
2020,"35010","economy","grdp","accommodation and food service activities","million KRW",403116
2020,"35010","economy","grdp","information and communication","million KRW",370850
2020,"35010","economy","grdp","financial and insurance activities","million KRW",1485013
2020,"35010","economy","grdp","real estate activities; rental and leasing activities","million KRW",1192167
2020,"35010","economy","grdp","professional, scientific and technical activities; business support facilities","million KRW",914547
2020,"35010","economy","grdp","public administration and defence; compulsory social security","million KRW",1907916
2020,"35010","economy","grdp","education","million KRW",2545135
2020,"35010","economy","grdp","human health and social work activities","million KRW",1625101
2020,"35010","economy","grdp","arts, sports and recreation; membership organizations and personal services","million KRW",600093
2020,"35020","economy","grdp","gross regional domestic product at market prices","million KRW",9357449
2020,"35020","economy","grdp","net taxes on products","million KRW",1060900
2020,"35020","economy","grdp","total value added at basic prices","million KRW",8296549
2020,"35020","economy","grdp","agriculture, forestry and fishing","million KRW",244213
2020,"35020","economy","grdp","mining and quarrying","million KRW",16752
2020,"35020","economy","grdp","manufacturing","million KRW",2841187
2020,"35020","economy","grdp","electricity, gas, steam and air conditioning supply; water supply and waste management","million KRW",483649
2020,"35020","economy","grdp","construction","million KRW",1068476
2020,"35020","economy","grdp","wholesale and retail trade","million KRW",333783
2020,"35020","economy","grdp","transportation and storage","million KRW",316921
2020,"35020","economy","grdp","accommodation and food service activities","million KRW",160783
2020,"35020","economy","grdp","information and communication","million KRW",94545
2020,"35020","economy","grdp","financial and insurance activities","million KRW",357610
2020,"35020","economy","grdp","real estate activities; rental and leasing activities","million KRW",459356
2020,"35020","economy","grdp","professional, scientific and technical activities; business support facilities","million KRW",315699
2020,"35020","economy","grdp","public administration and defence; compulsory social security","million KRW",614069
2020,"35020","economy","grdp","education","million KRW",260572
2020,"35020","economy","grdp","human health and social work activities","million KRW",440699
2020,"35020","economy","grdp","arts, sports and recreation; membership organizations and personal services","million KRW",288236
2020,"35030","economy","grdp","gross regional domestic product at market prices","million KRW",8221353
2020,"35030","economy","grdp","net taxes on products","million KRW",797988
2020,"35030","economy","grdp","total value added at basic prices","million KRW",7423365
2020,"35030","economy","grdp","agriculture, forestry and fishing","million KRW",406937
2020,"35030","economy","grdp","mining and quarrying","million KRW",30654
2020,"35030","economy","grdp","manufacturing","million KRW",2358540
2020,"35030","economy","grdp","electricity, gas, steam and air conditioning supply; water supply and waste management","million KRW",136946
2020,"35030","economy","grdp","construction","million KRW",360994
2020,"35030","economy","grdp","wholesale and retail trade","million KRW",374711
2020,"35030","economy","grdp","transportation and storage","million KRW",205926
2020,"35030","economy","grdp","accommodation and food service activities","million KRW",141870
2020,"35030","economy","grdp","information and communication","million KRW",109636
2020,"35030","economy","grdp","financial and insurance activities","million KRW",357619
2020,"35030","economy","grdp","real estate activities; rental and leasing activities","million KRW",482732
2020,"35030","economy","grdp","professional, scientific and technical activities; business support facilities","million KRW",556278
2020,"35030","economy","grdp","public administration and defence; compulsory social security","million KRW",654002
2020,"35030","economy","grdp","education","million KRW",477735
2020,"35030","economy","grdp","human health and social work activities","million KRW",489043
2020,"35030","economy","grdp","arts, sports and recreation; membership organizations and personal services","million KRW",279742
2020,"35040","economy","grdp","gross regional domestic product at market prices","million KRW",3236457
2020,"35040","economy","grdp","net taxes on products","million KRW",326412
2020,"35040","economy","grdp","total value added at basic prices","million KRW",2910044
2020,"35040","economy","grdp","agriculture, forestry and fishing","million KRW",407227
2020,"35040","economy","grdp","mining and quarrying","million KRW",10182
2020,"35040","economy","grdp","manufacturing","million KRW",820040
2020,"35040","economy","grdp","electricity, gas, steam and air conditioning supply; water supply and waste management","million KRW",53339
2020,"35040","economy","grdp","construction","million KRW",157198
2020,"35040","economy","grdp","wholesale and retail trade","million KRW",120488
2020,"35040","economy","grdp","transportation and storage","million KRW",41782
2020,"35040","economy","grdp","accommodation and food service activities","million KRW",46560
2020,"35040","economy","grdp","information and communication","million KRW",49252
2020,"35040","economy","grdp","financial and insurance activities","million KRW",83505
2020,"35040","economy","grdp","real estate activities; rental and leasing activities","million KRW",161651
2020,"35040","economy","grdp","professional, scientific and technical activities; business support facilities","million KRW",64133
2020,"35040","economy","grdp","public administration and defence; compulsory social security","million KRW",458757
2020,"35040","economy","grdp","education","million KRW",108106
2020,"35040","economy","grdp","human health and social work activities","million KRW",223095
2020,"35040","economy","grdp","arts, sports and recreation; membership organizations and personal services","million KRW",104728
2020,"35050","economy","grdp","gross regional domestic product at market prices","million KRW",1782256
2020,"35050","economy","grdp","net taxes on products","million KRW",115120
2020,"35050","economy","grdp","total value added at basic prices","million KRW",1667135
2020,"35050","economy","grdp","agriculture, forestry and fishing","million KRW",321929
2020,"35050","economy","grdp","mining and quarrying","million KRW",26597
2020,"35050","economy","grdp","manufacturing","million KRW",172312
2020,"35050","economy","grdp","electricity, gas, steam and air conditioning supply; water supply and waste management","million KRW",18651
2020,"35050","economy","grdp","construction","million KRW",144787
2020,"35050","economy","grdp","wholesale and retail trade","million KRW",81525
2020,"35050","economy","grdp","transportation and storage","million KRW",43521
2020,"35050","economy","grdp","accommodation and food service activities","million KRW",40478
2020,"35050","economy","grdp","information and communication","million KRW",29925
2020,"35050","economy","grdp","financial and insurance activities","million KRW",37130
2020,"35050","economy","grdp","real estate activities; rental and leasing activities","million KRW",117174
2020,"35050","economy","grdp","professional, scientific and technical activities; business support facilities","million KRW",47209
2020,"35050","economy","grdp","public administration and defence; compulsory social security","million KRW",322756
2020,"35050","economy","grdp","education","million KRW",51962
2020,"35050","economy","grdp","human health and social work activities","million KRW",138276
2020,"35050","economy","grdp","arts, sports and recreation; membership organizations and personal services","million KRW",72903
2020,"35060","economy","grdp","gross regional domestic product at market prices","million KRW",3088783
2020,"35060","economy","grdp","net taxes on products","million KRW",353564
2020,"35060","economy","grdp","total value added at basic prices","million KRW",2735220
2020,"35060","economy","grdp","agriculture, forestry and fishing","million KRW",422826
2020,"35060","economy","grdp","mining and quarrying","million KRW",596
2020,"35060","economy","grdp","manufacturing","million KRW",784088
2020,"35060","economy","grdp","electricity, gas, steam and air conditioning supply; water supply and waste management","million KRW",33047
2020,"35060","economy","grdp","construction","million KRW",247545
2020,"35060","economy","grdp","wholesale and retail trade","million KRW",139012
2020,"35060","economy","grdp","transportation and storage","million KRW",81865
2020,"35060","economy","grdp","accommodation and food service activities","million KRW",30602
2020,"35060","economy","grdp","information and communication","million KRW",30267
2020,"35060","economy","grdp","financial and insurance activities","million KRW",42926
2020,"35060","economy","grdp","real estate activities; rental and leasing activities","million KRW",120223
2020,"35060","economy","grdp","professional, scientific and technical activities; business support facilities","million KRW",84453
2020,"35060","economy","grdp","public administration and defence; compulsory social security","million KRW",388143
2020,"35060","economy","grdp","education","million KRW",68262
2020,"35060","economy","grdp","human health and social work activities","million KRW",155864
2020,"35060","economy","grdp","arts, sports and recreation; membership organizations and personal services","million KRW",105500
2020,"35310","economy","grdp","gross regional domestic product at market prices","million KRW",4781760
2020,"35310","economy","grdp","net taxes on products","million KRW",383164
2020,"35310","economy","grdp","total value added at basic prices","million KRW",4398596
2020,"35310","economy","grdp","agriculture, forestry and fishing","million KRW",240557
2020,"35310","economy","grdp","mining and quarrying","million KRW",6307
2020,"35310","economy","grdp","manufacturing","million KRW",2071015
2020,"35310","economy","grdp","electricity, gas, steam and air conditioning supply; water supply and waste management","million KRW",70788
2020,"35310","economy","grdp","construction","million KRW",223874
2020,"35310","economy","grdp","wholesale and retail trade","million KRW",120296
2020,"35310","economy","grdp","transportation and storage","million KRW",116884
2020,"35310","economy","grdp","accommodation and food service activities","million KRW",63609
2020,"35310","economy","grdp","information and communication","million KRW",38259
2020,"35310","economy","grdp","financial and insurance activities","million KRW",56248
2020,"35310","economy","grdp","real estate activities; rental and leasing activities","million KRW",139143
2020,"35310","economy","grdp","professional, scientific and technical activities; business support facilities","million KRW",402434
2020,"35310","economy","grdp","public administration and defence; compulsory social security","million KRW",515687
2020,"35310","economy","grdp","education","million KRW",131300
2020,"35310","economy","grdp","human health and social work activities","million KRW",132206
2020,"35310","economy","grdp","arts, sports and recreation; membership organizations and personal services","million KRW",69987
2020,"35320","economy","grdp","gross regional domestic product at market prices","million KRW",670017
2020,"35320","economy","grdp","net taxes on products","million KRW",35135
2020,"35320","economy","grdp","total value added at basic prices","million KRW",634882
2020,"35320","economy","grdp","agriculture, forestry and fishing","million KRW",137626
2020,"35320","economy","grdp","mining and quarrying","million KRW",NA
2020,"35320","economy","grdp","manufacturing","million KRW",43341
2020,"35320","economy","grdp","electricity, gas, steam and air conditioning supply; water supply and waste management","million KRW",10393
2020,"35320","economy","grdp","construction","million KRW",60753
2020,"35320","economy","grdp","wholesale and retail trade","million KRW",19624
2020,"35320","economy","grdp","transportation and storage","million KRW",31042
2020,"35320","economy","grdp","accommodation and food service activities","million KRW",8827
2020,"35320","economy","grdp","information and communication","million KRW",11584
2020,"35320","economy","grdp","financial and insurance activities","million KRW",11815
2020,"35320","economy","grdp","real estate activities; rental and leasing activities","million KRW",35630
2020,"35320","economy","grdp","professional, scientific and technical activities; business support facilities","million KRW",21465
2020,"35320","economy","grdp","public administration and defence; compulsory social security","million KRW",161529
2020,"35320","economy","grdp","education","million KRW",18205
2020,"35320","economy","grdp","human health and social work activities","million KRW",35435
2020,"35320","economy","grdp","arts, sports and recreation; membership organizations and personal services","million KRW",27614
2020,"35330","economy","grdp","gross regional domestic product at market prices","million KRW",745672
2020,"35330","economy","grdp","net taxes on products","million KRW",49804
2020,"35330","economy","grdp","total value added at basic prices","million KRW",695868
2020,"35330","economy","grdp","agriculture, forestry and fishing","million KRW",150142
2020,"35330","economy","grdp","mining and quarrying","million KRW",NA
2020,"35330","economy","grdp","manufacturing","million KRW",39417
2020,"35330","economy","grdp","electricity, gas, steam and air conditioning supply; water supply and waste management","million KRW",30230
2020,"35330","economy","grdp","construction","million KRW",63332
2020,"35330","economy","grdp","wholesale and retail trade","million KRW",19177
2020,"35330","economy","grdp","transportation and storage","million KRW",35757
2020,"35330","economy","grdp","accommodation and food service activities","million KRW",31616
2020,"35330","economy","grdp","information and communication","million KRW",9449
2020,"35330","economy","grdp","financial and insurance activities","million KRW",8479
2020,"35330","economy","grdp","real estate activities; rental and leasing activities","million KRW",52295
2020,"35330","economy","grdp","professional, scientific and technical activities; business support facilities","million KRW",16816
2020,"35330","economy","grdp","public administration and defence; compulsory social security","million KRW",164742
2020,"35330","economy","grdp","education","million KRW",15229
2020,"35330","economy","grdp","human health and social work activities","million KRW",25969
2020,"35330","economy","grdp","arts, sports and recreation; membership organizations and personal services","million KRW",33216
2020,"35340","economy","grdp","gross regional domestic product at market prices","million KRW",553433
2020,"35340","economy","grdp","net taxes on products","million KRW",30346
2020,"35340","economy","grdp","total value added at basic prices","million KRW",523088
2020,"35340","economy","grdp","agriculture, forestry and fishing","million KRW",133101
2020,"35340","economy","grdp","mining and quarrying","million KRW",17
2020,"35340","economy","grdp","manufacturing","million KRW",38176
2020,"35340","economy","grdp","electricity, gas, steam and air conditioning supply; water supply and waste management","million KRW",3573
2020,"35340","economy","grdp","construction","million KRW",43559
2020,"35340","economy","grdp","wholesale and retail trade","million KRW",22601
2020,"35340","economy","grdp","transportation and storage","million KRW",2823
2020,"35340","economy","grdp","accommodation and food service activities","million KRW",8869
2020,"35340","economy","grdp","information and communication","million KRW",8586
2020,"35340","economy","grdp","financial and insurance activities","million KRW",7245
2020,"35340","economy","grdp","real estate activities; rental and leasing activities","million KRW",31161
2020,"35340","economy","grdp","professional, scientific and technical activities; business support facilities","million KRW",13149
2020,"35340","economy","grdp","public administration and defence; compulsory social security","million KRW",153859
2020,"35340","economy","grdp","education","million KRW",14691
2020,"35340","economy","grdp","human health and social work activities","million KRW",20555
2020,"35340","economy","grdp","arts, sports and recreation; membership organizations and personal services","million KRW",21123
2020,"35350","economy","grdp","gross regional domestic product at market prices","million KRW",789158
2020,"35350","economy","grdp","net taxes on products","million KRW",48870
2020,"35350","economy","grdp","total value added at basic prices","million KRW",740288
2020,"35350","economy","grdp","agriculture, forestry and fishing","million KRW",150429
2020,"35350","economy","grdp","mining and quarrying","million KRW",NA
2020,"35350","economy","grdp","manufacturing","million KRW",86796
2020,"35350","economy","grdp","electricity, gas, steam and air conditioning supply; water supply and waste management","million KRW",7529
2020,"35350","economy","grdp","construction","million KRW",54474
2020,"35350","economy","grdp","wholesale and retail trade","million KRW",17226
2020,"35350","economy","grdp","transportation and storage","million KRW",12152
2020,"35350","economy","grdp","accommodation and food service activities","million KRW",13074
2020,"35350","economy","grdp","information and communication","million KRW",10005
2020,"35350","economy","grdp","financial and insurance activities","million KRW",8248
2020,"35350","economy","grdp","real estate activities; rental and leasing activities","million KRW",39506
2020,"35350","economy","grdp","professional, scientific and technical activities; business support facilities","million KRW",13522
2020,"35350","economy","grdp","public administration and defence; compulsory social security","million KRW",237879
2020,"35350","economy","grdp","education","million KRW",22692
2020,"35350","economy","grdp","human health and social work activities","million KRW",33659
2020,"35350","economy","grdp","arts, sports and recreation; membership organizations and personal services","million KRW",33096
2020,"35360","economy","grdp","gross regional domestic product at market prices","million KRW",809283
2020,"35360","economy","grdp","net taxes on products","million KRW",57582
2020,"35360","economy","grdp","total value added at basic prices","million KRW",751701
2020,"35360","economy","grdp","agriculture, forestry and fishing","million KRW",167132
2020,"35360","economy","grdp","mining and quarrying","million KRW",6194
2020,"35360","economy","grdp","manufacturing","million KRW",97533
2020,"35360","economy","grdp","electricity, gas, steam and air conditioning supply; water supply and waste management","million KRW",7215
2020,"35360","economy","grdp","construction","million KRW",62043
2020,"35360","economy","grdp","wholesale and retail trade","million KRW",17107
2020,"35360","economy","grdp","transportation and storage","million KRW",7196
2020,"35360","economy","grdp","accommodation and food service activities","million KRW",14515
2020,"35360","economy","grdp","information and communication","million KRW",10251
2020,"35360","economy","grdp","financial and insurance activities","million KRW",10332
2020,"35360","economy","grdp","real estate activities; rental and leasing activities","million KRW",38903
2020,"35360","economy","grdp","professional, scientific and technical activities; business support facilities","million KRW",8644
2020,"35360","economy","grdp","public administration and defence; compulsory social security","million KRW",167154
2020,"35360","economy","grdp","education","million KRW",19636
2020,"35360","economy","grdp","human health and social work activities","million KRW",99865
2020,"35360","economy","grdp","arts, sports and recreation; membership organizations and personal services","million KRW",17981
2020,"35370","economy","grdp","gross regional domestic product at market prices","million KRW",1583028
2020,"35370","economy","grdp","net taxes on products","million KRW",110528
2020,"35370","economy","grdp","total value added at basic prices","million KRW",1472499
2020,"35370","economy","grdp","agriculture, forestry and fishing","million KRW",382045
2020,"35370","economy","grdp","mining and quarrying","million KRW",10209
2020,"35370","economy","grdp","manufacturing","million KRW",153822
2020,"35370","economy","grdp","electricity, gas, steam and air conditioning supply; water supply and waste management","million KRW",12455
2020,"35370","economy","grdp","construction","million KRW",172116
2020,"35370","economy","grdp","wholesale and retail trade","million KRW",57679
2020,"35370","economy","grdp","transportation and storage","million KRW",14327
2020,"35370","economy","grdp","accommodation and food service activities","million KRW",30726
2020,"35370","economy","grdp","information and communication","million KRW",20927
2020,"35370","economy","grdp","financial and insurance activities","million KRW",16530
2020,"35370","economy","grdp","real estate activities; rental and leasing activities","million KRW",95160
2020,"35370","economy","grdp","professional, scientific and technical activities; business support facilities","million KRW",26419
2020,"35370","economy","grdp","public administration and defence; compulsory social security","million KRW",254250
2020,"35370","economy","grdp","education","million KRW",54129
2020,"35370","economy","grdp","human health and social work activities","million KRW",111343
2020,"35370","economy","grdp","arts, sports and recreation; membership organizations and personal services","million KRW",60362
2020,"35380","economy","grdp","gross regional domestic product at market prices","million KRW",1545178
2020,"35380","economy","grdp","net taxes on products","million KRW",126377
2020,"35380","economy","grdp","total value added at basic prices","million KRW",1418802
2020,"35380","economy","grdp","agriculture, forestry and fishing","million KRW",308351
2020,"35380","economy","grdp","mining and quarrying","million KRW",3729
2020,"35380","economy","grdp","manufacturing","million KRW",177806
2020,"35380","economy","grdp","electricity, gas, steam and air conditioning supply; water supply and waste management","million KRW",11487
2020,"35380","economy","grdp","construction","million KRW",197616
2020,"35380","economy","grdp","wholesale and retail trade","million KRW",59571
2020,"35380","economy","grdp","transportation and storage","million KRW",25025
2020,"35380","economy","grdp","accommodation and food service activities","million KRW",42157
2020,"35380","economy","grdp","information and communication","million KRW",19068
2020,"35380","economy","grdp","financial and insurance activities","million KRW",29555
2020,"35380","economy","grdp","real estate activities; rental and leasing activities","million KRW",79357
2020,"35380","economy","grdp","professional, scientific and technical activities; business support facilities","million KRW",30721
2020,"35380","economy","grdp","public administration and defence; compulsory social security","million KRW",257346
2020,"35380","economy","grdp","education","million KRW",37899
2020,"35380","economy","grdp","human health and social work activities","million KRW",108319
2020,"35380","economy","grdp","arts, sports and recreation; membership organizations and personal services","million KRW",30795
2010,"39010","economy","grdp","gross regional domestic product at market prices","million KRW",7908509
2010,"39010","economy","grdp","net taxes on products","million KRW",576904
2010,"39010","economy","grdp","total value added at basic prices","million KRW",7331604
2010,"39010","economy","grdp","agriculture, forestry and fishing","million KRW",653071
2010,"39010","economy","grdp","mining and quarrying","million KRW",21836
2010,"39010","economy","grdp","manufacturing","million KRW",329130
2010,"39010","economy","grdp","electricity, gas, steam and air conditioning supply; water supply and waste management","million KRW",119054
2010,"39010","economy","grdp","construction","million KRW",491949
2010,"39010","economy","grdp","wholesale and retail trade","million KRW",694295
2010,"39010","economy","grdp","transportation and storage","million KRW",444146
2010,"39010","economy","grdp","accommodation and food service activities","million KRW",387653
2010,"39010","economy","grdp","information and communication","million KRW",251009
2010,"39010","economy","grdp","financial and insurance activities","million KRW",477058
2010,"39010","economy","grdp","real estate activities; rental and leasing activities","million KRW",624352
2010,"39010","economy","grdp","professional, scientific and technical activities; business support facilities","million KRW",498033
2010,"39010","economy","grdp","public administration and defence; compulsory social security","million KRW",885759
2010,"39010","economy","grdp","education","million KRW",637230
2010,"39010","economy","grdp","human health and social work activities","million KRW",442341
2010,"39010","economy","grdp","arts, sports and recreation; membership organizations and personal services","million KRW",374689
2010,"39020","economy","grdp","gross regional domestic product at market prices","million KRW",3250373
2010,"39020","economy","grdp","net taxes on products","million KRW",191116
2010,"39020","economy","grdp","total value added at basic prices","million KRW",3059258
2010,"39020","economy","grdp","agriculture, forestry and fishing","million KRW",1017931
2010,"39020","economy","grdp","mining and quarrying","million KRW",12166
2010,"39020","economy","grdp","manufacturing","million KRW",89321
2010,"39020","economy","grdp","electricity, gas, steam and air conditioning supply; water supply and waste management","million KRW",53485
2010,"39020","economy","grdp","construction","million KRW",223343
2010,"39020","economy","grdp","wholesale and retail trade","million KRW",188833
2010,"39020","economy","grdp","transportation and storage","million KRW",43296
2010,"39020","economy","grdp","accommodation and food service activities","million KRW",201382
2010,"39020","economy","grdp","information and communication","million KRW",26295
2010,"39020","economy","grdp","financial and insurance activities","million KRW",132964
2010,"39020","economy","grdp","real estate activities; rental and leasing activities","million KRW",227719
2010,"39020","economy","grdp","professional, scientific and technical activities; business support facilities","million KRW",80082
2010,"39020","economy","grdp","public administration and defence; compulsory social security","million KRW",292822
2010,"39020","economy","grdp","education","million KRW",199216
2010,"39020","economy","grdp","human health and social work activities","million KRW",133065
2010,"39020","economy","grdp","arts, sports and recreation; membership organizations and personal services","million KRW",137337
2015,"39010","economy","grdp","gross regional domestic product at market prices","million KRW",12178463
2015,"39010","economy","grdp","net taxes on products","million KRW",981339
2015,"39010","economy","grdp","total value added at basic prices","million KRW",11197124
2015,"39010","economy","grdp","agriculture, forestry and fishing","million KRW",820720
2015,"39010","economy","grdp","mining and quarrying","million KRW",27907
2015,"39010","economy","grdp","manufacturing","million KRW",481526
2015,"39010","economy","grdp","electricity, gas, steam and air conditioning supply; water supply and waste management","million KRW",243020
2015,"39010","economy","grdp","construction","million KRW",799890
2015,"39010","economy","grdp","wholesale and retail trade","million KRW",964154
2015,"39010","economy","grdp","transportation and storage","million KRW",836872
2015,"39010","economy","grdp","accommodation and food service activities","million KRW",544953
2015,"39010","economy","grdp","information and communication","million KRW",666655
2015,"39010","economy","grdp","financial and insurance activities","million KRW",604911
2015,"39010","economy","grdp","real estate activities; rental and leasing activities","million KRW",986286
2015,"39010","economy","grdp","professional, scientific and technical activities; business support facilities","million KRW",1058413
2015,"39010","economy","grdp","public administration and defence; compulsory social security","million KRW",1328209
2015,"39010","economy","grdp","education","million KRW",725063
2015,"39010","economy","grdp","human health and social work activities","million KRW",619840
2015,"39010","economy","grdp","arts, sports and recreation; membership organizations and personal services","million KRW",488705
2015,"39020","economy","grdp","gross regional domestic product at market prices","million KRW",4768246
2015,"39020","economy","grdp","net taxes on products","million KRW",406513
2015,"39020","economy","grdp","total value added at basic prices","million KRW",4361733
2015,"39020","economy","grdp","agriculture, forestry and fishing","million KRW",894798
2015,"39020","economy","grdp","mining and quarrying","million KRW",13102
2015,"39020","economy","grdp","manufacturing","million KRW",166308
2015,"39020","economy","grdp","electricity, gas, steam and air conditioning supply; water supply and waste management","million KRW",126329
2015,"39020","economy","grdp","construction","million KRW",730518
2015,"39020","economy","grdp","wholesale and retail trade","million KRW",227682
2015,"39020","economy","grdp","transportation and storage","million KRW",69487
2015,"39020","economy","grdp","accommodation and food service activities","million KRW",339670
2015,"39020","economy","grdp","information and communication","million KRW",16954
2015,"39020","economy","grdp","financial and insurance activities","million KRW",172336
2015,"39020","economy","grdp","real estate activities; rental and leasing activities","million KRW",350996
2015,"39020","economy","grdp","professional, scientific and technical activities; business support facilities","million KRW",114161
2015,"39020","economy","grdp","public administration and defence; compulsory social security","million KRW",408138
2015,"39020","economy","grdp","education","million KRW",325966
2015,"39020","economy","grdp","human health and social work activities","million KRW",166730
2015,"39020","economy","grdp","arts, sports and recreation; membership organizations and personal services","million KRW",238558
2020,"39010","economy","grdp","gross regional domestic product at market prices","million KRW",14316106
2020,"39010","economy","grdp","net taxes on products","million KRW",1174273
2020,"39010","economy","grdp","total value added at basic prices","million KRW",13141833
2020,"39010","economy","grdp","agriculture, forestry and fishing","million KRW",852091
2020,"39010","economy","grdp","mining and quarrying","million KRW",9437
2020,"39010","economy","grdp","manufacturing","million KRW",582608
2020,"39010","economy","grdp","electricity, gas, steam and air conditioning supply; water supply and waste management","million KRW",202890
2020,"39010","economy","grdp","construction","million KRW",973041
2020,"39010","economy","grdp","wholesale and retail trade","million KRW",855903
2020,"39010","economy","grdp","transportation and storage","million KRW",649114
2020,"39010","economy","grdp","accommodation and food service activities","million KRW",724563
2020,"39010","economy","grdp","information and communication","million KRW",1156295
2020,"39010","economy","grdp","financial and insurance activities","million KRW",785100
2020,"39010","economy","grdp","real estate activities; rental and leasing activities","million KRW",1063574
2020,"39010","economy","grdp","professional, scientific and technical activities; business support facilities","million KRW",1154325
2020,"39010","economy","grdp","public administration and defence; compulsory social security","million KRW",1912462
2020,"39010","economy","grdp","education","million KRW",835884
2020,"39010","economy","grdp","human health and social work activities","million KRW",844562
2020,"39010","economy","grdp","arts, sports and recreation; membership organizations and personal services","million KRW",539984
2020,"39020","economy","grdp","gross regional domestic product at market prices","million KRW",5299652
2020,"39020","economy","grdp","net taxes on products","million KRW",414984
2020,"39020","economy","grdp","total value added at basic prices","million KRW",4884668
2020,"39020","economy","grdp","agriculture, forestry and fishing","million KRW",1117844
2020,"39020","economy","grdp","mining and quarrying","million KRW",1793
2020,"39020","economy","grdp","manufacturing","million KRW",126975
2020,"39020","economy","grdp","electricity, gas, steam and air conditioning supply; water supply and waste management","million KRW",97059
2020,"39020","economy","grdp","construction","million KRW",534122
2020,"39020","economy","grdp","wholesale and retail trade","million KRW",255118
2020,"39020","economy","grdp","transportation and storage","million KRW",55933
2020,"39020","economy","grdp","accommodation and food service activities","million KRW",367911
2020,"39020","economy","grdp","information and communication","million KRW",13448
2020,"39020","economy","grdp","financial and insurance activities","million KRW",240119
2020,"39020","economy","grdp","real estate activities; rental and leasing activities","million KRW",396289
2020,"39020","economy","grdp","professional, scientific and technical activities; business support facilities","million KRW",170610
2020,"39020","economy","grdp","public administration and defence; compulsory social security","million KRW",598614
2020,"39020","economy","grdp","education","million KRW",420661
2020,"39020","economy","grdp","human health and social work activities","million KRW",251820
2020,"39020","economy","grdp","arts, sports and recreation; membership organizations and personal services","million KRW",236352
2010,"34010","economy","grdp","gross regional domestic product at market prices","million KRW",19807914
2010,"34010","economy","grdp","net taxes on products","million KRW",1464237
2010,"34010","economy","grdp","total value added at basic prices","million KRW",18343677
2010,"34010","economy","grdp","agriculture, forestry and fishing","million KRW",253329
2010,"34010","economy","grdp","mining and quarrying","million KRW",4072
2010,"34010","economy","grdp","manufacturing","million KRW",10564788
2010,"34010","economy","grdp","electricity, gas, steam and air conditioning supply; water supply and waste management","million KRW",23126
2010,"34010","economy","grdp","construction","million KRW",735757
2010,"34010","economy","grdp","wholesale and retail trade","million KRW",793797
2010,"34010","economy","grdp","transportation and storage","million KRW",416893
2010,"34010","economy","grdp","accommodation and food service activities","million KRW",302676
2010,"34010","economy","grdp","information and communication","million KRW",258446
2010,"34010","economy","grdp","financial and insurance activities","million KRW",630719
2010,"34010","economy","grdp","real estate activities; rental and leasing activities","million KRW",809729
2010,"34010","economy","grdp","professional, scientific and technical activities; business support facilities","million KRW",1424875
2010,"34010","economy","grdp","public administration and defence; compulsory social security","million KRW",384937
2010,"34010","economy","grdp","education","million KRW",1023603
2010,"34010","economy","grdp","human health and social work activities","million KRW",342373
2010,"34010","economy","grdp","arts, sports and recreation; membership organizations and personal services","million KRW",374557
2015,"34010","economy","grdp","gross regional domestic product at market prices","million KRW",22348506
2015,"34010","economy","grdp","net taxes on products","million KRW",1767889
2015,"34010","economy","grdp","total value added at basic prices","million KRW",20580617
2015,"34010","economy","grdp","agriculture, forestry and fishing","million KRW",312020
2015,"34010","economy","grdp","mining and quarrying","million KRW",8430
2015,"34010","economy","grdp","manufacturing","million KRW",10446870
2015,"34010","economy","grdp","electricity, gas, steam and air conditioning supply; water supply and waste management","million KRW",130708
2015,"34010","economy","grdp","construction","million KRW",1178429
2015,"34010","economy","grdp","wholesale and retail trade","million KRW",1080327
2015,"34010","economy","grdp","transportation and storage","million KRW",501315
2015,"34010","economy","grdp","accommodation and food service activities","million KRW",481421
2015,"34010","economy","grdp","information and communication","million KRW",251540
2015,"34010","economy","grdp","financial and insurance activities","million KRW",754548
2015,"34010","economy","grdp","real estate activities; rental and leasing activities","million KRW",1122535
2015,"34010","economy","grdp","professional, scientific and technical activities; business support facilities","million KRW",1595539
2015,"34010","economy","grdp","public administration and defence; compulsory social security","million KRW",433711
2015,"34010","economy","grdp","education","million KRW",1255895
2015,"34010","economy","grdp","human health and social work activities","million KRW",552309
2015,"34010","economy","grdp","arts, sports and recreation; membership organizations and personal services","million KRW",475020
2020,"34010","economy","grdp","gross regional domestic product at market prices","million KRW",26111315
2020,"34010","economy","grdp","net taxes on products","million KRW",2213026
2020,"34010","economy","grdp","total value added at basic prices","million KRW",23898288
2020,"34010","economy","grdp","agriculture, forestry and fishing","million KRW",290932
2020,"34010","economy","grdp","mining and quarrying","million KRW",5330
2020,"34010","economy","grdp","manufacturing","million KRW",12119102
2020,"34010","economy","grdp","electricity, gas, steam and air conditioning supply; water supply and waste management","million KRW",122429
2020,"34010","economy","grdp","construction","million KRW",1051657
2020,"34010","economy","grdp","wholesale and retail trade","million KRW",1209099
2020,"34010","economy","grdp","transportation and storage","million KRW",548161
2020,"34010","economy","grdp","accommodation and food service activities","million KRW",534374
2020,"34010","economy","grdp","information and communication","million KRW",351183
2020,"34010","economy","grdp","financial and insurance activities","million KRW",832487
2020,"34010","economy","grdp","real estate activities; rental and leasing activities","million KRW",1378158
2020,"34010","economy","grdp","professional, scientific and technical activities; business support facilities","million KRW",2058712
2020,"34010","economy","grdp","public administration and defence; compulsory social security","million KRW",589279
2020,"34010","economy","grdp","education","million KRW",1434644
2020,"34010","economy","grdp","human health and social work activities","million KRW",807674
2020,"34010","economy","grdp","arts, sports and recreation; membership organizations and personal services","million KRW",565067
2010,"34020","economy","grdp","gross regional domestic product at market prices","million KRW",2904316
2010,"34020","economy","grdp","net taxes on products","million KRW",213655
2010,"34020","economy","grdp","total value added at basic prices","million KRW",2690661
2010,"34020","economy","grdp","agriculture, forestry and fishing","million KRW",254045
2010,"34020","economy","grdp","mining and quarrying","million KRW",19946
2010,"34020","economy","grdp","manufacturing","million KRW",537629
2010,"34020","economy","grdp","electricity, gas, steam and air conditioning supply; water supply and waste management","million KRW",1901
2010,"34020","economy","grdp","construction","million KRW",209515
2010,"34020","economy","grdp","wholesale and retail trade","million KRW",114708
2010,"34020","economy","grdp","transportation and storage","million KRW",66936
2010,"34020","economy","grdp","accommodation and food service activities","million KRW",59667
2010,"34020","economy","grdp","information and communication","million KRW",33498
2010,"34020","economy","grdp","financial and insurance activities","million KRW",107588
2010,"34020","economy","grdp","real estate activities; rental and leasing activities","million KRW",159850
2010,"34020","economy","grdp","professional, scientific and technical activities; business support facilities","million KRW",377842
2010,"34020","economy","grdp","public administration and defence; compulsory social security","million KRW",299061
2010,"34020","economy","grdp","education","million KRW",257971
2010,"34020","economy","grdp","human health and social work activities","million KRW",106473
2010,"34020","economy","grdp","arts, sports and recreation; membership organizations and personal services","million KRW",84031
2015,"34020","economy","grdp","gross regional domestic product at market prices","million KRW",3197369
2015,"34020","economy","grdp","net taxes on products","million KRW",232386
2015,"34020","economy","grdp","total value added at basic prices","million KRW",2964983
2015,"34020","economy","grdp","agriculture, forestry and fishing","million KRW",263406
2015,"34020","economy","grdp","mining and quarrying","million KRW",5535
2015,"34020","economy","grdp","manufacturing","million KRW",790545
2015,"34020","economy","grdp","electricity, gas, steam and air conditioning supply; water supply and waste management","million KRW",13742
2015,"34020","economy","grdp","construction","million KRW",158626
2015,"34020","economy","grdp","wholesale and retail trade","million KRW",139839
2015,"34020","economy","grdp","transportation and storage","million KRW",94713
2015,"34020","economy","grdp","accommodation and food service activities","million KRW",73626
2015,"34020","economy","grdp","information and communication","million KRW",38061
2015,"34020","economy","grdp","financial and insurance activities","million KRW",118952
2015,"34020","economy","grdp","real estate activities; rental and leasing activities","million KRW",185091
2015,"34020","economy","grdp","professional, scientific and technical activities; business support facilities","million KRW",211849
2015,"34020","economy","grdp","public administration and defence; compulsory social security","million KRW",364161
2015,"34020","economy","grdp","education","million KRW",262038
2015,"34020","economy","grdp","human health and social work activities","million KRW",143163
2015,"34020","economy","grdp","arts, sports and recreation; membership organizations and personal services","million KRW",101636
2020,"34020","economy","grdp","gross regional domestic product at market prices","million KRW",3762849
2020,"34020","economy","grdp","net taxes on products","million KRW",302323
2020,"34020","economy","grdp","total value added at basic prices","million KRW",3460526
2020,"34020","economy","grdp","agriculture, forestry and fishing","million KRW",252006
2020,"34020","economy","grdp","mining and quarrying","million KRW",7938
2020,"34020","economy","grdp","manufacturing","million KRW",977921
2020,"34020","economy","grdp","electricity, gas, steam and air conditioning supply; water supply and waste management","million KRW",13101
2020,"34020","economy","grdp","construction","million KRW",186114
2020,"34020","economy","grdp","wholesale and retail trade","million KRW",142719
2020,"34020","economy","grdp","transportation and storage","million KRW",80693
2020,"34020","economy","grdp","accommodation and food service activities","million KRW",81949
2020,"34020","economy","grdp","information and communication","million KRW",30604
2020,"34020","economy","grdp","financial and insurance activities","million KRW",141730
2020,"34020","economy","grdp","real estate activities; rental and leasing activities","million KRW",194866
2020,"34020","economy","grdp","professional, scientific and technical activities; business support facilities","million KRW",265705
2020,"34020","economy","grdp","public administration and defence; compulsory social security","million KRW",443390
2020,"34020","economy","grdp","education","million KRW",337078
2020,"34020","economy","grdp","human health and social work activities","million KRW",185484
2020,"34020","economy","grdp","arts, sports and recreation; membership organizations and personal services","million KRW",119228
2010,"34030","economy","grdp","gross regional domestic product at market prices","million KRW",2993237
2010,"34030","economy","grdp","net taxes on products","million KRW",292755
2010,"34030","economy","grdp","total value added at basic prices","million KRW",2700482
2010,"34030","economy","grdp","agriculture, forestry and fishing","million KRW",244343
2010,"34030","economy","grdp","mining and quarrying","million KRW",13051
2010,"34030","economy","grdp","manufacturing","million KRW",312106
2010,"34030","economy","grdp","electricity, gas, steam and air conditioning supply; water supply and waste management","million KRW",999028
2010,"34030","economy","grdp","construction","million KRW",94169
2010,"34030","economy","grdp","wholesale and retail trade","million KRW",102334
2010,"34030","economy","grdp","transportation and storage","million KRW",100491
2010,"34030","economy","grdp","accommodation and food service activities","million KRW",77225
2010,"34030","economy","grdp","information and communication","million KRW",33300
2010,"34030","economy","grdp","financial and insurance activities","million KRW",80347
2010,"34030","economy","grdp","real estate activities; rental and leasing activities","million KRW",123886
2010,"34030","economy","grdp","professional, scientific and technical activities; business support facilities","million KRW",60238
2010,"34030","economy","grdp","public administration and defence; compulsory social security","million KRW",159608
2010,"34030","economy","grdp","education","million KRW",134132
2010,"34030","economy","grdp","human health and social work activities","million KRW",96041
2010,"34030","economy","grdp","arts, sports and recreation; membership organizations and personal services","million KRW",70183
2015,"34030","economy","grdp","gross regional domestic product at market prices","million KRW",4139826
2015,"34030","economy","grdp","net taxes on products","million KRW",333621
2015,"34030","economy","grdp","total value added at basic prices","million KRW",3806205
2015,"34030","economy","grdp","agriculture, forestry and fishing","million KRW",266594
2015,"34030","economy","grdp","mining and quarrying","million KRW",13912
2015,"34030","economy","grdp","manufacturing","million KRW",373073
2015,"34030","economy","grdp","electricity, gas, steam and air conditioning supply; water supply and waste management","million KRW",1240773
2015,"34030","economy","grdp","construction","million KRW",649779
2015,"34030","economy","grdp","wholesale and retail trade","million KRW",126355
2015,"34030","economy","grdp","transportation and storage","million KRW",76388
2015,"34030","economy","grdp","accommodation and food service activities","million KRW",102960
2015,"34030","economy","grdp","information and communication","million KRW",35833
2015,"34030","economy","grdp","financial and insurance activities","million KRW",99604
2015,"34030","economy","grdp","real estate activities; rental and leasing activities","million KRW",167227
2015,"34030","economy","grdp","professional, scientific and technical activities; business support facilities","million KRW",74805
2015,"34030","economy","grdp","public administration and defence; compulsory social security","million KRW",203614
2015,"34030","economy","grdp","education","million KRW",157259
2015,"34030","economy","grdp","human health and social work activities","million KRW",126917
2015,"34030","economy","grdp","arts, sports and recreation; membership organizations and personal services","million KRW",91112
2020,"34030","economy","grdp","gross regional domestic product at market prices","million KRW",4190195
2020,"34030","economy","grdp","net taxes on products","million KRW",380537
2020,"34030","economy","grdp","total value added at basic prices","million KRW",3809658
2020,"34030","economy","grdp","agriculture, forestry and fishing","million KRW",305870
2020,"34030","economy","grdp","mining and quarrying","million KRW",14583
2020,"34030","economy","grdp","manufacturing","million KRW",406503
2020,"34030","economy","grdp","electricity, gas, steam and air conditioning supply; water supply and waste management","million KRW",1103457
2020,"34030","economy","grdp","construction","million KRW",403578
2020,"34030","economy","grdp","wholesale and retail trade","million KRW",136012
2020,"34030","economy","grdp","transportation and storage","million KRW",113976
2020,"34030","economy","grdp","accommodation and food service activities","million KRW",105079
2020,"34030","economy","grdp","information and communication","million KRW",22826
2020,"34030","economy","grdp","financial and insurance activities","million KRW",117884
2020,"34030","economy","grdp","real estate activities; rental and leasing activities","million KRW",181599
2020,"34030","economy","grdp","professional, scientific and technical activities; business support facilities","million KRW",158225
2020,"34030","economy","grdp","public administration and defence; compulsory social security","million KRW",289592
2020,"34030","economy","grdp","education","million KRW",175983
2020,"34030","economy","grdp","human health and social work activities","million KRW",170720
2020,"34030","economy","grdp","arts, sports and recreation; membership organizations and personal services","million KRW",103771
2010,"34040","economy","grdp","gross regional domestic product at market prices","million KRW",21743735
2010,"34040","economy","grdp","net taxes on products","million KRW",1139902
2010,"34040","economy","grdp","total value added at basic prices","million KRW",20603833
2010,"34040","economy","grdp","agriculture, forestry and fishing","million KRW",225692
2010,"34040","economy","grdp","mining and quarrying","million KRW",26697
2010,"34040","economy","grdp","manufacturing","million KRW",16777597
2010,"34040","economy","grdp","electricity, gas, steam and air conditioning supply; water supply and waste management","million KRW",18080
2010,"34040","economy","grdp","construction","million KRW",1095200
2010,"34040","economy","grdp","wholesale and retail trade","million KRW",208809
2010,"34040","economy","grdp","transportation and storage","million KRW",190560
2010,"34040","economy","grdp","accommodation and food service activities","million KRW",140345
2010,"34040","economy","grdp","information and communication","million KRW",56157
2010,"34040","economy","grdp","financial and insurance activities","million KRW",217118
2010,"34040","economy","grdp","real estate activities; rental and leasing activities","million KRW",353312
2010,"34040","economy","grdp","professional, scientific and technical activities; business support facilities","million KRW",238735
2010,"34040","economy","grdp","public administration and defence; compulsory social security","million KRW",194795
2010,"34040","economy","grdp","education","million KRW",533018
2010,"34040","economy","grdp","human health and social work activities","million KRW",191382
2010,"34040","economy","grdp","arts, sports and recreation; membership organizations and personal services","million KRW",136336
2015,"34040","economy","grdp","gross regional domestic product at market prices","million KRW",23656597
2015,"34040","economy","grdp","net taxes on products","million KRW",1372278
2015,"34040","economy","grdp","total value added at basic prices","million KRW",22284319
2015,"34040","economy","grdp","agriculture, forestry and fishing","million KRW",318691
2015,"34040","economy","grdp","mining and quarrying","million KRW",20271
2015,"34040","economy","grdp","manufacturing","million KRW",17461340
2015,"34040","economy","grdp","electricity, gas, steam and air conditioning supply; water supply and waste management","million KRW",166406
2015,"34040","economy","grdp","construction","million KRW",830615
2015,"34040","economy","grdp","wholesale and retail trade","million KRW",333069
2015,"34040","economy","grdp","transportation and storage","million KRW",280325
2015,"34040","economy","grdp","accommodation and food service activities","million KRW",231536
2015,"34040","economy","grdp","information and communication","million KRW",70345
2015,"34040","economy","grdp","financial and insurance activities","million KRW",259748
2015,"34040","economy","grdp","real estate activities; rental and leasing activities","million KRW",509927
2015,"34040","economy","grdp","professional, scientific and technical activities; business support facilities","million KRW",439754
2015,"34040","economy","grdp","public administration and defence; compulsory social security","million KRW",253147
2015,"34040","economy","grdp","education","million KRW",599624
2015,"34040","economy","grdp","human health and social work activities","million KRW",308874
2015,"34040","economy","grdp","arts, sports and recreation; membership organizations and personal services","million KRW",200647
2020,"34040","economy","grdp","gross regional domestic product at market prices","million KRW",29923576
2020,"34040","economy","grdp","net taxes on products","million KRW",1700035
2020,"34040","economy","grdp","total value added at basic prices","million KRW",28223541
2020,"34040","economy","grdp","agriculture, forestry and fishing","million KRW",272332
2020,"34040","economy","grdp","mining and quarrying","million KRW",22313
2020,"34040","economy","grdp","manufacturing","million KRW",21975250
2020,"34040","economy","grdp","electricity, gas, steam and air conditioning supply; water supply and waste management","million KRW",165623
2020,"34040","economy","grdp","construction","million KRW",1260619
2020,"34040","economy","grdp","wholesale and retail trade","million KRW",404471
2020,"34040","economy","grdp","transportation and storage","million KRW",365749
2020,"34040","economy","grdp","accommodation and food service activities","million KRW",262494
2020,"34040","economy","grdp","information and communication","million KRW",59866
2020,"34040","economy","grdp","financial and insurance activities","million KRW",335960
2020,"34040","economy","grdp","real estate activities; rental and leasing activities","million KRW",597803
2020,"34040","economy","grdp","professional, scientific and technical activities; business support facilities","million KRW",691833
2020,"34040","economy","grdp","public administration and defence; compulsory social security","million KRW",371425
2020,"34040","economy","grdp","education","million KRW",726325
2020,"34040","economy","grdp","human health and social work activities","million KRW",436495
2020,"34040","economy","grdp","arts, sports and recreation; membership organizations and personal services","million KRW",274983
2010,"34050","economy","grdp","gross regional domestic product at market prices","million KRW",12437052
2010,"34050","economy","grdp","net taxes on products","million KRW",3169149
2010,"34050","economy","grdp","total value added at basic prices","million KRW",9267903
2010,"34050","economy","grdp","agriculture, forestry and fishing","million KRW",261818
2010,"34050","economy","grdp","mining and quarrying","million KRW",30999
2010,"34050","economy","grdp","manufacturing","million KRW",5996415
2010,"34050","economy","grdp","electricity, gas, steam and air conditioning supply; water supply and waste management","million KRW",47969
2010,"34050","economy","grdp","construction","million KRW",744866
2010,"34050","economy","grdp","wholesale and retail trade","million KRW",181600
2010,"34050","economy","grdp","transportation and storage","million KRW",244607
2010,"34050","economy","grdp","accommodation and food service activities","million KRW",81607
2010,"34050","economy","grdp","information and communication","million KRW",60270
2010,"34050","economy","grdp","financial and insurance activities","million KRW",146330
2010,"34050","economy","grdp","real estate activities; rental and leasing activities","million KRW",212435
2010,"34050","economy","grdp","professional, scientific and technical activities; business support facilities","million KRW",393150
2010,"34050","economy","grdp","public administration and defence; compulsory social security","million KRW",387748
2010,"34050","economy","grdp","education","million KRW",247842
2010,"34050","economy","grdp","human health and social work activities","million KRW",127031
2010,"34050","economy","grdp","arts, sports and recreation; membership organizations and personal services","million KRW",103216
2015,"34050","economy","grdp","gross regional domestic product at market prices","million KRW",15509556
2015,"34050","economy","grdp","net taxes on products","million KRW",3650724
2015,"34050","economy","grdp","total value added at basic prices","million KRW",11858832
2015,"34050","economy","grdp","agriculture, forestry and fishing","million KRW",473419
2015,"34050","economy","grdp","mining and quarrying","million KRW",23235
2015,"34050","economy","grdp","manufacturing","million KRW",7947140
2015,"34050","economy","grdp","electricity, gas, steam and air conditioning supply; water supply and waste management","million KRW",180117
2015,"34050","economy","grdp","construction","million KRW",804758
2015,"34050","economy","grdp","wholesale and retail trade","million KRW",233538
2015,"34050","economy","grdp","transportation and storage","million KRW",265431
2015,"34050","economy","grdp","accommodation and food service activities","million KRW",119094
2015,"34050","economy","grdp","information and communication","million KRW",49244
2015,"34050","economy","grdp","financial and insurance activities","million KRW",174786
2015,"34050","economy","grdp","real estate activities; rental and leasing activities","million KRW",298386
2015,"34050","economy","grdp","professional, scientific and technical activities; business support facilities","million KRW",224890
2015,"34050","economy","grdp","public administration and defence; compulsory social security","million KRW",493473
2015,"34050","economy","grdp","education","million KRW",260226
2015,"34050","economy","grdp","human health and social work activities","million KRW",179688
2015,"34050","economy","grdp","arts, sports and recreation; membership organizations and personal services","million KRW",131407
2020,"34050","economy","grdp","gross regional domestic product at market prices","million KRW",15843904
2020,"34050","economy","grdp","net taxes on products","million KRW",3428489
2020,"34050","economy","grdp","total value added at basic prices","million KRW",12415414
2020,"34050","economy","grdp","agriculture, forestry and fishing","million KRW",359995
2020,"34050","economy","grdp","mining and quarrying","million KRW",13417
2020,"34050","economy","grdp","manufacturing","million KRW",7582622
2020,"34050","economy","grdp","electricity, gas, steam and air conditioning supply; water supply and waste management","million KRW",182047
2020,"34050","economy","grdp","construction","million KRW",1307192
2020,"34050","economy","grdp","wholesale and retail trade","million KRW",261373
2020,"34050","economy","grdp","transportation and storage","million KRW",319979
2020,"34050","economy","grdp","accommodation and food service activities","million KRW",133142
2020,"34050","economy","grdp","information and communication","million KRW",45032
2020,"34050","economy","grdp","financial and insurance activities","million KRW",208706
2020,"34050","economy","grdp","real estate activities; rental and leasing activities","million KRW",340497
2020,"34050","economy","grdp","professional, scientific and technical activities; business support facilities","million KRW",310831
2020,"34050","economy","grdp","public administration and defence; compulsory social security","million KRW",626231
2020,"34050","economy","grdp","education","million KRW",305355
2020,"34050","economy","grdp","human health and social work activities","million KRW",263548
2020,"34050","economy","grdp","arts, sports and recreation; membership organizations and personal services","million KRW",155447
2010,"34060","economy","grdp","gross regional domestic product at market prices","million KRW",2838788
2010,"34060","economy","grdp","net taxes on products","million KRW",210558
2010,"34060","economy","grdp","total value added at basic prices","million KRW",2628230
2010,"34060","economy","grdp","agriculture, forestry and fishing","million KRW",318516
2010,"34060","economy","grdp","mining and quarrying","million KRW",2553
2010,"34060","economy","grdp","manufacturing","million KRW",614498
2010,"34060","economy","grdp","electricity, gas, steam and air conditioning supply; water supply and waste management","million KRW",1047
2010,"34060","economy","grdp","construction","million KRW",148327
2010,"34060","economy","grdp","wholesale and retail trade","million KRW",129046
2010,"34060","economy","grdp","transportation and storage","million KRW",97395
2010,"34060","economy","grdp","accommodation and food service activities","million KRW",40314
2010,"34060","economy","grdp","information and communication","million KRW",65895
2010,"34060","economy","grdp","financial and insurance activities","million KRW",120683
2010,"34060","economy","grdp","real estate activities; rental and leasing activities","million KRW",142990
2010,"34060","economy","grdp","professional, scientific and technical activities; business support facilities","million KRW",159477
2010,"34060","economy","grdp","public administration and defence; compulsory social security","million KRW",368711
2010,"34060","economy","grdp","education","million KRW",211159
2010,"34060","economy","grdp","human health and social work activities","million KRW",121750
2010,"34060","economy","grdp","arts, sports and recreation; membership organizations and personal services","million KRW",85869
2015,"34060","economy","grdp","gross regional domestic product at market prices","million KRW",3539582
2015,"34060","economy","grdp","net taxes on products","million KRW",253542
2015,"34060","economy","grdp","total value added at basic prices","million KRW",3286040
2015,"34060","economy","grdp","agriculture, forestry and fishing","million KRW",464547
2015,"34060","economy","grdp","mining and quarrying","million KRW",1451
2015,"34060","economy","grdp","manufacturing","million KRW",779228
2015,"34060","economy","grdp","electricity, gas, steam and air conditioning supply; water supply and waste management","million KRW",17606
2015,"34060","economy","grdp","construction","million KRW",174102
2015,"34060","economy","grdp","wholesale and retail trade","million KRW",158805
2015,"34060","economy","grdp","transportation and storage","million KRW",95824
2015,"34060","economy","grdp","accommodation and food service activities","million KRW",58526
2015,"34060","economy","grdp","information and communication","million KRW",53757
2015,"34060","economy","grdp","financial and insurance activities","million KRW",123208
2015,"34060","economy","grdp","real estate activities; rental and leasing activities","million KRW",196082
2015,"34060","economy","grdp","professional, scientific and technical activities; business support facilities","million KRW",164909
2015,"34060","economy","grdp","public administration and defence; compulsory social security","million KRW",470455
2015,"34060","economy","grdp","education","million KRW",222634
2015,"34060","economy","grdp","human health and social work activities","million KRW",177923
2015,"34060","economy","grdp","arts, sports and recreation; membership organizations and personal services","million KRW",126983
2020,"34060","economy","grdp","gross regional domestic product at market prices","million KRW",4439047
2020,"34060","economy","grdp","net taxes on products","million KRW",312128
2020,"34060","economy","grdp","total value added at basic prices","million KRW",4126919
2020,"34060","economy","grdp","agriculture, forestry and fishing","million KRW",461739
2020,"34060","economy","grdp","mining and quarrying","million KRW",49
2020,"34060","economy","grdp","manufacturing","million KRW",968095
2020,"34060","economy","grdp","electricity, gas, steam and air conditioning supply; water supply and waste management","million KRW",17576
2020,"34060","economy","grdp","construction","million KRW",234341
2020,"34060","economy","grdp","wholesale and retail trade","million KRW",162172
2020,"34060","economy","grdp","transportation and storage","million KRW",93198
2020,"34060","economy","grdp","accommodation and food service activities","million KRW",63196
2020,"34060","economy","grdp","information and communication","million KRW",30294
2020,"34060","economy","grdp","financial and insurance activities","million KRW",150944
2020,"34060","economy","grdp","real estate activities; rental and leasing activities","million KRW",205387
2020,"34060","economy","grdp","professional, scientific and technical activities; business support facilities","million KRW",243333
2020,"34060","economy","grdp","public administration and defence; compulsory social security","million KRW",842849
2020,"34060","economy","grdp","education","million KRW",254982
2020,"34060","economy","grdp","human health and social work activities","million KRW",254895
2020,"34060","economy","grdp","arts, sports and recreation; membership organizations and personal services","million KRW",143869
2010,"34070","economy","grdp","gross regional domestic product at market prices","million KRW",1006814
2010,"34070","economy","grdp","net taxes on products","million KRW",24858
2010,"34070","economy","grdp","total value added at basic prices","million KRW",981956
2010,"34070","economy","grdp","agriculture, forestry and fishing","million KRW",6150
2010,"34070","economy","grdp","mining and quarrying","million KRW",0
2010,"34070","economy","grdp","manufacturing","million KRW",19590
2010,"34070","economy","grdp","electricity, gas, steam and air conditioning supply; water supply and waste management","million KRW",1100
2010,"34070","economy","grdp","construction","million KRW",31624
2010,"34070","economy","grdp","wholesale and retail trade","million KRW",34727
2010,"34070","economy","grdp","transportation and storage","million KRW",25096
2010,"34070","economy","grdp","accommodation and food service activities","million KRW",11978
2010,"34070","economy","grdp","information and communication","million KRW",27843
2010,"34070","economy","grdp","financial and insurance activities","million KRW",19294
2010,"34070","economy","grdp","real estate activities; rental and leasing activities","million KRW",45498
2010,"34070","economy","grdp","professional, scientific and technical activities; business support facilities","million KRW",7329
2010,"34070","economy","grdp","public administration and defence; compulsory social security","million KRW",636799
2010,"34070","economy","grdp","education","million KRW",63905
2010,"34070","economy","grdp","human health and social work activities","million KRW",32237
2010,"34070","economy","grdp","arts, sports and recreation; membership organizations and personal services","million KRW",18786
2015,"34070","economy","grdp","gross regional domestic product at market prices","million KRW",1352188
2015,"34070","economy","grdp","net taxes on products","million KRW",36083
2015,"34070","economy","grdp","total value added at basic prices","million KRW",1316105
2015,"34070","economy","grdp","agriculture, forestry and fishing","million KRW",5460
2015,"34070","economy","grdp","mining and quarrying","million KRW",0
2015,"34070","economy","grdp","manufacturing","million KRW",54847
2015,"34070","economy","grdp","electricity, gas, steam and air conditioning supply; water supply and waste management","million KRW",5234
2015,"34070","economy","grdp","construction","million KRW",75653
2015,"34070","economy","grdp","wholesale and retail trade","million KRW",55989
2015,"34070","economy","grdp","transportation and storage","million KRW",26804
2015,"34070","economy","grdp","accommodation and food service activities","million KRW",15380
2015,"34070","economy","grdp","information and communication","million KRW",24136
2015,"34070","economy","grdp","financial and insurance activities","million KRW",21574
2015,"34070","economy","grdp","real estate activities; rental and leasing activities","million KRW",61016
2015,"34070","economy","grdp","professional, scientific and technical activities; business support facilities","million KRW",13155
2015,"34070","economy","grdp","public administration and defence; compulsory social security","million KRW",811766
2015,"34070","economy","grdp","education","million KRW",71114
2015,"34070","economy","grdp","human health and social work activities","million KRW",44527
2015,"34070","economy","grdp","arts, sports and recreation; membership organizations and personal services","million KRW",29450
2020,"34070","economy","grdp","gross regional domestic product at market prices","million KRW",1719448
2020,"34070","economy","grdp","net taxes on products","million KRW",60694
2020,"34070","economy","grdp","total value added at basic prices","million KRW",1658754
2020,"34070","economy","grdp","agriculture, forestry and fishing","million KRW",7517
2020,"34070","economy","grdp","mining and quarrying","million KRW",0
2020,"34070","economy","grdp","manufacturing","million KRW",76347
2020,"34070","economy","grdp","electricity, gas, steam and air conditioning supply; water supply and waste management","million KRW",5528
2020,"34070","economy","grdp","construction","million KRW",92124
2020,"34070","economy","grdp","wholesale and retail trade","million KRW",82566
2020,"34070","economy","grdp","transportation and storage","million KRW",23217
2020,"34070","economy","grdp","accommodation and food service activities","million KRW",17218
2020,"34070","economy","grdp","information and communication","million KRW",55081
2020,"34070","economy","grdp","financial and insurance activities","million KRW",25835
2020,"34070","economy","grdp","real estate activities; rental and leasing activities","million KRW",69994
2020,"34070","economy","grdp","professional, scientific and technical activities; business support facilities","million KRW",25351
2020,"34070","economy","grdp","public administration and defence; compulsory social security","million KRW",992377
2020,"34070","economy","grdp","education","million KRW",85705
2020,"34070","economy","grdp","human health and social work activities","million KRW",62506
2020,"34070","economy","grdp","arts, sports and recreation; membership organizations and personal services","million KRW",37388
2010,"34080","economy","grdp","gross regional domestic product at market prices","million KRW",7397461
2010,"34080","economy","grdp","net taxes on products","million KRW",636415
2010,"34080","economy","grdp","total value added at basic prices","million KRW",6761046
2010,"34080","economy","grdp","agriculture, forestry and fishing","million KRW",347891
2010,"34080","economy","grdp","mining and quarrying","million KRW",13158
2010,"34080","economy","grdp","manufacturing","million KRW",3363543
2010,"34080","economy","grdp","electricity, gas, steam and air conditioning supply; water supply and waste management","million KRW",889490
2010,"34080","economy","grdp","construction","million KRW",712423
2010,"34080","economy","grdp","wholesale and retail trade","million KRW",150011
2010,"34080","economy","grdp","transportation and storage","million KRW",162943
2010,"34080","economy","grdp","accommodation and food service activities","million KRW",66822
2010,"34080","economy","grdp","information and communication","million KRW",38031
2010,"34080","economy","grdp","financial and insurance activities","million KRW",152762
2010,"34080","economy","grdp","real estate activities; rental and leasing activities","million KRW",235500
2010,"34080","economy","grdp","professional, scientific and technical activities; business support facilities","million KRW",133666
2010,"34080","economy","grdp","public administration and defence; compulsory social security","million KRW",154306
2010,"34080","economy","grdp","education","million KRW",137461
2010,"34080","economy","grdp","human health and social work activities","million KRW",108293
2010,"34080","economy","grdp","arts, sports and recreation; membership organizations and personal services","million KRW",94746
2015,"34080","economy","grdp","gross regional domestic product at market prices","million KRW",11675103
2015,"34080","economy","grdp","net taxes on products","million KRW",942598
2015,"34080","economy","grdp","total value added at basic prices","million KRW",10732505
2015,"34080","economy","grdp","agriculture, forestry and fishing","million KRW",428051
2015,"34080","economy","grdp","mining and quarrying","million KRW",13035
2015,"34080","economy","grdp","manufacturing","million KRW",5031137
2015,"34080","economy","grdp","electricity, gas, steam and air conditioning supply; water supply and waste management","million KRW",1744126
2015,"34080","economy","grdp","construction","million KRW",1246502
2015,"34080","economy","grdp","wholesale and retail trade","million KRW",226304
2015,"34080","economy","grdp","transportation and storage","million KRW",327379
2015,"34080","economy","grdp","accommodation and food service activities","million KRW",112542
2015,"34080","economy","grdp","information and communication","million KRW",48238
2015,"34080","economy","grdp","financial and insurance activities","million KRW",171833
2015,"34080","economy","grdp","real estate activities; rental and leasing activities","million KRW",301553
2015,"34080","economy","grdp","professional, scientific and technical activities; business support facilities","million KRW",301246
2015,"34080","economy","grdp","public administration and defence; compulsory social security","million KRW",201696
2015,"34080","economy","grdp","education","million KRW",230851
2015,"34080","economy","grdp","human health and social work activities","million KRW",175162
2015,"34080","economy","grdp","arts, sports and recreation; membership organizations and personal services","million KRW",172850
2020,"34080","economy","grdp","gross regional domestic product at market prices","million KRW",11733515
2020,"34080","economy","grdp","net taxes on products","million KRW",1106864
2020,"34080","economy","grdp","total value added at basic prices","million KRW",10626651
2020,"34080","economy","grdp","agriculture, forestry and fishing","million KRW",383511
2020,"34080","economy","grdp","mining and quarrying","million KRW",11191
2020,"34080","economy","grdp","manufacturing","million KRW",5294890
2020,"34080","economy","grdp","electricity, gas, steam and air conditioning supply; water supply and waste management","million KRW",1470865
2020,"34080","economy","grdp","construction","million KRW",708907
2020,"34080","economy","grdp","wholesale and retail trade","million KRW",247757
2020,"34080","economy","grdp","transportation and storage","million KRW",359315
2020,"34080","economy","grdp","accommodation and food service activities","million KRW",117553
2020,"34080","economy","grdp","information and communication","million KRW",42411
2020,"34080","economy","grdp","financial and insurance activities","million KRW",206116
2020,"34080","economy","grdp","real estate activities; rental and leasing activities","million KRW",338609
2020,"34080","economy","grdp","professional, scientific and technical activities; business support facilities","million KRW",421757
2020,"34080","economy","grdp","public administration and defence; compulsory social security","million KRW",298167
2020,"34080","economy","grdp","education","million KRW",281889
2020,"34080","economy","grdp","human health and social work activities","million KRW",247043
2020,"34080","economy","grdp","arts, sports and recreation; membership organizations and personal services","million KRW",196670
2010,"34310","economy","grdp","gross regional domestic product at market prices","million KRW",1954680
2010,"34310","economy","grdp","net taxes on products","million KRW",309877
2010,"34310","economy","grdp","total value added at basic prices","million KRW",1644803
2010,"34310","economy","grdp","agriculture, forestry and fishing","million KRW",103981
2010,"34310","economy","grdp","mining and quarrying","million KRW",28160
2010,"34310","economy","grdp","manufacturing","million KRW",892621
2010,"34310","economy","grdp","electricity, gas, steam and air conditioning supply; water supply and waste management","million KRW",800
2010,"34310","economy","grdp","construction","million KRW",78154
2010,"34310","economy","grdp","wholesale and retail trade","million KRW",52516
2010,"34310","economy","grdp","transportation and storage","million KRW",31271
2010,"34310","economy","grdp","accommodation and food service activities","million KRW",20652
2010,"34310","economy","grdp","information and communication","million KRW",22782
2010,"34310","economy","grdp","financial and insurance activities","million KRW",36557
2010,"34310","economy","grdp","real estate activities; rental and leasing activities","million KRW",65397
2010,"34310","economy","grdp","professional, scientific and technical activities; business support facilities","million KRW",38180
2010,"34310","economy","grdp","public administration and defence; compulsory social security","million KRW",104003
2010,"34310","economy","grdp","education","million KRW",80642
2010,"34310","economy","grdp","human health and social work activities","million KRW",53635
2010,"34310","economy","grdp","arts, sports and recreation; membership organizations and personal services","million KRW",35452
2015,"34310","economy","grdp","gross regional domestic product at market prices","million KRW",2260575
2015,"34310","economy","grdp","net taxes on products","million KRW",315883
2015,"34310","economy","grdp","total value added at basic prices","million KRW",1944692
2015,"34310","economy","grdp","agriculture, forestry and fishing","million KRW",133724
2015,"34310","economy","grdp","mining and quarrying","million KRW",18083
2015,"34310","economy","grdp","manufacturing","million KRW",964450
2015,"34310","economy","grdp","electricity, gas, steam and air conditioning supply; water supply and waste management","million KRW",15918
2015,"34310","economy","grdp","construction","million KRW",77748
2015,"34310","economy","grdp","wholesale and retail trade","million KRW",72787
2015,"34310","economy","grdp","transportation and storage","million KRW",67854
2015,"34310","economy","grdp","accommodation and food service activities","million KRW",30649
2015,"34310","economy","grdp","information and communication","million KRW",22003
2015,"34310","economy","grdp","financial and insurance activities","million KRW",39798
2015,"34310","economy","grdp","real estate activities; rental and leasing activities","million KRW",89845
2015,"34310","economy","grdp","professional, scientific and technical activities; business support facilities","million KRW",47030
2015,"34310","economy","grdp","public administration and defence; compulsory social security","million KRW",127119
2015,"34310","economy","grdp","education","million KRW",101497
2015,"34310","economy","grdp","human health and social work activities","million KRW",83529
2015,"34310","economy","grdp","arts, sports and recreation; membership organizations and personal services","million KRW",52658
2020,"34310","economy","grdp","gross regional domestic product at market prices","million KRW",2359964
2020,"34310","economy","grdp","net taxes on products","million KRW",288721
2020,"34310","economy","grdp","total value added at basic prices","million KRW",2071243
2020,"34310","economy","grdp","agriculture, forestry and fishing","million KRW",106700
2020,"34310","economy","grdp","mining and quarrying","million KRW",12147
2020,"34310","economy","grdp","manufacturing","million KRW",976676
2020,"34310","economy","grdp","electricity, gas, steam and air conditioning supply; water supply and waste management","million KRW",13259
2020,"34310","economy","grdp","construction","million KRW",100261
2020,"34310","economy","grdp","wholesale and retail trade","million KRW",79121
2020,"34310","economy","grdp","transportation and storage","million KRW",66715
2020,"34310","economy","grdp","accommodation and food service activities","million KRW",31740
2020,"34310","economy","grdp","information and communication","million KRW",15034
2020,"34310","economy","grdp","financial and insurance activities","million KRW",48878
2020,"34310","economy","grdp","real estate activities; rental and leasing activities","million KRW",93326
2020,"34310","economy","grdp","professional, scientific and technical activities; business support facilities","million KRW",61381
2020,"34310","economy","grdp","public administration and defence; compulsory social security","million KRW",177833
2020,"34310","economy","grdp","education","million KRW",111029
2020,"34310","economy","grdp","human health and social work activities","million KRW",118252
2020,"34310","economy","grdp","arts, sports and recreation; membership organizations and personal services","million KRW",58891
2010,"34320","economy","grdp","gross regional domestic product at market prices","million KRW",2452766
2010,"34320","economy","grdp","net taxes on products","million KRW",217354
2010,"34320","economy","grdp","total value added at basic prices","million KRW",2235412
2010,"34320","economy","grdp","agriculture, forestry and fishing","million KRW",127235
2010,"34320","economy","grdp","mining and quarrying","million KRW",448
2010,"34320","economy","grdp","manufacturing","million KRW",899627
2010,"34320","economy","grdp","electricity, gas, steam and air conditioning supply; water supply and waste management","million KRW",3469
2010,"34320","economy","grdp","construction","million KRW",368762
2010,"34320","economy","grdp","wholesale and retail trade","million KRW",71871
2010,"34320","economy","grdp","transportation and storage","million KRW",63661
2010,"34320","economy","grdp","accommodation and food service activities","million KRW",46234
2010,"34320","economy","grdp","information and communication","million KRW",21274
2010,"34320","economy","grdp","financial and insurance activities","million KRW",73826
2010,"34320","economy","grdp","real estate activities; rental and leasing activities","million KRW",158065
2010,"34320","economy","grdp","professional, scientific and technical activities; business support facilities","million KRW",34367
2010,"34320","economy","grdp","public administration and defence; compulsory social security","million KRW",106182
2010,"34320","economy","grdp","education","million KRW",132129
2010,"34320","economy","grdp","human health and social work activities","million KRW",76258
2010,"34320","economy","grdp","arts, sports and recreation; membership organizations and personal services","million KRW",52004
2010,"34330","economy","grdp","gross regional domestic product at market prices","million KRW",1728949
2010,"34330","economy","grdp","net taxes on products","million KRW",120178
2010,"34330","economy","grdp","total value added at basic prices","million KRW",1608771
2010,"34330","economy","grdp","agriculture, forestry and fishing","million KRW",466563
2010,"34330","economy","grdp","mining and quarrying","million KRW",9241
2010,"34330","economy","grdp","manufacturing","million KRW",250675
2010,"34330","economy","grdp","electricity, gas, steam and air conditioning supply; water supply and waste management","million KRW",288
2010,"34330","economy","grdp","construction","million KRW",203554
2010,"34330","economy","grdp","wholesale and retail trade","million KRW",61111
2010,"34330","economy","grdp","transportation and storage","million KRW",34350
2010,"34330","economy","grdp","accommodation and food service activities","million KRW",26990
2010,"34330","economy","grdp","information and communication","million KRW",27727
2010,"34330","economy","grdp","financial and insurance activities","million KRW",56808
2010,"34330","economy","grdp","real estate activities; rental and leasing activities","million KRW",86285
2010,"34330","economy","grdp","professional, scientific and technical activities; business support facilities","million KRW",38333
2010,"34330","economy","grdp","public administration and defence; compulsory social security","million KRW",133361
2010,"34330","economy","grdp","education","million KRW",98900
2010,"34330","economy","grdp","human health and social work activities","million KRW",74576
2010,"34330","economy","grdp","arts, sports and recreation; membership organizations and personal services","million KRW",40009
2015,"34330","economy","grdp","gross regional domestic product at market prices","million KRW",1827253
2015,"34330","economy","grdp","net taxes on products","million KRW",137822
2015,"34330","economy","grdp","total value added at basic prices","million KRW",1689431
2015,"34330","economy","grdp","agriculture, forestry and fishing","million KRW",462121
2015,"34330","economy","grdp","mining and quarrying","million KRW",17347
2015,"34330","economy","grdp","manufacturing","million KRW",329907
2015,"34330","economy","grdp","electricity, gas, steam and air conditioning supply; water supply and waste management","million KRW",7265
2015,"34330","economy","grdp","construction","million KRW",66909
2015,"34330","economy","grdp","wholesale and retail trade","million KRW",73700
2015,"34330","economy","grdp","transportation and storage","million KRW",36566
2015,"34330","economy","grdp","accommodation and food service activities","million KRW",33787
2015,"34330","economy","grdp","information and communication","million KRW",28592
2015,"34330","economy","grdp","financial and insurance activities","million KRW",58417
2015,"34330","economy","grdp","real estate activities; rental and leasing activities","million KRW",114018
2015,"34330","economy","grdp","professional, scientific and technical activities; business support facilities","million KRW",46016
2015,"34330","economy","grdp","public administration and defence; compulsory social security","million KRW",157711
2015,"34330","economy","grdp","education","million KRW",110789
2015,"34330","economy","grdp","human health and social work activities","million KRW",95098
2015,"34330","economy","grdp","arts, sports and recreation; membership organizations and personal services","million KRW",51188
2020,"34330","economy","grdp","gross regional domestic product at market prices","million KRW",1980356
2020,"34330","economy","grdp","net taxes on products","million KRW",147554
2020,"34330","economy","grdp","total value added at basic prices","million KRW",1832802
2020,"34330","economy","grdp","agriculture, forestry and fishing","million KRW",429797
2020,"34330","economy","grdp","mining and quarrying","million KRW",10946
2020,"34330","economy","grdp","manufacturing","million KRW",306767
2020,"34330","economy","grdp","electricity, gas, steam and air conditioning supply; water supply and waste management","million KRW",6172
2020,"34330","economy","grdp","construction","million KRW",135381
2020,"34330","economy","grdp","wholesale and retail trade","million KRW",79754
2020,"34330","economy","grdp","transportation and storage","million KRW",30439
2020,"34330","economy","grdp","accommodation and food service activities","million KRW",34408
2020,"34330","economy","grdp","information and communication","million KRW",20363
2020,"34330","economy","grdp","financial and insurance activities","million KRW",65784
2020,"34330","economy","grdp","real estate activities; rental and leasing activities","million KRW",117369
2020,"34330","economy","grdp","professional, scientific and technical activities; business support facilities","million KRW",52281
2020,"34330","economy","grdp","public administration and defence; compulsory social security","million KRW",234589
2020,"34330","economy","grdp","education","million KRW",125044
2020,"34330","economy","grdp","human health and social work activities","million KRW",131802
2020,"34330","economy","grdp","arts, sports and recreation; membership organizations and personal services","million KRW",51906
2010,"34340","economy","grdp","gross regional domestic product at market prices","million KRW",1581828
2010,"34340","economy","grdp","net taxes on products","million KRW",135535
2010,"34340","economy","grdp","total value added at basic prices","million KRW",1446293
2010,"34340","economy","grdp","agriculture, forestry and fishing","million KRW",189431
2010,"34340","economy","grdp","mining and quarrying","million KRW",5574
2010,"34340","economy","grdp","manufacturing","million KRW",466841
2010,"34340","economy","grdp","electricity, gas, steam and air conditioning supply; water supply and waste management","million KRW",106090
2010,"34340","economy","grdp","construction","million KRW",102718
2010,"34340","economy","grdp","wholesale and retail trade","million KRW",39189
2010,"34340","economy","grdp","transportation and storage","million KRW",58815
2010,"34340","economy","grdp","accommodation and food service activities","million KRW",19982
2010,"34340","economy","grdp","information and communication","million KRW",12863
2010,"34340","economy","grdp","financial and insurance activities","million KRW",39678
2010,"34340","economy","grdp","real estate activities; rental and leasing activities","million KRW",75185
2010,"34340","economy","grdp","professional, scientific and technical activities; business support facilities","million KRW",44236
2010,"34340","economy","grdp","public administration and defence; compulsory social security","million KRW",108777
2010,"34340","economy","grdp","education","million KRW",74046
2010,"34340","economy","grdp","human health and social work activities","million KRW",64731
2010,"34340","economy","grdp","arts, sports and recreation; membership organizations and personal services","million KRW",38137
2015,"34340","economy","grdp","gross regional domestic product at market prices","million KRW",1989613
2015,"34340","economy","grdp","net taxes on products","million KRW",146184
2015,"34340","economy","grdp","total value added at basic prices","million KRW",1843429
2015,"34340","economy","grdp","agriculture, forestry and fishing","million KRW",211812
2015,"34340","economy","grdp","mining and quarrying","million KRW",0
2015,"34340","economy","grdp","manufacturing","million KRW",510158
2015,"34340","economy","grdp","electricity, gas, steam and air conditioning supply; water supply and waste management","million KRW",151823
2015,"34340","economy","grdp","construction","million KRW",79595
2015,"34340","economy","grdp","wholesale and retail trade","million KRW",46026
2015,"34340","economy","grdp","transportation and storage","million KRW",56005
2015,"34340","economy","grdp","accommodation and food service activities","million KRW",24427
2015,"34340","economy","grdp","information and communication","million KRW",11981
2015,"34340","economy","grdp","financial and insurance activities","million KRW",40441
2015,"34340","economy","grdp","real estate activities; rental and leasing activities","million KRW",95769
2015,"34340","economy","grdp","professional, scientific and technical activities; business support facilities","million KRW",262899
2015,"34340","economy","grdp","public administration and defence; compulsory social security","million KRW",131231
2015,"34340","economy","grdp","education","million KRW",83734
2015,"34340","economy","grdp","human health and social work activities","million KRW",88605
2015,"34340","economy","grdp","arts, sports and recreation; membership organizations and personal services","million KRW",48923
2020,"34340","economy","grdp","gross regional domestic product at market prices","million KRW",2292178
2020,"34340","economy","grdp","net taxes on products","million KRW",174957
2020,"34340","economy","grdp","total value added at basic prices","million KRW",2117221
2020,"34340","economy","grdp","agriculture, forestry and fishing","million KRW",213366
2020,"34340","economy","grdp","mining and quarrying","million KRW",0
2020,"34340","economy","grdp","manufacturing","million KRW",522014
2020,"34340","economy","grdp","electricity, gas, steam and air conditioning supply; water supply and waste management","million KRW",12043
2020,"34340","economy","grdp","construction","million KRW",267435
2020,"34340","economy","grdp","wholesale and retail trade","million KRW",46269
2020,"34340","economy","grdp","transportation and storage","million KRW",44886
2020,"34340","economy","grdp","accommodation and food service activities","million KRW",26135
2020,"34340","economy","grdp","information and communication","million KRW",6631
2020,"34340","economy","grdp","financial and insurance activities","million KRW",48197
2020,"34340","economy","grdp","real estate activities; rental and leasing activities","million KRW",99590
2020,"34340","economy","grdp","professional, scientific and technical activities; business support facilities","million KRW",380292
2020,"34340","economy","grdp","public administration and defence; compulsory social security","million KRW",181121
2020,"34340","economy","grdp","education","million KRW",94895
2020,"34340","economy","grdp","human health and social work activities","million KRW",124592
2020,"34340","economy","grdp","arts, sports and recreation; membership organizations and personal services","million KRW",49755
2010,"34350","economy","grdp","gross regional domestic product at market prices","million KRW",768858
2010,"34350","economy","grdp","net taxes on products","million KRW",71331
2010,"34350","economy","grdp","total value added at basic prices","million KRW",697527
2010,"34350","economy","grdp","agriculture, forestry and fishing","million KRW",140276
2010,"34350","economy","grdp","mining and quarrying","million KRW",366
2010,"34350","economy","grdp","manufacturing","million KRW",182184
2010,"34350","economy","grdp","electricity, gas, steam and air conditioning supply; water supply and waste management","million KRW",98
2010,"34350","economy","grdp","construction","million KRW",46500
2010,"34350","economy","grdp","wholesale and retail trade","million KRW",13189
2010,"34350","economy","grdp","transportation and storage","million KRW",34201
2010,"34350","economy","grdp","accommodation and food service activities","million KRW",9143
2010,"34350","economy","grdp","information and communication","million KRW",7788
2010,"34350","economy","grdp","financial and insurance activities","million KRW",22304
2010,"34350","economy","grdp","real estate activities; rental and leasing activities","million KRW",37217
2010,"34350","economy","grdp","professional, scientific and technical activities; business support facilities","million KRW",16574
2010,"34350","economy","grdp","public administration and defence; compulsory social security","million KRW",89535
2010,"34350","economy","grdp","education","million KRW",44476
2010,"34350","economy","grdp","human health and social work activities","million KRW",37013
2010,"34350","economy","grdp","arts, sports and recreation; membership organizations and personal services","million KRW",16663
2015,"34350","economy","grdp","gross regional domestic product at market prices","million KRW",1078537
2015,"34350","economy","grdp","net taxes on products","million KRW",105995
2015,"34350","economy","grdp","total value added at basic prices","million KRW",972542
2015,"34350","economy","grdp","agriculture, forestry and fishing","million KRW",182811
2015,"34350","economy","grdp","mining and quarrying","million KRW",538
2015,"34350","economy","grdp","manufacturing","million KRW",273451
2015,"34350","economy","grdp","electricity, gas, steam and air conditioning supply; water supply and waste management","million KRW",2586
2015,"34350","economy","grdp","construction","million KRW",50185
2015,"34350","economy","grdp","wholesale and retail trade","million KRW",24633
2015,"34350","economy","grdp","transportation and storage","million KRW",59613
2015,"34350","economy","grdp","accommodation and food service activities","million KRW",14572
2015,"34350","economy","grdp","information and communication","million KRW",7313
2015,"34350","economy","grdp","financial and insurance activities","million KRW",22706
2015,"34350","economy","grdp","real estate activities; rental and leasing activities","million KRW",53604
2015,"34350","economy","grdp","professional, scientific and technical activities; business support facilities","million KRW",26667
2015,"34350","economy","grdp","public administration and defence; compulsory social security","million KRW",108527
2015,"34350","economy","grdp","education","million KRW",56141
2015,"34350","economy","grdp","human health and social work activities","million KRW",60699
2015,"34350","economy","grdp","arts, sports and recreation; membership organizations and personal services","million KRW",28496
2020,"34350","economy","grdp","gross regional domestic product at market prices","million KRW",1248541
2020,"34350","economy","grdp","net taxes on products","million KRW",116136
2020,"34350","economy","grdp","total value added at basic prices","million KRW",1132405
2020,"34350","economy","grdp","agriculture, forestry and fishing","million KRW",183640
2020,"34350","economy","grdp","mining and quarrying","million KRW",0
2020,"34350","economy","grdp","manufacturing","million KRW",316658
2020,"34350","economy","grdp","electricity, gas, steam and air conditioning supply; water supply and waste management","million KRW",2363
2020,"34350","economy","grdp","construction","million KRW",71979
2020,"34350","economy","grdp","wholesale and retail trade","million KRW",22284
2020,"34350","economy","grdp","transportation and storage","million KRW",46314
2020,"34350","economy","grdp","accommodation and food service activities","million KRW",14520
2020,"34350","economy","grdp","information and communication","million KRW",4821
2020,"34350","economy","grdp","financial and insurance activities","million KRW",29061
2020,"34350","economy","grdp","real estate activities; rental and leasing activities","million KRW",57235
2020,"34350","economy","grdp","professional, scientific and technical activities; business support facilities","million KRW",20249
2020,"34350","economy","grdp","public administration and defence; compulsory social security","million KRW",155998
2020,"34350","economy","grdp","education","million KRW",69801
2020,"34350","economy","grdp","human health and social work activities","million KRW",76025
2020,"34350","economy","grdp","arts, sports and recreation; membership organizations and personal services","million KRW",61457
2010,"34360","economy","grdp","gross regional domestic product at market prices","million KRW",1785696
2010,"34360","economy","grdp","net taxes on products","million KRW",119143
2010,"34360","economy","grdp","total value added at basic prices","million KRW",1666553
2010,"34360","economy","grdp","agriculture, forestry and fishing","million KRW",242906
2010,"34360","economy","grdp","mining and quarrying","million KRW",8858
2010,"34360","economy","grdp","manufacturing","million KRW",238120
2010,"34360","economy","grdp","electricity, gas, steam and air conditioning supply; water supply and waste management","million KRW",655
2010,"34360","economy","grdp","construction","million KRW",102561
2010,"34360","economy","grdp","wholesale and retail trade","million KRW",107933
2010,"34360","economy","grdp","transportation and storage","million KRW",54321
2010,"34360","economy","grdp","accommodation and food service activities","million KRW",37643
2010,"34360","economy","grdp","information and communication","million KRW",55833
2010,"34360","economy","grdp","financial and insurance activities","million KRW",108978
2010,"34360","economy","grdp","real estate activities; rental and leasing activities","million KRW",213156
2010,"34360","economy","grdp","professional, scientific and technical activities; business support facilities","million KRW",72415
2010,"34360","economy","grdp","public administration and defence; compulsory social security","million KRW",141324
2010,"34360","economy","grdp","education","million KRW",145520
2010,"34360","economy","grdp","human health and social work activities","million KRW",76797
2010,"34360","economy","grdp","arts, sports and recreation; membership organizations and personal services","million KRW",59533
2015,"34360","economy","grdp","gross regional domestic product at market prices","million KRW",3070006
2015,"34360","economy","grdp","net taxes on products","million KRW",160949
2015,"34360","economy","grdp","total value added at basic prices","million KRW",2909057
2015,"34360","economy","grdp","agriculture, forestry and fishing","million KRW",340648
2015,"34360","economy","grdp","mining and quarrying","million KRW",9362
2015,"34360","economy","grdp","manufacturing","million KRW",396909
2015,"34360","economy","grdp","electricity, gas, steam and air conditioning supply; water supply and waste management","million KRW",9244
2015,"34360","economy","grdp","construction","million KRW",283068
2015,"34360","economy","grdp","wholesale and retail trade","million KRW",136962
2015,"34360","economy","grdp","transportation and storage","million KRW",80258
2015,"34360","economy","grdp","accommodation and food service activities","million KRW",54111
2015,"34360","economy","grdp","information and communication","million KRW",69564
2015,"34360","economy","grdp","financial and insurance activities","million KRW",138682
2015,"34360","economy","grdp","real estate activities; rental and leasing activities","million KRW",165224
2015,"34360","economy","grdp","professional, scientific and technical activities; business support facilities","million KRW",77516
2015,"34360","economy","grdp","public administration and defence; compulsory social security","million KRW",773305
2015,"34360","economy","grdp","education","million KRW",174767
2015,"34360","economy","grdp","human health and social work activities","million KRW",116178
2015,"34360","economy","grdp","arts, sports and recreation; membership organizations and personal services","million KRW",83259
2020,"34360","economy","grdp","gross regional domestic product at market prices","million KRW",3512347
2020,"34360","economy","grdp","net taxes on products","million KRW",190163
2020,"34360","economy","grdp","total value added at basic prices","million KRW",3322184
2020,"34360","economy","grdp","agriculture, forestry and fishing","million KRW",324583
2020,"34360","economy","grdp","mining and quarrying","million KRW",10913
2020,"34360","economy","grdp","manufacturing","million KRW",395665
2020,"34360","economy","grdp","electricity, gas, steam and air conditioning supply; water supply and waste management","million KRW",10686
2020,"34360","economy","grdp","construction","million KRW",167441
2020,"34360","economy","grdp","wholesale and retail trade","million KRW",146365
2020,"34360","economy","grdp","transportation and storage","million KRW",64094
2020,"34360","economy","grdp","accommodation and food service activities","million KRW",58880
2020,"34360","economy","grdp","information and communication","million KRW",80379
2020,"34360","economy","grdp","financial and insurance activities","million KRW",167265
2020,"34360","economy","grdp","real estate activities; rental and leasing activities","million KRW",186279
2020,"34360","economy","grdp","professional, scientific and technical activities; business support facilities","million KRW",126344
2020,"34360","economy","grdp","public administration and defence; compulsory social security","million KRW",1086507
2020,"34360","economy","grdp","education","million KRW",211542
2020,"34360","economy","grdp","human health and social work activities","million KRW",193763
2020,"34360","economy","grdp","arts, sports and recreation; membership organizations and personal services","million KRW",91478
2010,"34370","economy","grdp","gross regional domestic product at market prices","million KRW",1762757
2010,"34370","economy","grdp","net taxes on products","million KRW",117287
2010,"34370","economy","grdp","total value added at basic prices","million KRW",1645470
2010,"34370","economy","grdp","agriculture, forestry and fishing","million KRW",286683
2010,"34370","economy","grdp","mining and quarrying","million KRW",3738
2010,"34370","economy","grdp","manufacturing","million KRW",516000
2010,"34370","economy","grdp","electricity, gas, steam and air conditioning supply; water supply and waste management","million KRW",903
2010,"34370","economy","grdp","construction","million KRW",78399
2010,"34370","economy","grdp","wholesale and retail trade","million KRW",73965
2010,"34370","economy","grdp","transportation and storage","million KRW",43006
2010,"34370","economy","grdp","accommodation and food service activities","million KRW",40333
2010,"34370","economy","grdp","information and communication","million KRW",21362
2010,"34370","economy","grdp","financial and insurance activities","million KRW",75890
2010,"34370","economy","grdp","real estate activities; rental and leasing activities","million KRW",112106
2010,"34370","economy","grdp","professional, scientific and technical activities; business support facilities","million KRW",31827
2010,"34370","economy","grdp","public administration and defence; compulsory social security","million KRW",121562
2010,"34370","economy","grdp","education","million KRW",103258
2010,"34370","economy","grdp","human health and social work activities","million KRW",83176
2010,"34370","economy","grdp","arts, sports and recreation; membership organizations and personal services","million KRW",53262
2015,"34370","economy","grdp","gross regional domestic product at market prices","million KRW",2674979
2015,"34370","economy","grdp","net taxes on products","million KRW",166029
2015,"34370","economy","grdp","total value added at basic prices","million KRW",2508950
2015,"34370","economy","grdp","agriculture, forestry and fishing","million KRW",379012
2015,"34370","economy","grdp","mining and quarrying","million KRW",10869
2015,"34370","economy","grdp","manufacturing","million KRW",768344
2015,"34370","economy","grdp","electricity, gas, steam and air conditioning supply; water supply and waste management","million KRW",13485
2015,"34370","economy","grdp","construction","million KRW",130150
2015,"34370","economy","grdp","wholesale and retail trade","million KRW",94402
2015,"34370","economy","grdp","transportation and storage","million KRW",94358
2015,"34370","economy","grdp","accommodation and food service activities","million KRW",59397
2015,"34370","economy","grdp","information and communication","million KRW",24092
2015,"34370","economy","grdp","financial and insurance activities","million KRW",79220
2015,"34370","economy","grdp","real estate activities; rental and leasing activities","million KRW",142713
2015,"34370","economy","grdp","professional, scientific and technical activities; business support facilities","million KRW",52507
2015,"34370","economy","grdp","public administration and defence; compulsory social security","million KRW",356230
2015,"34370","economy","grdp","education","million KRW",124077
2015,"34370","economy","grdp","human health and social work activities","million KRW",106262
2015,"34370","economy","grdp","arts, sports and recreation; membership organizations and personal services","million KRW",73832
2020,"34370","economy","grdp","gross regional domestic product at market prices","million KRW",3537211
2020,"34370","economy","grdp","net taxes on products","million KRW",273666
2020,"34370","economy","grdp","total value added at basic prices","million KRW",3263545
2020,"34370","economy","grdp","agriculture, forestry and fishing","million KRW",454704
2020,"34370","economy","grdp","mining and quarrying","million KRW",8605
2020,"34370","economy","grdp","manufacturing","million KRW",1161554
2020,"34370","economy","grdp","electricity, gas, steam and air conditioning supply; water supply and waste management","million KRW",17591
2020,"34370","economy","grdp","construction","million KRW",228505
2020,"34370","economy","grdp","wholesale and retail trade","million KRW",101179
2020,"34370","economy","grdp","transportation and storage","million KRW",63569
2020,"34370","economy","grdp","accommodation and food service activities","million KRW",57654
2020,"34370","economy","grdp","information and communication","million KRW",17454
2020,"34370","economy","grdp","financial and insurance activities","million KRW",92769
2020,"34370","economy","grdp","real estate activities; rental and leasing activities","million KRW",150654
2020,"34370","economy","grdp","professional, scientific and technical activities; business support facilities","million KRW",99444
2020,"34370","economy","grdp","public administration and defence; compulsory social security","million KRW",443166
2020,"34370","economy","grdp","education","million KRW",133276
2020,"34370","economy","grdp","human health and social work activities","million KRW",145598
2020,"34370","economy","grdp","arts, sports and recreation; membership organizations and personal services","million KRW",87823
2010,"34380","economy","grdp","gross regional domestic product at market prices","million KRW",1939723
2010,"34380","economy","grdp","net taxes on products","million KRW",191626
2010,"34380","economy","grdp","total value added at basic prices","million KRW",1748097
2010,"34380","economy","grdp","agriculture, forestry and fishing","million KRW",177568
2010,"34380","economy","grdp","mining and quarrying","million KRW",3533
2010,"34380","economy","grdp","manufacturing","million KRW",35488
2010,"34380","economy","grdp","electricity, gas, steam and air conditioning supply; water supply and waste management","million KRW",719954
2010,"34380","economy","grdp","construction","million KRW",106616
2010,"34380","economy","grdp","wholesale and retail trade","million KRW",49022
2010,"34380","economy","grdp","transportation and storage","million KRW",37414
2010,"34380","economy","grdp","accommodation and food service activities","million KRW",58698
2010,"34380","economy","grdp","information and communication","million KRW",22735
2010,"34380","economy","grdp","financial and insurance activities","million KRW",50744
2010,"34380","economy","grdp","real estate activities; rental and leasing activities","million KRW",74050
2010,"34380","economy","grdp","professional, scientific and technical activities; business support facilities","million KRW",99684
2010,"34380","economy","grdp","public administration and defence; compulsory social security","million KRW",149731
2010,"34380","economy","grdp","education","million KRW",67948
2010,"34380","economy","grdp","human health and social work activities","million KRW",59198
2010,"34380","economy","grdp","arts, sports and recreation; membership organizations and personal services","million KRW",35714
2015,"34380","economy","grdp","gross regional domestic product at market prices","million KRW",2979441
2015,"34380","economy","grdp","net taxes on products","million KRW",241624
2015,"34380","economy","grdp","total value added at basic prices","million KRW",2737817
2015,"34380","economy","grdp","agriculture, forestry and fishing","million KRW",253590
2015,"34380","economy","grdp","mining and quarrying","million KRW",1762
2015,"34380","economy","grdp","manufacturing","million KRW",42390
2015,"34380","economy","grdp","electricity, gas, steam and air conditioning supply; water supply and waste management","million KRW",1133842
2015,"34380","economy","grdp","construction","million KRW",372980
2015,"34380","economy","grdp","wholesale and retail trade","million KRW",66705
2015,"34380","economy","grdp","transportation and storage","million KRW",38514
2015,"34380","economy","grdp","accommodation and food service activities","million KRW",79828
2015,"34380","economy","grdp","information and communication","million KRW",22668
2015,"34380","economy","grdp","financial and insurance activities","million KRW",56055
2015,"34380","economy","grdp","real estate activities; rental and leasing activities","million KRW",105576
2015,"34380","economy","grdp","professional, scientific and technical activities; business support facilities","million KRW",173235
2015,"34380","economy","grdp","public administration and defence; compulsory social security","million KRW",158549
2015,"34380","economy","grdp","education","million KRW",90265
2015,"34380","economy","grdp","human health and social work activities","million KRW",88393
2015,"34380","economy","grdp","arts, sports and recreation; membership organizations and personal services","million KRW",53465
2020,"34380","economy","grdp","gross regional domestic product at market prices","million KRW",2876612
2020,"34380","economy","grdp","net taxes on products","million KRW",262755
2020,"34380","economy","grdp","total value added at basic prices","million KRW",2613857
2020,"34380","economy","grdp","agriculture, forestry and fishing","million KRW",242473
2020,"34380","economy","grdp","mining and quarrying","million KRW",1668
2020,"34380","economy","grdp","manufacturing","million KRW",67408
2020,"34380","economy","grdp","electricity, gas, steam and air conditioning supply; water supply and waste management","million KRW",960273
2020,"34380","economy","grdp","construction","million KRW",168813
2020,"34380","economy","grdp","wholesale and retail trade","million KRW",75739
2020,"34380","economy","grdp","transportation and storage","million KRW",59761
2020,"34380","economy","grdp","accommodation and food service activities","million KRW",79778
2020,"34380","economy","grdp","information and communication","million KRW",15306
2020,"34380","economy","grdp","financial and insurance activities","million KRW",63251
2020,"34380","economy","grdp","real estate activities; rental and leasing activities","million KRW",116262
2020,"34380","economy","grdp","professional, scientific and technical activities; business support facilities","million KRW",218188
2020,"34380","economy","grdp","public administration and defence; compulsory social security","million KRW",236144
2020,"34380","economy","grdp","education","million KRW",108811
2020,"34380","economy","grdp","human health and social work activities","million KRW",118831
2020,"34380","economy","grdp","arts, sports and recreation; membership organizations and personal services","million KRW",81151
2010,"33040","economy","grdp","gross regional domestic product at market prices","million KRW",12286517
2010,"33040","economy","grdp","net taxes on products","million KRW",823584
2010,"33040","economy","grdp","total value added at basic prices","million KRW",11462933
2010,"33040","economy","grdp","agriculture, forestry and fishing","million KRW",53406
2010,"33040","economy","grdp","mining and quarrying","million KRW",NA
2010,"33040","economy","grdp","manufacturing","million KRW",3479516
2010,"33040","economy","grdp","electricity, gas, steam and air conditioning supply; water supply and waste management","million KRW",31415
2010,"33040","economy","grdp","construction","million KRW",426345
2010,"33040","economy","grdp","wholesale and retail trade","million KRW",688450
2010,"33040","economy","grdp","transportation and storage","million KRW",350091
2010,"33040","economy","grdp","accommodation and food service activities","million KRW",333574
2010,"33040","economy","grdp","information and communication","million KRW",346246
2010,"33040","economy","grdp","financial and insurance activities","million KRW",791465
2010,"33040","economy","grdp","real estate activities; rental and leasing activities","million KRW",829754
2010,"33040","economy","grdp","professional, scientific and technical activities; business support facilities","million KRW",846903
2010,"33040","economy","grdp","public administration and defence; compulsory social security","million KRW",937691
2010,"33040","economy","grdp","education","million KRW",1496930
2010,"33040","economy","grdp","human health and social work activities","million KRW",477123
2010,"33040","economy","grdp","arts, sports and recreation; membership organizations and personal services","million KRW",374022
2010,"33020","economy","grdp","gross regional domestic product at market prices","million KRW",4483785
2010,"33020","economy","grdp","net taxes on products","million KRW",343645
2010,"33020","economy","grdp","total value added at basic prices","million KRW",4140140
2010,"33020","economy","grdp","agriculture, forestry and fishing","million KRW",194201
2010,"33020","economy","grdp","mining and quarrying","million KRW",15333
2010,"33020","economy","grdp","manufacturing","million KRW",1061374
2010,"33020","economy","grdp","electricity, gas, steam and air conditioning supply; water supply and waste management","million KRW",52044
2010,"33020","economy","grdp","construction","million KRW",327046
2010,"33020","economy","grdp","wholesale and retail trade","million KRW",259232
2010,"33020","economy","grdp","transportation and storage","million KRW",92725
2010,"33020","economy","grdp","accommodation and food service activities","million KRW",123626
2010,"33020","economy","grdp","information and communication","million KRW",88617
2010,"33020","economy","grdp","financial and insurance activities","million KRW",192128
2010,"33020","economy","grdp","real estate activities; rental and leasing activities","million KRW",292029
2010,"33020","economy","grdp","professional, scientific and technical activities; business support facilities","million KRW",127925
2010,"33020","economy","grdp","public administration and defence; compulsory social security","million KRW",496493
2010,"33020","economy","grdp","education","million KRW",403565
2010,"33020","economy","grdp","human health and social work activities","million KRW",193240
2010,"33020","economy","grdp","arts, sports and recreation; membership organizations and personal services","million KRW",220561
2010,"33030","economy","grdp","gross regional domestic product at market prices","million KRW",2249580
2010,"33030","economy","grdp","net taxes on products","million KRW",151853
2010,"33030","economy","grdp","total value added at basic prices","million KRW",2097727
2010,"33030","economy","grdp","agriculture, forestry and fishing","million KRW",209902
2010,"33030","economy","grdp","mining and quarrying","million KRW",29347
2010,"33030","economy","grdp","manufacturing","million KRW",322592
2010,"33030","economy","grdp","electricity, gas, steam and air conditioning supply; water supply and waste management","million KRW",7707
2010,"33030","economy","grdp","construction","million KRW",219706
2010,"33030","economy","grdp","wholesale and retail trade","million KRW",156168
2010,"33030","economy","grdp","transportation and storage","million KRW",155027
2010,"33030","economy","grdp","accommodation and food service activities","million KRW",69967
2010,"33030","economy","grdp","information and communication","million KRW",42646
2010,"33030","economy","grdp","financial and insurance activities","million KRW",104069
2010,"33030","economy","grdp","real estate activities; rental and leasing activities","million KRW",182223
2010,"33030","economy","grdp","professional, scientific and technical activities; business support facilities","million KRW",56662
2010,"33030","economy","grdp","public administration and defence; compulsory social security","million KRW",245672
2010,"33030","economy","grdp","education","million KRW",99427
2010,"33030","economy","grdp","human health and social work activities","million KRW",116318
2010,"33030","economy","grdp","arts, sports and recreation; membership organizations and personal services","million KRW",80295
2010,"33044","economy","grdp","gross regional domestic product at market prices","million KRW",7658875
2010,"33044","economy","grdp","net taxes on products","million KRW",562379
2010,"33044","economy","grdp","total value added at basic prices","million KRW",7096496
2010,"33044","economy","grdp","agriculture, forestry and fishing","million KRW",228018
2010,"33044","economy","grdp","mining and quarrying","million KRW",29703
2010,"33044","economy","grdp","manufacturing","million KRW",4437949
2010,"33044","economy","grdp","electricity, gas, steam and air conditioning supply; water supply and waste management","million KRW",11243
2010,"33044","economy","grdp","construction","million KRW",452842
2010,"33044","economy","grdp","wholesale and retail trade","million KRW",182798
2010,"33044","economy","grdp","transportation and storage","million KRW",137215
2010,"33044","economy","grdp","accommodation and food service activities","million KRW",92399
2010,"33044","economy","grdp","information and communication","million KRW",81733
2010,"33044","economy","grdp","financial and insurance activities","million KRW",77152
2010,"33044","economy","grdp","real estate activities; rental and leasing activities","million KRW",246973
2010,"33044","economy","grdp","professional, scientific and technical activities; business support facilities","million KRW",413331
2010,"33044","economy","grdp","public administration and defence; compulsory social security","million KRW",293172
2010,"33044","economy","grdp","education","million KRW",142325
2010,"33044","economy","grdp","human health and social work activities","million KRW",104590
2010,"33044","economy","grdp","arts, sports and recreation; membership organizations and personal services","million KRW",165053
2010,"33320","economy","grdp","gross regional domestic product at market prices","million KRW",766937
2010,"33320","economy","grdp","net taxes on products","million KRW",37547
2010,"33320","economy","grdp","total value added at basic prices","million KRW",729389
2010,"33320","economy","grdp","agriculture, forestry and fishing","million KRW",157763
2010,"33320","economy","grdp","mining and quarrying","million KRW",4088
2010,"33320","economy","grdp","manufacturing","million KRW",145802
2010,"33320","economy","grdp","electricity, gas, steam and air conditioning supply; water supply and waste management","million KRW",2400
2010,"33320","economy","grdp","construction","million KRW",58578
2010,"33320","economy","grdp","wholesale and retail trade","million KRW",22168
2010,"33320","economy","grdp","transportation and storage","million KRW",30326
2010,"33320","economy","grdp","accommodation and food service activities","million KRW",16566
2010,"33320","economy","grdp","information and communication","million KRW",9716
2010,"33320","economy","grdp","financial and insurance activities","million KRW",19778
2010,"33320","economy","grdp","real estate activities; rental and leasing activities","million KRW",39474
2010,"33320","economy","grdp","professional, scientific and technical activities; business support facilities","million KRW",4531
2010,"33320","economy","grdp","public administration and defence; compulsory social security","million KRW",153169
2010,"33320","economy","grdp","education","million KRW",11431
2010,"33320","economy","grdp","human health and social work activities","million KRW",39391
2010,"33320","economy","grdp","arts, sports and recreation; membership organizations and personal services","million KRW",14207
2010,"33330","economy","grdp","gross regional domestic product at market prices","million KRW",1097438
2010,"33330","economy","grdp","net taxes on products","million KRW",76896
2010,"33330","economy","grdp","total value added at basic prices","million KRW",1020542
2010,"33330","economy","grdp","agriculture, forestry and fishing","million KRW",71005
2010,"33330","economy","grdp","mining and quarrying","million KRW",580
2010,"33330","economy","grdp","manufacturing","million KRW",347928
2010,"33330","economy","grdp","electricity, gas, steam and air conditioning supply; water supply and waste management","million KRW",3723
2010,"33330","economy","grdp","construction","million KRW",106860
2010,"33330","economy","grdp","wholesale and retail trade","million KRW",48981
2010,"33330","economy","grdp","transportation and storage","million KRW",34205
2010,"33330","economy","grdp","accommodation and food service activities","million KRW",23356
2010,"33330","economy","grdp","information and communication","million KRW",15911
2010,"33330","economy","grdp","financial and insurance activities","million KRW",40997
2010,"33330","economy","grdp","real estate activities; rental and leasing activities","million KRW",59015
2010,"33330","economy","grdp","professional, scientific and technical activities; business support facilities","million KRW",19805
2010,"33330","economy","grdp","public administration and defence; compulsory social security","million KRW",131560
2010,"33330","economy","grdp","education","million KRW",33871
2010,"33330","economy","grdp","human health and social work activities","million KRW",58144
2010,"33330","economy","grdp","arts, sports and recreation; membership organizations and personal services","million KRW",24603
2010,"33340","economy","grdp","gross regional domestic product at market prices","million KRW",854191
2010,"33340","economy","grdp","net taxes on products","million KRW",47294
2010,"33340","economy","grdp","total value added at basic prices","million KRW",806897
2010,"33340","economy","grdp","agriculture, forestry and fishing","million KRW",139852
2010,"33340","economy","grdp","mining and quarrying","million KRW",1662
2010,"33340","economy","grdp","manufacturing","million KRW",139669
2010,"33340","economy","grdp","electricity, gas, steam and air conditioning supply; water supply and waste management","million KRW",2912
2010,"33340","economy","grdp","construction","million KRW",88183
2010,"33340","economy","grdp","wholesale and retail trade","million KRW",31231
2010,"33340","economy","grdp","transportation and storage","million KRW",21029
2010,"33340","economy","grdp","accommodation and food service activities","million KRW",15107
2010,"33340","economy","grdp","information and communication","million KRW",14542
2010,"33340","economy","grdp","financial and insurance activities","million KRW",27195
2010,"33340","economy","grdp","real estate activities; rental and leasing activities","million KRW",57282
2010,"33340","economy","grdp","professional, scientific and technical activities; business support facilities","million KRW",14375
2010,"33340","economy","grdp","public administration and defence; compulsory social security","million KRW",141914
2010,"33340","economy","grdp","education","million KRW",31102
2010,"33340","economy","grdp","human health and social work activities","million KRW",52248
2010,"33340","economy","grdp","arts, sports and recreation; membership organizations and personal services","million KRW",28592
2010,"33390","economy","grdp","gross regional domestic product at market prices","million KRW",908817
2010,"33390","economy","grdp","net taxes on products","million KRW",68608
2010,"33390","economy","grdp","total value added at basic prices","million KRW",840209
2010,"33390","economy","grdp","agriculture, forestry and fishing","million KRW",26600
2010,"33390","economy","grdp","mining and quarrying","million KRW",NA
2010,"33390","economy","grdp","manufacturing","million KRW",380888
2010,"33390","economy","grdp","electricity, gas, steam and air conditioning supply; water supply and waste management","million KRW",3101
2010,"33390","economy","grdp","construction","million KRW",79369
2010,"33390","economy","grdp","wholesale and retail trade","million KRW",35178
2010,"33390","economy","grdp","transportation and storage","million KRW",21049
2010,"33390","economy","grdp","accommodation and food service activities","million KRW",16107
2010,"33390","economy","grdp","information and communication","million KRW",12163
2010,"33390","economy","grdp","financial and insurance activities","million KRW",17537
2010,"33390","economy","grdp","real estate activities; rental and leasing activities","million KRW",39305
2010,"33390","economy","grdp","professional, scientific and technical activities; business support facilities","million KRW",18904
2010,"33390","economy","grdp","public administration and defence; compulsory social security","million KRW",133661
2010,"33390","economy","grdp","education","million KRW",17613
2010,"33390","economy","grdp","human health and social work activities","million KRW",21842
2010,"33390","economy","grdp","arts, sports and recreation; membership organizations and personal services","million KRW",16893
2010,"33350","economy","grdp","gross regional domestic product at market prices","million KRW",3963651
2010,"33350","economy","grdp","net taxes on products","million KRW",464135
2010,"33350","economy","grdp","total value added at basic prices","million KRW",3499516
2010,"33350","economy","grdp","agriculture, forestry and fishing","million KRW",150842
2010,"33350","economy","grdp","mining and quarrying","million KRW",15429
2010,"33350","economy","grdp","manufacturing","million KRW",2514762
2010,"33350","economy","grdp","electricity, gas, steam and air conditioning supply; water supply and waste management","million KRW",10785
2010,"33350","economy","grdp","construction","million KRW",167408
2010,"33350","economy","grdp","wholesale and retail trade","million KRW",57825
2010,"33350","economy","grdp","transportation and storage","million KRW",53460
2010,"33350","economy","grdp","accommodation and food service activities","million KRW",33322
2010,"33350","economy","grdp","information and communication","million KRW",18848
2010,"33350","economy","grdp","financial and insurance activities","million KRW",35679
2010,"33350","economy","grdp","real estate activities; rental and leasing activities","million KRW",106395
2010,"33350","economy","grdp","professional, scientific and technical activities; business support facilities","million KRW",79884
2010,"33350","economy","grdp","public administration and defence; compulsory social security","million KRW",116257
2010,"33350","economy","grdp","education","million KRW",21483
2010,"33350","economy","grdp","human health and social work activities","million KRW",47478
2010,"33350","economy","grdp","arts, sports and recreation; membership organizations and personal services","million KRW",69661
2010,"33360","economy","grdp","gross regional domestic product at market prices","million KRW",987528
2010,"33360","economy","grdp","net taxes on products","million KRW",67103
2010,"33360","economy","grdp","total value added at basic prices","million KRW",920425
2010,"33360","economy","grdp","agriculture, forestry and fishing","million KRW",208837
2010,"33360","economy","grdp","mining and quarrying","million KRW",20492
2010,"33360","economy","grdp","manufacturing","million KRW",199039
2010,"33360","economy","grdp","electricity, gas, steam and air conditioning supply; water supply and waste management","million KRW",3121
2010,"33360","economy","grdp","construction","million KRW",135308
2010,"33360","economy","grdp","wholesale and retail trade","million KRW",26543
2010,"33360","economy","grdp","transportation and storage","million KRW",23398
2010,"33360","economy","grdp","accommodation and food service activities","million KRW",15208
2010,"33360","economy","grdp","information and communication","million KRW",12192
2010,"33360","economy","grdp","financial and insurance activities","million KRW",29708
2010,"33360","economy","grdp","real estate activities; rental and leasing activities","million KRW",41655
2010,"33360","economy","grdp","professional, scientific and technical activities; business support facilities","million KRW",9949
2010,"33360","economy","grdp","public administration and defence; compulsory social security","million KRW",125190
2010,"33360","economy","grdp","education","million KRW",21343
2010,"33360","economy","grdp","human health and social work activities","million KRW",33146
2010,"33360","economy","grdp","arts, sports and recreation; membership organizations and personal services","million KRW",15297
2010,"33370","economy","grdp","gross regional domestic product at market prices","million KRW",4170497
2010,"33370","economy","grdp","net taxes on products","million KRW",467218
2010,"33370","economy","grdp","total value added at basic prices","million KRW",3703278
2010,"33370","economy","grdp","agriculture, forestry and fishing","million KRW",157582
2010,"33370","economy","grdp","mining and quarrying","million KRW",7740
2010,"33370","economy","grdp","manufacturing","million KRW",2384752
2010,"33370","economy","grdp","electricity, gas, steam and air conditioning supply; water supply and waste management","million KRW",7817
2010,"33370","economy","grdp","construction","million KRW",227517
2010,"33370","economy","grdp","wholesale and retail trade","million KRW",89311
2010,"33370","economy","grdp","transportation and storage","million KRW",70862
2010,"33370","economy","grdp","accommodation and food service activities","million KRW",41559
2010,"33370","economy","grdp","information and communication","million KRW",31154
2010,"33370","economy","grdp","financial and insurance activities","million KRW",50613
2010,"33370","economy","grdp","real estate activities; rental and leasing activities","million KRW",125263
2010,"33370","economy","grdp","professional, scientific and technical activities; business support facilities","million KRW",130790
2010,"33370","economy","grdp","public administration and defence; compulsory social security","million KRW",159273
2010,"33370","economy","grdp","education","million KRW",73322
2010,"33370","economy","grdp","human health and social work activities","million KRW",67930
2010,"33370","economy","grdp","arts, sports and recreation; membership organizations and personal services","million KRW",77794
2010,"33380","economy","grdp","gross regional domestic product at market prices","million KRW",896452
2010,"33380","economy","grdp","net taxes on products","million KRW",43210
2010,"33380","economy","grdp","total value added at basic prices","million KRW",853241
2010,"33380","economy","grdp","agriculture, forestry and fishing","million KRW",63759
2010,"33380","economy","grdp","mining and quarrying","million KRW",22225
2010,"33380","economy","grdp","manufacturing","million KRW",283697
2010,"33380","economy","grdp","electricity, gas, steam and air conditioning supply; water supply and waste management","million KRW",6691
2010,"33380","economy","grdp","construction","million KRW",83322
2010,"33380","economy","grdp","wholesale and retail trade","million KRW",18168
2010,"33380","economy","grdp","transportation and storage","million KRW",78392
2010,"33380","economy","grdp","accommodation and food service activities","million KRW",22838
2010,"33380","economy","grdp","information and communication","million KRW",10282
2010,"33380","economy","grdp","financial and insurance activities","million KRW",15003
2010,"33380","economy","grdp","real estate activities; rental and leasing activities","million KRW",37977
2010,"33380","economy","grdp","professional, scientific and technical activities; business support facilities","million KRW",24398
2010,"33380","economy","grdp","public administration and defence; compulsory social security","million KRW",110258
2010,"33380","economy","grdp","education","million KRW",7407
2010,"33380","economy","grdp","human health and social work activities","million KRW",24871
2010,"33380","economy","grdp","arts, sports and recreation; membership organizations and personal services","million KRW",43953
2015,"33040","economy","grdp","gross regional domestic product at market prices","million KRW",26988712
2015,"33040","economy","grdp","net taxes on products","million KRW",1790868
2015,"33040","economy","grdp","total value added at basic prices","million KRW",25197844
2015,"33040","economy","grdp","agriculture, forestry and fishing","million KRW",312550
2015,"33040","economy","grdp","mining and quarrying","million KRW",37467
2015,"33040","economy","grdp","manufacturing","million KRW",11051164
2015,"33040","economy","grdp","electricity, gas, steam and air conditioning supply; water supply and waste management","million KRW",159328
2015,"33040","economy","grdp","construction","million KRW",1207480
2015,"33040","economy","grdp","wholesale and retail trade","million KRW",1262667
2015,"33040","economy","grdp","transportation and storage","million KRW",675489
2015,"33040","economy","grdp","accommodation and food service activities","million KRW",536634
2015,"33040","economy","grdp","information and communication","million KRW",391266
2015,"33040","economy","grdp","financial and insurance activities","million KRW",1034044
2015,"33040","economy","grdp","real estate activities; rental and leasing activities","million KRW",1285915
2015,"33040","economy","grdp","professional, scientific and technical activities; business support facilities","million KRW",1674022
2015,"33040","economy","grdp","public administration and defence; compulsory social security","million KRW",1830620
2015,"33040","economy","grdp","education","million KRW",2102674
2015,"33040","economy","grdp","human health and social work activities","million KRW",894724
2015,"33040","economy","grdp","arts, sports and recreation; membership organizations and personal services","million KRW",741801
2015,"33020","economy","grdp","gross regional domestic product at market prices","million KRW",6082685
2015,"33020","economy","grdp","net taxes on products","million KRW",465608
2015,"33020","economy","grdp","total value added at basic prices","million KRW",5617077
2015,"33020","economy","grdp","agriculture, forestry and fishing","million KRW",280140
2015,"33020","economy","grdp","mining and quarrying","million KRW",30532
2015,"33020","economy","grdp","manufacturing","million KRW",1845082
2015,"33020","economy","grdp","electricity, gas, steam and air conditioning supply; water supply and waste management","million KRW",102388
2015,"33020","economy","grdp","construction","million KRW",342054
2015,"33020","economy","grdp","wholesale and retail trade","million KRW",272383
2015,"33020","economy","grdp","transportation and storage","million KRW",132913
2015,"33020","economy","grdp","accommodation and food service activities","million KRW",139422
2015,"33020","economy","grdp","information and communication","million KRW",89839
2015,"33020","economy","grdp","financial and insurance activities","million KRW",234690
2015,"33020","economy","grdp","real estate activities; rental and leasing activities","million KRW",343668
2015,"33020","economy","grdp","professional, scientific and technical activities; business support facilities","million KRW",281630
2015,"33020","economy","grdp","public administration and defence; compulsory social security","million KRW",549857
2015,"33020","economy","grdp","education","million KRW",427342
2015,"33020","economy","grdp","human health and social work activities","million KRW",246514
2015,"33020","economy","grdp","arts, sports and recreation; membership organizations and personal services","million KRW",298622
2015,"33030","economy","grdp","gross regional domestic product at market prices","million KRW",2949072
2015,"33030","economy","grdp","net taxes on products","million KRW",204326
2015,"33030","economy","grdp","total value added at basic prices","million KRW",2744747
2015,"33030","economy","grdp","agriculture, forestry and fishing","million KRW",261745
2015,"33030","economy","grdp","mining and quarrying","million KRW",31381
2015,"33030","economy","grdp","manufacturing","million KRW",618377
2015,"33030","economy","grdp","electricity, gas, steam and air conditioning supply; water supply and waste management","million KRW",10220
2015,"33030","economy","grdp","construction","million KRW",190856
2015,"33030","economy","grdp","wholesale and retail trade","million KRW",161068
2015,"33030","economy","grdp","transportation and storage","million KRW",198673
2015,"33030","economy","grdp","accommodation and food service activities","million KRW",89115
2015,"33030","economy","grdp","information and communication","million KRW",49634
2015,"33030","economy","grdp","financial and insurance activities","million KRW",117094
2015,"33030","economy","grdp","real estate activities; rental and leasing activities","million KRW",200559
2015,"33030","economy","grdp","professional, scientific and technical activities; business support facilities","million KRW",115386
2015,"33030","economy","grdp","public administration and defence; compulsory social security","million KRW",290032
2015,"33030","economy","grdp","education","million KRW",121095
2015,"33030","economy","grdp","human health and social work activities","million KRW",179561
2015,"33030","economy","grdp","arts, sports and recreation; membership organizations and personal services","million KRW",109949
2015,"33320","economy","grdp","gross regional domestic product at market prices","million KRW",1010667
2015,"33320","economy","grdp","net taxes on products","million KRW",50799
2015,"33320","economy","grdp","total value added at basic prices","million KRW",959869
2015,"33320","economy","grdp","agriculture, forestry and fishing","million KRW",141768
2015,"33320","economy","grdp","mining and quarrying","million KRW",12459
2015,"33320","economy","grdp","manufacturing","million KRW",268684
2015,"33320","economy","grdp","electricity, gas, steam and air conditioning supply; water supply and waste management","million KRW",1807
2015,"33320","economy","grdp","construction","million KRW",85985
2015,"33320","economy","grdp","wholesale and retail trade","million KRW",23961
2015,"33320","economy","grdp","transportation and storage","million KRW",37535
2015,"33320","economy","grdp","accommodation and food service activities","million KRW",20184
2015,"33320","economy","grdp","information and communication","million KRW",8937
2015,"33320","economy","grdp","financial and insurance activities","million KRW",17570
2015,"33320","economy","grdp","real estate activities; rental and leasing activities","million KRW",46734
2015,"33320","economy","grdp","professional, scientific and technical activities; business support facilities","million KRW",10952
2015,"33320","economy","grdp","public administration and defence; compulsory social security","million KRW",190048
2015,"33320","economy","grdp","education","million KRW",19639
2015,"33320","economy","grdp","human health and social work activities","million KRW",51162
2015,"33320","economy","grdp","arts, sports and recreation; membership organizations and personal services","million KRW",22445
2015,"33330","economy","grdp","gross regional domestic product at market prices","million KRW",1276876
2015,"33330","economy","grdp","net taxes on products","million KRW",80853
2015,"33330","economy","grdp","total value added at basic prices","million KRW",1196022
2015,"33330","economy","grdp","agriculture, forestry and fishing","million KRW",65077
2015,"33330","economy","grdp","mining and quarrying","million KRW",1077
2015,"33330","economy","grdp","manufacturing","million KRW",408841
2015,"33330","economy","grdp","electricity, gas, steam and air conditioning supply; water supply and waste management","million KRW",3983
2015,"33330","economy","grdp","construction","million KRW",58678
2015,"33330","economy","grdp","wholesale and retail trade","million KRW",52824
2015,"33330","economy","grdp","transportation and storage","million KRW",49308
2015,"33330","economy","grdp","accommodation and food service activities","million KRW",22730
2015,"33330","economy","grdp","information and communication","million KRW",20420
2015,"33330","economy","grdp","financial and insurance activities","million KRW",33670
2015,"33330","economy","grdp","real estate activities; rental and leasing activities","million KRW",70787
2015,"33330","economy","grdp","professional, scientific and technical activities; business support facilities","million KRW",41618
2015,"33330","economy","grdp","public administration and defence; compulsory social security","million KRW",241351
2015,"33330","economy","grdp","education","million KRW",29045
2015,"33330","economy","grdp","human health and social work activities","million KRW",68331
2015,"33330","economy","grdp","arts, sports and recreation; membership organizations and personal services","million KRW",28283
2015,"33340","economy","grdp","gross regional domestic product at market prices","million KRW",1023376
2015,"33340","economy","grdp","net taxes on products","million KRW",53319
2015,"33340","economy","grdp","total value added at basic prices","million KRW",970057
2015,"33340","economy","grdp","agriculture, forestry and fishing","million KRW",134256
2015,"33340","economy","grdp","mining and quarrying","million KRW",2453
2015,"33340","economy","grdp","manufacturing","million KRW",163255
2015,"33340","economy","grdp","electricity, gas, steam and air conditioning supply; water supply and waste management","million KRW",2772
2015,"33340","economy","grdp","construction","million KRW",80554
2015,"33340","economy","grdp","wholesale and retail trade","million KRW",34029
2015,"33340","economy","grdp","transportation and storage","million KRW",27809
2015,"33340","economy","grdp","accommodation and food service activities","million KRW",18944
2015,"33340","economy","grdp","information and communication","million KRW",19031
2015,"33340","economy","grdp","financial and insurance activities","million KRW",27038
2015,"33340","economy","grdp","real estate activities; rental and leasing activities","million KRW",68371
2015,"33340","economy","grdp","professional, scientific and technical activities; business support facilities","million KRW",29485
2015,"33340","economy","grdp","public administration and defence; compulsory social security","million KRW",239143
2015,"33340","economy","grdp","education","million KRW",35875
2015,"33340","economy","grdp","human health and social work activities","million KRW",56578
2015,"33340","economy","grdp","arts, sports and recreation; membership organizations and personal services","million KRW",30464
2015,"33390","economy","grdp","gross regional domestic product at market prices","million KRW",982825
2015,"33390","economy","grdp","net taxes on products","million KRW",99219
2015,"33390","economy","grdp","total value added at basic prices","million KRW",883607
2015,"33390","economy","grdp","agriculture, forestry and fishing","million KRW",21056
2015,"33390","economy","grdp","mining and quarrying","million KRW",NA
2015,"33390","economy","grdp","manufacturing","million KRW",386261
2015,"33390","economy","grdp","electricity, gas, steam and air conditioning supply; water supply and waste management","million KRW",4891
2015,"33390","economy","grdp","construction","million KRW",50022
2015,"33390","economy","grdp","wholesale and retail trade","million KRW",39064
2015,"33390","economy","grdp","transportation and storage","million KRW",27489
2015,"33390","economy","grdp","accommodation and food service activities","million KRW",19455
2015,"33390","economy","grdp","information and communication","million KRW",13814
2015,"33390","economy","grdp","financial and insurance activities","million KRW",17422
2015,"33390","economy","grdp","real estate activities; rental and leasing activities","million KRW",53078
2015,"33390","economy","grdp","professional, scientific and technical activities; business support facilities","million KRW",14695
2015,"33390","economy","grdp","public administration and defence; compulsory social security","million KRW",170978
2015,"33390","economy","grdp","education","million KRW",19096
2015,"33390","economy","grdp","human health and social work activities","million KRW",27381
2015,"33390","economy","grdp","arts, sports and recreation; membership organizations and personal services","million KRW",18904
2015,"33350","economy","grdp","gross regional domestic product at market prices","million KRW",5881596
2015,"33350","economy","grdp","net taxes on products","million KRW",601440
2015,"33350","economy","grdp","total value added at basic prices","million KRW",5280156
2015,"33350","economy","grdp","agriculture, forestry and fishing","million KRW",279258
2015,"33350","economy","grdp","mining and quarrying","million KRW",13668
2015,"33350","economy","grdp","manufacturing","million KRW",3734333
2015,"33350","economy","grdp","electricity, gas, steam and air conditioning supply; water supply and waste management","million KRW",21916
2015,"33350","economy","grdp","construction","million KRW",321206
2015,"33350","economy","grdp","wholesale and retail trade","million KRW",90884
2015,"33350","economy","grdp","transportation and storage","million KRW",66939
2015,"33350","economy","grdp","accommodation and food service activities","million KRW",48530
2015,"33350","economy","grdp","information and communication","million KRW",24806
2015,"33350","economy","grdp","financial and insurance activities","million KRW",39002
2015,"33350","economy","grdp","real estate activities; rental and leasing activities","million KRW",117618
2015,"33350","economy","grdp","professional, scientific and technical activities; business support facilities","million KRW",140101
2015,"33350","economy","grdp","public administration and defence; compulsory social security","million KRW",169492
2015,"33350","economy","grdp","education","million KRW",56349
2015,"33350","economy","grdp","human health and social work activities","million KRW",59454
2015,"33350","economy","grdp","arts, sports and recreation; membership organizations and personal services","million KRW",96600
2015,"33360","economy","grdp","gross regional domestic product at market prices","million KRW",1138380
2015,"33360","economy","grdp","net taxes on products","million KRW",72139
2015,"33360","economy","grdp","total value added at basic prices","million KRW",1066241
2015,"33360","economy","grdp","agriculture, forestry and fishing","million KRW",185968
2015,"33360","economy","grdp","mining and quarrying","million KRW",7069
2015,"33360","economy","grdp","manufacturing","million KRW",272990
2015,"33360","economy","grdp","electricity, gas, steam and air conditioning supply; water supply and waste management","million KRW",4291
2015,"33360","economy","grdp","construction","million KRW",67847
2015,"33360","economy","grdp","wholesale and retail trade","million KRW",30101
2015,"33360","economy","grdp","transportation and storage","million KRW",23900
2015,"33360","economy","grdp","accommodation and food service activities","million KRW",21797
2015,"33360","economy","grdp","information and communication","million KRW",10127
2015,"33360","economy","grdp","financial and insurance activities","million KRW",22508
2015,"33360","economy","grdp","real estate activities; rental and leasing activities","million KRW",53868
2015,"33360","economy","grdp","professional, scientific and technical activities; business support facilities","million KRW",21620
2015,"33360","economy","grdp","public administration and defence; compulsory social security","million KRW",236197
2015,"33360","economy","grdp","education","million KRW",43862
2015,"33360","economy","grdp","human health and social work activities","million KRW",41343
2015,"33360","economy","grdp","arts, sports and recreation; membership organizations and personal services","million KRW",22753
2015,"33370","economy","grdp","gross regional domestic product at market prices","million KRW",6721431
2015,"33370","economy","grdp","net taxes on products","million KRW",755991
2015,"33370","economy","grdp","total value added at basic prices","million KRW",5965440
2015,"33370","economy","grdp","agriculture, forestry and fishing","million KRW",291661
2015,"33370","economy","grdp","mining and quarrying","million KRW",NA
2015,"33370","economy","grdp","manufacturing","million KRW",3887018
2015,"33370","economy","grdp","electricity, gas, steam and air conditioning supply; water supply and waste management","million KRW",14115
2015,"33370","economy","grdp","construction","million KRW",287445
2015,"33370","economy","grdp","wholesale and retail trade","million KRW",120548
2015,"33370","economy","grdp","transportation and storage","million KRW",96439
2015,"33370","economy","grdp","accommodation and food service activities","million KRW",63102
2015,"33370","economy","grdp","information and communication","million KRW",43418
2015,"33370","economy","grdp","financial and insurance activities","million KRW",65863
2015,"33370","economy","grdp","real estate activities; rental and leasing activities","million KRW",166442
2015,"33370","economy","grdp","professional, scientific and technical activities; business support facilities","million KRW",384050
2015,"33370","economy","grdp","public administration and defence; compulsory social security","million KRW",229372
2015,"33370","economy","grdp","education","million KRW",72411
2015,"33370","economy","grdp","human health and social work activities","million KRW",122494
2015,"33370","economy","grdp","arts, sports and recreation; membership organizations and personal services","million KRW",121061
2015,"33380","economy","grdp","gross regional domestic product at market prices","million KRW",1136012
2015,"33380","economy","grdp","net taxes on products","million KRW",54053
2015,"33380","economy","grdp","total value added at basic prices","million KRW",1081959
2015,"33380","economy","grdp","agriculture, forestry and fishing","million KRW",31780
2015,"33380","economy","grdp","mining and quarrying","million KRW",24502
2015,"33380","economy","grdp","manufacturing","million KRW",473792
2015,"33380","economy","grdp","electricity, gas, steam and air conditioning supply; water supply and waste management","million KRW",9443
2015,"33380","economy","grdp","construction","million KRW",99382
2015,"33380","economy","grdp","wholesale and retail trade","million KRW",23640
2015,"33380","economy","grdp","transportation and storage","million KRW",84481
2015,"33380","economy","grdp","accommodation and food service activities","million KRW",30006
2015,"33380","economy","grdp","information and communication","million KRW",7982
2015,"33380","economy","grdp","financial and insurance activities","million KRW",19397
2015,"33380","economy","grdp","real estate activities; rental and leasing activities","million KRW",43206
2015,"33380","economy","grdp","professional, scientific and technical activities; business support facilities","million KRW",26423
2015,"33380","economy","grdp","public administration and defence; compulsory social security","million KRW",117916
2015,"33380","economy","grdp","education","million KRW",9790
2015,"33380","economy","grdp","human health and social work activities","million KRW",35007
2015,"33380","economy","grdp","arts, sports and recreation; membership organizations and personal services","million KRW",45212
2020,"33040","economy","grdp","gross regional domestic product at market prices","million KRW",34817445
2020,"33040","economy","grdp","net taxes on products","million KRW",2299796
2020,"33040","economy","grdp","total value added at basic prices","million KRW",32517649
2020,"33040","economy","grdp","agriculture, forestry and fishing","million KRW",387196
2020,"33040","economy","grdp","mining and quarrying","million KRW",34493
2020,"33040","economy","grdp","manufacturing","million KRW",15346235
2020,"33040","economy","grdp","electricity, gas, steam and air conditioning supply; water supply and waste management","million KRW",270232
2020,"33040","economy","grdp","construction","million KRW",1652271
2020,"33040","economy","grdp","wholesale and retail trade","million KRW",1286288
2020,"33040","economy","grdp","transportation and storage","million KRW",672145
2020,"33040","economy","grdp","accommodation and food service activities","million KRW",597987
2020,"33040","economy","grdp","information and communication","million KRW",423518
2020,"33040","economy","grdp","financial and insurance activities","million KRW",1241986
2020,"33040","economy","grdp","real estate activities; rental and leasing activities","million KRW",1495655
2020,"33040","economy","grdp","professional, scientific and technical activities; business support facilities","million KRW",2104101
2020,"33040","economy","grdp","public administration and defence; compulsory social security","million KRW",2577390
2020,"33040","economy","grdp","education","million KRW",2410375
2020,"33040","economy","grdp","human health and social work activities","million KRW",1205872
2020,"33040","economy","grdp","arts, sports and recreation; membership organizations and personal services","million KRW",811906
2020,"33020","economy","grdp","gross regional domestic product at market prices","million KRW",7779481
2020,"33020","economy","grdp","net taxes on products","million KRW",609637
2020,"33020","economy","grdp","total value added at basic prices","million KRW",7169844
2020,"33020","economy","grdp","agriculture, forestry and fishing","million KRW",303095
2020,"33020","economy","grdp","mining and quarrying","million KRW",43598
2020,"33020","economy","grdp","manufacturing","million KRW",2609504
2020,"33020","economy","grdp","electricity, gas, steam and air conditioning supply; water supply and waste management","million KRW",205394
2020,"33020","economy","grdp","construction","million KRW",564458
2020,"33020","economy","grdp","wholesale and retail trade","million KRW",254828
2020,"33020","economy","grdp","transportation and storage","million KRW",128464
2020,"33020","economy","grdp","accommodation and food service activities","million KRW",149153
2020,"33020","economy","grdp","information and communication","million KRW",97151
2020,"33020","economy","grdp","financial and insurance activities","million KRW",269789
2020,"33020","economy","grdp","real estate activities; rental and leasing activities","million KRW",376044
2020,"33020","economy","grdp","professional, scientific and technical activities; business support facilities","million KRW",252588
2020,"33020","economy","grdp","public administration and defence; compulsory social security","million KRW",803229
2020,"33020","economy","grdp","education","million KRW",423439
2020,"33020","economy","grdp","human health and social work activities","million KRW",326984
2020,"33020","economy","grdp","arts, sports and recreation; membership organizations and personal services","million KRW",362125
2020,"33030","economy","grdp","gross regional domestic product at market prices","million KRW",3185810
2020,"33030","economy","grdp","net taxes on products","million KRW",247488
2020,"33030","economy","grdp","total value added at basic prices","million KRW",2938322
2020,"33030","economy","grdp","agriculture, forestry and fishing","million KRW",83045
2020,"33030","economy","grdp","mining and quarrying","million KRW",30937
2020,"33030","economy","grdp","manufacturing","million KRW",781608
2020,"33030","economy","grdp","electricity, gas, steam and air conditioning supply; water supply and waste management","million KRW",14781
2020,"33030","economy","grdp","construction","million KRW",222966
2020,"33030","economy","grdp","wholesale and retail trade","million KRW",133532
2020,"33030","economy","grdp","transportation and storage","million KRW",175480
2020,"33030","economy","grdp","accommodation and food service activities","million KRW",73069
2020,"33030","economy","grdp","information and communication","million KRW",42753
2020,"33030","economy","grdp","financial and insurance activities","million KRW",138535
2020,"33030","economy","grdp","real estate activities; rental and leasing activities","million KRW",213877
2020,"33030","economy","grdp","professional, scientific and technical activities; business support facilities","million KRW",109666
2020,"33030","economy","grdp","public administration and defence; compulsory social security","million KRW",406188
2020,"33030","economy","grdp","education","million KRW",128459
2020,"33030","economy","grdp","human health and social work activities","million KRW",256835
2020,"33030","economy","grdp","arts, sports and recreation; membership organizations and personal services","million KRW",126590
2020,"33320","economy","grdp","gross regional domestic product at market prices","million KRW",1167227
2020,"33320","economy","grdp","net taxes on products","million KRW",68571
2020,"33320","economy","grdp","total value added at basic prices","million KRW",1098656
2020,"33320","economy","grdp","agriculture, forestry and fishing","million KRW",161276
2020,"33320","economy","grdp","mining and quarrying","million KRW",5522
2020,"33320","economy","grdp","manufacturing","million KRW",247286
2020,"33320","economy","grdp","electricity, gas, steam and air conditioning supply; water supply and waste management","million KRW",3750
2020,"33320","economy","grdp","construction","million KRW",103274
2020,"33320","economy","grdp","wholesale and retail trade","million KRW",21523
2020,"33320","economy","grdp","transportation and storage","million KRW",40070
2020,"33320","economy","grdp","accommodation and food service activities","million KRW",10447
2020,"33320","economy","grdp","information and communication","million KRW",8806
2020,"33320","economy","grdp","financial and insurance activities","million KRW",23890
2020,"33320","economy","grdp","real estate activities; rental and leasing activities","million KRW",49317
2020,"33320","economy","grdp","professional, scientific and technical activities; business support facilities","million KRW",13328
2020,"33320","economy","grdp","public administration and defence; compulsory social security","million KRW",270800
2020,"33320","economy","grdp","education","million KRW",27703
2020,"33320","economy","grdp","human health and social work activities","million KRW",71419
2020,"33320","economy","grdp","arts, sports and recreation; membership organizations and personal services","million KRW",40246
2020,"33330","economy","grdp","gross regional domestic product at market prices","million KRW",1432414
2020,"33330","economy","grdp","net taxes on products","million KRW",107201
2020,"33330","economy","grdp","total value added at basic prices","million KRW",1325213
2020,"33330","economy","grdp","agriculture, forestry and fishing","million KRW",103510
2020,"33330","economy","grdp","mining and quarrying","million KRW",1096
2020,"33330","economy","grdp","manufacturing","million KRW",389596
2020,"33330","economy","grdp","electricity, gas, steam and air conditioning supply; water supply and waste management","million KRW",7469
2020,"33330","economy","grdp","construction","million KRW",97361
2020,"33330","economy","grdp","wholesale and retail trade","million KRW",45048
2020,"33330","economy","grdp","transportation and storage","million KRW",57310
2020,"33330","economy","grdp","accommodation and food service activities","million KRW",25058
2020,"33330","economy","grdp","information and communication","million KRW",13501
2020,"33330","economy","grdp","financial and insurance activities","million KRW",52477
2020,"33330","economy","grdp","real estate activities; rental and leasing activities","million KRW",81211
2020,"33330","economy","grdp","professional, scientific and technical activities; business support facilities","million KRW",36816
2020,"33330","economy","grdp","public administration and defence; compulsory social security","million KRW",240090
2020,"33330","economy","grdp","education","million KRW",44482
2020,"33330","economy","grdp","human health and social work activities","million KRW",100341
2020,"33330","economy","grdp","arts, sports and recreation; membership organizations and personal services","million KRW",29849
2020,"33340","economy","grdp","gross regional domestic product at market prices","million KRW",1129317
2020,"33340","economy","grdp","net taxes on products","million KRW",67525
2020,"33340","economy","grdp","total value added at basic prices","million KRW",1061792
2020,"33340","economy","grdp","agriculture, forestry and fishing","million KRW",138749
2020,"33340","economy","grdp","mining and quarrying","million KRW",5233
2020,"33340","economy","grdp","manufacturing","million KRW",162273
2020,"33340","economy","grdp","electricity, gas, steam and air conditioning supply; water supply and waste management","million KRW",4290
2020,"33340","economy","grdp","construction","million KRW",112304
2020,"33340","economy","grdp","wholesale and retail trade","million KRW",35055
2020,"33340","economy","grdp","transportation and storage","million KRW",20568
2020,"33340","economy","grdp","accommodation and food service activities","million KRW",17292
2020,"33340","economy","grdp","information and communication","million KRW",14154
2020,"33340","economy","grdp","financial and insurance activities","million KRW",28689
2020,"33340","economy","grdp","real estate activities; rental and leasing activities","million KRW",68688
2020,"33340","economy","grdp","professional, scientific and technical activities; business support facilities","million KRW",25467
2020,"33340","economy","grdp","public administration and defence; compulsory social security","million KRW",239770
2020,"33340","economy","grdp","education","million KRW",46168
2020,"33340","economy","grdp","human health and social work activities","million KRW",98319
2020,"33340","economy","grdp","arts, sports and recreation; membership organizations and personal services","million KRW",44773
2020,"33390","economy","grdp","gross regional domestic product at market prices","million KRW",1187456
2020,"33390","economy","grdp","net taxes on products","million KRW",90209
2020,"33390","economy","grdp","total value added at basic prices","million KRW",1097247
2020,"33390","economy","grdp","agriculture, forestry and fishing","million KRW",21248
2020,"33390","economy","grdp","mining and quarrying","million KRW",NA
2020,"33390","economy","grdp","manufacturing","million KRW",424915
2020,"33390","economy","grdp","electricity, gas, steam and air conditioning supply; water supply and waste management","million KRW",7514
2020,"33390","economy","grdp","construction","million KRW",80566
2020,"33390","economy","grdp","wholesale and retail trade","million KRW",47577
2020,"33390","economy","grdp","transportation and storage","million KRW",25956
2020,"33390","economy","grdp","accommodation and food service activities","million KRW",27965
2020,"33390","economy","grdp","information and communication","million KRW",8858
2020,"33390","economy","grdp","financial and insurance activities","million KRW",21089
2020,"33390","economy","grdp","real estate activities; rental and leasing activities","million KRW",62849
2020,"33390","economy","grdp","professional, scientific and technical activities; business support facilities","million KRW",18019
2020,"33390","economy","grdp","public administration and defence; compulsory social security","million KRW",248539
2020,"33390","economy","grdp","education","million KRW",30009
2020,"33390","economy","grdp","human health and social work activities","million KRW",42849
2020,"33390","economy","grdp","arts, sports and recreation; membership organizations and personal services","million KRW",29294
2020,"33350","economy","grdp","gross regional domestic product at market prices","million KRW",7936249
2020,"33350","economy","grdp","net taxes on products","million KRW",828284
2020,"33350","economy","grdp","total value added at basic prices","million KRW",7107964
2020,"33350","economy","grdp","agriculture, forestry and fishing","million KRW",193484
2020,"33350","economy","grdp","mining and quarrying","million KRW",19333
2020,"33350","economy","grdp","manufacturing","million KRW",4953848
2020,"33350","economy","grdp","electricity, gas, steam and air conditioning supply; water supply and waste management","million KRW",40259
2020,"33350","economy","grdp","construction","million KRW",348922
2020,"33350","economy","grdp","wholesale and retail trade","million KRW",89090
2020,"33350","economy","grdp","transportation and storage","million KRW",105913
2020,"33350","economy","grdp","accommodation and food service activities","million KRW",77594
2020,"33350","economy","grdp","information and communication","million KRW",36873
2020,"33350","economy","grdp","financial and insurance activities","million KRW",53159
2020,"33350","economy","grdp","real estate activities; rental and leasing activities","million KRW",157099
2020,"33350","economy","grdp","professional, scientific and technical activities; business support facilities","million KRW",292557
2020,"33350","economy","grdp","public administration and defence; compulsory social security","million KRW",252391
2020,"33350","economy","grdp","education","million KRW",228621
2020,"33350","economy","grdp","human health and social work activities","million KRW",122411
2020,"33350","economy","grdp","arts, sports and recreation; membership organizations and personal services","million KRW",136411
2020,"33360","economy","grdp","gross regional domestic product at market prices","million KRW",1498780
2020,"33360","economy","grdp","net taxes on products","million KRW",104672
2020,"33360","economy","grdp","total value added at basic prices","million KRW",1394108
2020,"33360","economy","grdp","agriculture, forestry and fishing","million KRW",213105
2020,"33360","economy","grdp","mining and quarrying","million KRW",2946
2020,"33360","economy","grdp","manufacturing","million KRW",277189
2020,"33360","economy","grdp","electricity, gas, steam and air conditioning supply; water supply and waste management","million KRW",2200
2020,"33360","economy","grdp","construction","million KRW",133527
2020,"33360","economy","grdp","wholesale and retail trade","million KRW",37670
2020,"33360","economy","grdp","transportation and storage","million KRW",21863
2020,"33360","economy","grdp","accommodation and food service activities","million KRW",16390
2020,"33360","economy","grdp","information and communication","million KRW",12378
2020,"33360","economy","grdp","financial and insurance activities","million KRW",35264
2020,"33360","economy","grdp","real estate activities; rental and leasing activities","million KRW",63501
2020,"33360","economy","grdp","professional, scientific and technical activities; business support facilities","million KRW",130824
2020,"33360","economy","grdp","public administration and defence; compulsory social security","million KRW",247923
2020,"33360","economy","grdp","education","million KRW",57209
2020,"33360","economy","grdp","human health and social work activities","million KRW",71928
2020,"33360","economy","grdp","arts, sports and recreation; membership organizations and personal services","million KRW",70190
2020,"33370","economy","grdp","gross regional domestic product at market prices","million KRW",8284106
2020,"33370","economy","grdp","net taxes on products","million KRW",952647
2020,"33370","economy","grdp","total value added at basic prices","million KRW",7331460
2020,"33370","economy","grdp","agriculture, forestry and fishing","million KRW",186435
2020,"33370","economy","grdp","mining and quarrying","million KRW",NA
2020,"33370","economy","grdp","manufacturing","million KRW",4741127
2020,"33370","economy","grdp","electricity, gas, steam and air conditioning supply; water supply and waste management","million KRW",22788
2020,"33370","economy","grdp","construction","million KRW",385423
2020,"33370","economy","grdp","wholesale and retail trade","million KRW",209156
2020,"33370","economy","grdp","transportation and storage","million KRW",103358
2020,"33370","economy","grdp","accommodation and food service activities","million KRW",80151
2020,"33370","economy","grdp","information and communication","million KRW",51512
2020,"33370","economy","grdp","financial and insurance activities","million KRW",98861
2020,"33370","economy","grdp","real estate activities; rental and leasing activities","million KRW",185130
2020,"33370","economy","grdp","professional, scientific and technical activities; business support facilities","million KRW",562047
2020,"33370","economy","grdp","public administration and defence; compulsory social security","million KRW",332629
2020,"33370","economy","grdp","education","million KRW",80686
2020,"33370","economy","grdp","human health and social work activities","million KRW",137070
2020,"33370","economy","grdp","arts, sports and recreation; membership organizations and personal services","million KRW",155086
2020,"33380","economy","grdp","gross regional domestic product at market prices","million KRW",1165485
2020,"33380","economy","grdp","net taxes on products","million KRW",65222
2020,"33380","economy","grdp","total value added at basic prices","million KRW",1100263
2020,"33380","economy","grdp","agriculture, forestry and fishing","million KRW",76709
2020,"33380","economy","grdp","mining and quarrying","million KRW",38444
2020,"33380","economy","grdp","manufacturing","million KRW",346943
2020,"33380","economy","grdp","electricity, gas, steam and air conditioning supply; water supply and waste management","million KRW",13413
2020,"33380","economy","grdp","construction","million KRW",80580
2020,"33380","economy","grdp","wholesale and retail trade","million KRW",16921
2020,"33380","economy","grdp","transportation and storage","million KRW",77450
2020,"33380","economy","grdp","accommodation and food service activities","million KRW",25721
2020,"33380","economy","grdp","information and communication","million KRW",7497
2020,"33380","economy","grdp","financial and insurance activities","million KRW",26265
2020,"33380","economy","grdp","real estate activities; rental and leasing activities","million KRW",44156
2020,"33380","economy","grdp","professional, scientific and technical activities; business support facilities","million KRW",28222
2020,"33380","economy","grdp","public administration and defence; compulsory social security","million KRW",214240
2020,"33380","economy","grdp","education","million KRW",14686
2020,"33380","economy","grdp","human health and social work activities","million KRW",41275
2020,"33380","economy","grdp","arts, sports and recreation; membership organizations and personal services","million KRW",47739
