"year","sggcd","type","class1","class2","unit","value"
2010,"BVXX131","migration","marital","total","count",379
2010,"BVXX132","migration","marital","total","count",99
2010,"BVXX133","migration","marital","total","count",162
2010,"BVXX134","migration","marital","total","count",177
2010,"BVXX135","migration","marital","total","count",155
2010,"BVXX136","migration","marital","total","count",99
2010,"BVXX137","migration","marital","total","count",94
2010,"BVXX138","migration","marital","total","count",124
2010,"BVXX139","migration","marital","total","count",698
2010,"BVXX140","migration","marital","total","count",89
2010,"BVXX141","migration","marital","total","count",183
2010,"BVXX142","migration","marital","total","count",156
2010,"BVXX143","migration","marital","total","count",589
2010,"BVXX144","migration","marital","total","count",109
2010,"BVXX145","migration","marital","total","count",136
2010,"BVXX146","migration","marital","total","count",256
2010,"BVXX147","migration","marital","total","count",69
2010,"BVXX148","migration","marital","total","count",166
2010,"BVXX097","migration","marital","total","count",747
2010,"BVXX098","migration","marital","total","count",668
2010,"BVXX099","migration","marital","total","count",1298
2010,"BVXX129","migration","marital","total","count",657
2010,"BVXX084","migration","marital","total","count",382
2010,"BVXX085","migration","marital","total","count",1070
2010,"BVXX086","migration","marital","total","count",634
2010,"BVXX087","migration","marital","total","count",575
2010,"BVXX088","migration","marital","total","count",79
2010,"BVXX089","migration","marital","total","count",904
2010,"BVXX090","migration","marital","total","count",883
2010,"BVXX091","migration","marital","total","count",478
2010,"BVXX092","migration","marital","total","count",817
2010,"BVXX093","migration","marital","total","count",771
2010,"BVXX094","migration","marital","total","count",1420
2010,"BVXX095","migration","marital","total","count",459
2010,"BVXX100","migration","marital","total","count",572
2010,"BVXX101","migration","marital","total","count",1166
2010,"BVXX102","migration","marital","total","count",896
2010,"BVXX103","migration","marital","total","count",1030
2010,"BVXX104","migration","marital","total","count",427
2010,"BVXX105","migration","marital","total","count",750
2010,"BVXX106","migration","marital","total","count",1241
2010,"BVXX107","migration","marital","total","count",2035
2010,"BVXX108","migration","marital","total","count",3042
2010,"BVXX109","migration","marital","total","count",1345
2010,"BVXX110","migration","marital","total","count",670
2010,"BVXX111","migration","marital","total","count",510
2010,"BVXX112","migration","marital","total","count",741
2010,"BVXX113","migration","marital","total","count",708
2010,"BVXX114","migration","marital","total","count",301
2010,"BVXX115","migration","marital","total","count",326
2010,"BVXX116","migration","marital","total","count",178
2010,"BVXX117","migration","marital","total","count",772
2010,"BVXX118","migration","marital","total","count",674
2010,"BVXX119","migration","marital","total","count",372
2010,"BVXX120","migration","marital","total","count",729
2010,"BVXX121","migration","marital","total","count",299
2010,"BVXX122","migration","marital","total","count",1167
2010,"BVXX123","migration","marital","total","count",643
2010,"BVXX124","migration","marital","total","count",1106
2010,"BVXX125","migration","marital","total","count",1587
2010,"BVXX126","migration","marital","total","count",831
2010,"BVXX127","migration","marital","total","count",400
2010,"BVXX128","migration","marital","total","count",1181
2010,"BVXX258","migration","marital","total","count",19
2010,"BVXX247","migration","marital","total","count",732
2010,"BVXX248","migration","marital","total","count",216
2010,"BVXX249","migration","marital","total","count",236
2010,"BVXX250","migration","marital","total","count",1185
2010,"BVXX251","migration","marital","total","count",185
2010,"BVXX252","migration","marital","total","count",334
2010,"BVXX253","migration","marital","total","count",322
2010,"BVXX254","migration","marital","total","count",148
2010,"BVXX255","migration","marital","total","count",671
2010,"BVXX256","migration","marital","total","count",127
2010,"BVXX257","migration","marital","total","count",777
2010,"BVXX258","migration","marital","total","count",226
2010,"BVXX259","migration","marital","total","count",416
2010,"BVXX260","migration","marital","total","count",528
2010,"BVXX261","migration","marital","total","count",428
2010,"BVXX262","migration","marital","total","count",581
2010,"BVXX263","migration","marital","total","count",353
2010,"BVXX264","migration","marital","total","count",529
2010,"BVXX265","migration","marital","total","count",196
2010,"BVXX266","migration","marital","total","count",307
2010,"BVXX267","migration","marital","total","count",179
2010,"BVXX268","migration","marital","total","count",183
2010,"BVXX222","migration","marital","total","count",548
2010,"BVXX223","migration","marital","total","count",747
2010,"BVXX224","migration","marital","total","count",141
2010,"BVXX225","migration","marital","total","count",730
2010,"BVXX226","migration","marital","total","count",87
2010,"BVXX227","migration","marital","total","count",392
2010,"BVXX228","migration","marital","total","count",210
2010,"BVXX229","migration","marital","total","count",147
2010,"BVXX230","migration","marital","total","count",406
2010,"BVXX231","migration","marital","total","count",174
2010,"BVXX232","migration","marital","total","count",446
2010,"BVXX233","migration","marital","total","count",128
2010,"BVXX234","migration","marital","total","count",94
2010,"BVXX235","migration","marital","total","count",304
2010,"BVXX236","migration","marital","total","count",301
2010,"BVXX237","migration","marital","total","count",243
2010,"BVXX238","migration","marital","total","count",10
2010,"BVXX239","migration","marital","total","count",124
2010,"BVXX240","migration","marital","total","count",198
2010,"BVXX241","migration","marital","total","count",165
2010,"BVXX242","migration","marital","total","count",99
2010,"BVXX243","migration","marital","total","count",285
2010,"BVXX244","migration","marital","total","count",526
2010,"BVXX245","migration","marital","total","count",487
2010,"BVXX065","migration","marital","total","count",907
2010,"BVXX066","migration","marital","total","count",361
2010,"BVXX067","migration","marital","total","count",166
2010,"BVXX068","migration","marital","total","count",924
2010,"BVXX069","migration","marital","total","count",502
2010,"BVXX045","migration","marital","total","count",299
2010,"BVXX046","migration","marital","total","count",1094
2010,"BVXX047","migration","marital","total","count",426
2010,"BVXX048","migration","marital","total","count",651
2010,"BVXX049","migration","marital","total","count",671
2010,"BVXX050","migration","marital","total","count",477
2010,"BVXX051","migration","marital","total","count",410
2010,"BVXX052","migration","marital","total","count",149
2010,"BVXX071","migration","marital","total","count",572
2010,"BVXX072","migration","marital","total","count",736
2010,"BVXX073","migration","marital","total","count",817
2010,"BVXX074","migration","marital","total","count",492
2010,"BVXX075","migration","marital","total","count",653
2010,"BVXX028","migration","marital","total","count",156
2010,"BVXX029","migration","marital","total","count",373
2010,"BVXX030","migration","marital","total","count",207
2010,"BVXX031","migration","marital","total","count",501
2010,"BVXX032","migration","marital","total","count",256
2010,"BVXX033","migration","marital","total","count",329
2010,"BVXX034","migration","marital","total","count",690
2010,"BVXX035","migration","marital","total","count",548
2010,"BVXX036","migration","marital","total","count",581
2010,"BVXX037","migration","marital","total","count",724
2010,"BVXX038","migration","marital","total","count",253
2010,"BVXX039","migration","marital","total","count",309
2010,"BVXX040","migration","marital","total","count",304
2010,"BVXX041","migration","marital","total","count",347
2010,"BVXX042","migration","marital","total","count",130
2010,"BVXX043","migration","marital","total","count",667
2010,"BVXX002","migration","marital","total","count",744
2010,"BVXX003","migration","marital","total","count",1268
2010,"BVXX004","migration","marital","total","count",1081
2010,"BVXX005","migration","marital","total","count",1484
2010,"BVXX006","migration","marital","total","count",1985
2010,"BVXX007","migration","marital","total","count",1355
2010,"BVXX008","migration","marital","total","count",2546
2010,"BVXX009","migration","marital","total","count",1766
2010,"BVXX010","migration","marital","total","count",1148
2010,"BVXX011","migration","marital","total","count",816
2010,"BVXX012","migration","marital","total","count",1331
2010,"BVXX013","migration","marital","total","count",1106
2010,"BVXX014","migration","marital","total","count",965
2010,"BVXX015","migration","marital","total","count",804
2010,"BVXX016","migration","marital","total","count",540
2010,"BVXX017","migration","marital","total","count",1032
2010,"BVXX018","migration","marital","total","count",1234
2010,"BVXX019","migration","marital","total","count",1353
2010,"BVXX020","migration","marital","total","count",1139
2010,"BVXX021","migration","marital","total","count",3069
2010,"BVXX022","migration","marital","total","count",1162
2010,"BVXX023","migration","marital","total","count",1264
2010,"BVXX024","migration","marital","total","count",709
2010,"BVXX025","migration","marital","total","count",674
2010,"BVXX026","migration","marital","total","count",1338
2010,"BVXX077","migration","marital","total","count",649
2010,"BVXX078","migration","marital","total","count",394
2010,"BVXX079","migration","marital","total","count",367
2010,"BVXX080","migration","marital","total","count",622
2010,"BVXX081","migration","marital","total","count",579
2010,"BVXX054","migration","marital","total","count",185
2010,"BVXX055","migration","marital","total","count",886
2010,"BVXX056","migration","marital","total","count",1300
2010,"BVXX057","migration","marital","total","count",1410
2010,"BVXX058","migration","marital","total","count",241
2010,"BVXX059","migration","marital","total","count",1691
2010,"BVXX060","migration","marital","total","count",1164
2010,"BVXX061","migration","marital","total","count",592
2010,"BVXX062","migration","marital","total","count",24
2010,"BVXX063","migration","marital","total","count",454
2010,"BVXX199","migration","marital","total","count",162
2010,"BVXX200","migration","marital","total","count",285
2010,"BVXX201","migration","marital","total","count",152
2010,"BVXX202","migration","marital","total","count",433
2010,"BVXX203","migration","marital","total","count",134
2010,"BVXX204","migration","marital","total","count",398
2010,"BVXX205","migration","marital","total","count",211
2010,"BVXX206","migration","marital","total","count",648
2010,"BVXX207","migration","marital","total","count",286
2010,"BVXX208","migration","marital","total","count",209
2010,"BVXX209","migration","marital","total","count",682
2010,"BVXX210","migration","marital","total","count",199
2010,"BVXX211","migration","marital","total","count",721
2010,"BVXX212","migration","marital","total","count",223
2010,"BVXX213","migration","marital","total","count",296
2010,"BVXX214","migration","marital","total","count",183
2010,"BVXX215","migration","marital","total","count",252
2010,"BVXX216","migration","marital","total","count",180
2010,"BVXX217","migration","marital","total","count",160
2010,"BVXX218","migration","marital","total","count",160
2010,"BVXX219","migration","marital","total","count",336
2010,"BVXX220","migration","marital","total","count",347
2010,"BVXX183","migration","marital","total","count",289
2010,"BVXX184","migration","marital","total","count",755
2010,"BVXX185","migration","marital","total","count",371
2010,"BVXX186","migration","marital","total","count",335
2010,"BVXX187","migration","marital","total","count",114
2010,"BVXX188","migration","marital","total","count",231
2010,"BVXX189","migration","marital","total","count",197
2010,"BVXX190","migration","marital","total","count",391
2010,"BVXX191","migration","marital","total","count",1048
2010,"BVXX192","migration","marital","total","count",151
2010,"BVXX193","migration","marital","total","count",137
2010,"BVXX194","migration","marital","total","count",598
2010,"BVXX195","migration","marital","total","count",586
2010,"BVXX196","migration","marital","total","count",433
2010,"BVXX197","migration","marital","total","count",164
2010,"BVXX270","migration","marital","total","count",461
2010,"BVXX271","migration","marital","total","count",1024
2010,"BVXX164","migration","marital","total","count",55
2010,"BVXX165","migration","marital","total","count",492
2010,"BVXX166","migration","marital","total","count",338
2010,"BVXX167","migration","marital","total","count",462
2010,"BVXX168","migration","marital","total","count",582
2010,"BVXX170","migration","marital","total","count",355
2010,"BVXX171","migration","marital","total","count",358
2010,"BVXX172","migration","marital","total","count",509
2010,"BVXX173","migration","marital","total","count",163
2010,"BVXX174","migration","marital","total","count",932
2010,"BVXX175","migration","marital","total","count",282
2010,"BVXX176","migration","marital","total","count",285
2010,"BVXX177","migration","marital","total","count",764
2010,"BVXX178","migration","marital","total","count",794
2010,"BVXX179","migration","marital","total","count",158
2010,"BVXX180","migration","marital","total","count",193
2010,"BVXX181","migration","marital","total","count",289
2010,"BVXX150","migration","marital","total","count",142
2010,"BVXX151","migration","marital","total","count",133
2010,"BVXX152","migration","marital","total","count",183
2010,"BVXX153","migration","marital","total","count",194
2010,"BVXX154","migration","marital","total","count",249
2010,"BVXX155","migration","marital","total","count",453
2010,"BVXX156","migration","marital","total","count",364
2010,"BVXX157","migration","marital","total","count",126
2010,"BVXX158","migration","marital","total","count",327
2010,"BVXX159","migration","marital","total","count",538
2010,"BVXX160","migration","marital","total","count",442
2010,"BVXX161","migration","marital","total","count",724
2010,"BVXX162","migration","marital","total","count",522
2015,"BVXX131","migration","marital","total","count",419
2015,"BVXX132","migration","marital","total","count",69
2015,"BVXX133","migration","marital","total","count",184
2015,"BVXX134","migration","marital","total","count",210
2015,"BVXX135","migration","marital","total","count",150
2015,"BVXX136","migration","marital","total","count",111
2015,"BVXX137","migration","marital","total","count",96
2015,"BVXX138","migration","marital","total","count",116
2015,"BVXX139","migration","marital","total","count",663
2015,"BVXX140","migration","marital","total","count",87
2015,"BVXX141","migration","marital","total","count",142
2015,"BVXX142","migration","marital","total","count",145
2015,"BVXX143","migration","marital","total","count",621
2015,"BVXX144","migration","marital","total","count",124
2015,"BVXX145","migration","marital","total","count",124
2015,"BVXX146","migration","marital","total","count",202
2015,"BVXX147","migration","marital","total","count",77
2015,"BVXX148","migration","marital","total","count",144
2015,"BVXX00102","migration","marital","total","count",1
2015,"BVXX097","migration","marital","total","count",828
2015,"BVXX098","migration","marital","total","count",713
2015,"BVXX099","migration","marital","total","count",1495
2015,"BVXX129","migration","marital","total","count",0
2015,"BVXX084","migration","marital","total","count",394
2015,"BVXX085","migration","marital","total","count",1110
2015,"BVXX086","migration","marital","total","count",682
2015,"BVXX087","migration","marital","total","count",587
2015,"BVXX088","migration","marital","total","count",91
2015,"BVXX089","migration","marital","total","count",945
2015,"BVXX090","migration","marital","total","count",1108
2015,"BVXX091","migration","marital","total","count",428
2015,"BVXX092","migration","marital","total","count",891
2015,"BVXX093","migration","marital","total","count",1190
2015,"BVXX094","migration","marital","total","count",1536
2015,"BVXX095","migration","marital","total","count",476
2015,"BVXX096","migration","marital","total","count",1
2015,"BVXX100","migration","marital","total","count",662
2015,"BVXX101","migration","marital","total","count",967
2015,"BVXX102","migration","marital","total","count",783
2015,"BVXX103","migration","marital","total","count",1188
2015,"BVXX104","migration","marital","total","count",565
2015,"BVXX105","migration","marital","total","count",738
2015,"BVXX106","migration","marital","total","count",1165
2015,"BVXX107","migration","marital","total","count",2685
2015,"BVXX108","migration","marital","total","count",3356
2015,"BVXX109","migration","marital","total","count",1605
2015,"BVXX110","migration","marital","total","count",711
2015,"BVXX111","migration","marital","total","count",601
2015,"BVXX112","migration","marital","total","count",652
2015,"BVXX113","migration","marital","total","count",785
2015,"BVXX114","migration","marital","total","count",304
2015,"BVXX115","migration","marital","total","count",0
2015,"BVXX1151","migration","marital","total","count",332
2015,"BVXX116","migration","marital","total","count",150
2015,"BVXX117","migration","marital","total","count",951
2015,"BVXX118","migration","marital","total","count",763
2015,"BVXX119","migration","marital","total","count",405
2015,"BVXX120","migration","marital","total","count",739
2015,"BVXX121","migration","marital","total","count",331
2015,"BVXX122","migration","marital","total","count",1051
2015,"BVXX123","migration","marital","total","count",664
2015,"BVXX124","migration","marital","total","count",1346
2015,"BVXX125","migration","marital","total","count",2047
2015,"BVXX126","migration","marital","total","count",794
2015,"BVXX127","migration","marital","total","count",363
2015,"BVXX128","migration","marital","total","count",2224
2015,"BVXX258","migration","marital","total","count",0
2015,"BVXX247","migration","marital","total","count",925
2015,"BVXX248","migration","marital","total","count",162
2015,"BVXX249","migration","marital","total","count",244
2015,"BVXX250","migration","marital","total","count",1604
2015,"BVXX251","migration","marital","total","count",126
2015,"BVXX252","migration","marital","total","count",309
2015,"BVXX253","migration","marital","total","count",351
2015,"BVXX254","migration","marital","total","count",111
2015,"BVXX255","migration","marital","total","count",895
2015,"BVXX256","migration","marital","total","count",104
2015,"BVXX257","migration","marital","total","count",768
2015,"BVXX258","migration","marital","total","count",226
2015,"BVXX259","migration","marital","total","count",418
2015,"BVXX260","migration","marital","total","count",540
2015,"BVXX261","migration","marital","total","count",504
2015,"BVXX262","migration","marital","total","count",725
2015,"BVXX263","migration","marital","total","count",522
2015,"BVXX264","migration","marital","total","count",506
2015,"BVXX265","migration","marital","total","count",186
2015,"BVXX266","migration","marital","total","count",293
2015,"BVXX267","migration","marital","total","count",154
2015,"BVXX268","migration","marital","total","count",153
2015,"BVXX222","migration","marital","total","count",725
2015,"BVXX223","migration","marital","total","count",862
2015,"BVXX224","migration","marital","total","count",142
2015,"BVXX225","migration","marital","total","count",994
2015,"BVXX226","migration","marital","total","count",77
2015,"BVXX227","migration","marital","total","count",351
2015,"BVXX228","migration","marital","total","count",205
2015,"BVXX229","migration","marital","total","count",137
2015,"BVXX230","migration","marital","total","count",335
2015,"BVXX231","migration","marital","total","count",184
2015,"BVXX232","migration","marital","total","count",430
2015,"BVXX233","migration","marital","total","count",139
2015,"BVXX234","migration","marital","total","count",98
2015,"BVXX235","migration","marital","total","count",286
2015,"BVXX236","migration","marital","total","count",344
2015,"BVXX237","migration","marital","total","count",172
2015,"BVXX238","migration","marital","total","count",15
2015,"BVXX239","migration","marital","total","count",130
2015,"BVXX240","migration","marital","total","count",185
2015,"BVXX241","migration","marital","total","count",145
2015,"BVXX242","migration","marital","total","count",105
2015,"BVXX243","migration","marital","total","count",468
2015,"BVXX244","migration","marital","total","count",587
2015,"BVXX245","migration","marital","total","count",532
2015,"BVXX065","migration","marital","total","count",1285
2015,"BVXX066","migration","marital","total","count",421
2015,"BVXX067","migration","marital","total","count",173
2015,"BVXX068","migration","marital","total","count",929
2015,"BVXX069","migration","marital","total","count",501
2015,"BVXX045","migration","marital","total","count",319
2015,"BVXX046","migration","marital","total","count",1325
2015,"BVXX047","migration","marital","total","count",550
2015,"BVXX048","migration","marital","total","count",650
2015,"BVXX049","migration","marital","total","count",767
2015,"BVXX050","migration","marital","total","count",660
2015,"BVXX051","migration","marital","total","count",467
2015,"BVXX052","migration","marital","total","count",157
2015,"BVXX071","migration","marital","total","count",636
2015,"BVXX072","migration","marital","total","count",721
2015,"BVXX073","migration","marital","total","count",892
2015,"BVXX074","migration","marital","total","count",606
2015,"BVXX075","migration","marital","total","count",646
2015,"BVXX028","migration","marital","total","count",243
2015,"BVXX029","migration","marital","total","count",395
2015,"BVXX030","migration","marital","total","count",374
2015,"BVXX031","migration","marital","total","count",512
2015,"BVXX032","migration","marital","total","count",258
2015,"BVXX033","migration","marital","total","count",324
2015,"BVXX034","migration","marital","total","count",716
2015,"BVXX035","migration","marital","total","count",471
2015,"BVXX036","migration","marital","total","count",720
2015,"BVXX037","migration","marital","total","count",830
2015,"BVXX038","migration","marital","total","count",236
2015,"BVXX039","migration","marital","total","count",350
2015,"BVXX040","migration","marital","total","count",297
2015,"BVXX041","migration","marital","total","count",323
2015,"BVXX042","migration","marital","total","count",138
2015,"BVXX043","migration","marital","total","count",744
2015,"BVXX002","migration","marital","total","count",782
2015,"BVXX003","migration","marital","total","count",943
2015,"BVXX004","migration","marital","total","count",920
2015,"BVXX005","migration","marital","total","count",1460
2015,"BVXX006","migration","marital","total","count",1717
2015,"BVXX007","migration","marital","total","count",1112
2015,"BVXX008","migration","marital","total","count",2391
2015,"BVXX009","migration","marital","total","count",1541
2015,"BVXX010","migration","marital","total","count",955
2015,"BVXX011","migration","marital","total","count",630
2015,"BVXX012","migration","marital","total","count",1162
2015,"BVXX013","migration","marital","total","count",976
2015,"BVXX014","migration","marital","total","count",1024
2015,"BVXX015","migration","marital","total","count",760
2015,"BVXX016","migration","marital","total","count",618
2015,"BVXX017","migration","marital","total","count",877
2015,"BVXX018","migration","marital","total","count",1087
2015,"BVXX019","migration","marital","total","count",1122
2015,"BVXX020","migration","marital","total","count",1039
2015,"BVXX021","migration","marital","total","count",2482
2015,"BVXX022","migration","marital","total","count",1144
2015,"BVXX023","migration","marital","total","count",1214
2015,"BVXX024","migration","marital","total","count",607
2015,"BVXX025","migration","marital","total","count",532
2015,"BVXX026","migration","marital","total","count",1145
2015,"BVXX082","migration","marital","total","count",524
2015,"BVXX077","migration","marital","total","count",787
2015,"BVXX078","migration","marital","total","count",562
2015,"BVXX079","migration","marital","total","count",487
2015,"BVXX080","migration","marital","total","count",780
2015,"BVXX081","migration","marital","total","count",626
2015,"BVXX054","migration","marital","total","count",176
2015,"BVXX055","migration","marital","total","count",915
2015,"BVXX056","migration","marital","total","count",1315
2015,"BVXX057","migration","marital","total","count",1653
2015,"BVXX058","migration","marital","total","count",196
2015,"BVXX059","migration","marital","total","count",1916
2015,"BVXX060","migration","marital","total","count",1561
2015,"BVXX061","migration","marital","total","count",794
2015,"BVXX062","migration","marital","total","count",34
2015,"BVXX063","migration","marital","total","count",566
2015,"BVXX199","migration","marital","total","count",151
2015,"BVXX200","migration","marital","total","count",219
2015,"BVXX201","migration","marital","total","count",125
2015,"BVXX202","migration","marital","total","count",511
2015,"BVXX203","migration","marital","total","count",116
2015,"BVXX204","migration","marital","total","count",397
2015,"BVXX205","migration","marital","total","count",182
2015,"BVXX206","migration","marital","total","count",685
2015,"BVXX207","migration","marital","total","count",301
2015,"BVXX208","migration","marital","total","count",172
2015,"BVXX209","migration","marital","total","count",638
2015,"BVXX210","migration","marital","total","count",178
2015,"BVXX211","migration","marital","total","count",856
2015,"BVXX212","migration","marital","total","count",222
2015,"BVXX213","migration","marital","total","count",383
2015,"BVXX214","migration","marital","total","count",219
2015,"BVXX215","migration","marital","total","count",226
2015,"BVXX216","migration","marital","total","count",194
2015,"BVXX217","migration","marital","total","count",146
2015,"BVXX218","migration","marital","total","count",164
2015,"BVXX219","migration","marital","total","count",357
2015,"BVXX220","migration","marital","total","count",295
2015,"BVXX183","migration","marital","total","count",293
2015,"BVXX184","migration","marital","total","count",923
2015,"BVXX185","migration","marital","total","count",350
2015,"BVXX186","migration","marital","total","count",358
2015,"BVXX187","migration","marital","total","count",115
2015,"BVXX188","migration","marital","total","count",238
2015,"BVXX189","migration","marital","total","count",157
2015,"BVXX190","migration","marital","total","count",379
2015,"BVXX191","migration","marital","total","count",971
2015,"BVXX192","migration","marital","total","count",132
2015,"BVXX193","migration","marital","total","count",134
2015,"BVXX194","migration","marital","total","count",632
2015,"BVXX195","migration","marital","total","count",700
2015,"BVXX196","migration","marital","total","count",445
2015,"BVXX197","migration","marital","total","count",128
2015,"BVXX270","migration","marital","total","count",655
2015,"BVXX271","migration","marital","total","count",1516
2015,"BVXX164","migration","marital","total","count",62
2015,"BVXX165","migration","marital","total","count",436
2015,"BVXX166","migration","marital","total","count",316
2015,"BVXX167","migration","marital","total","count",502
2015,"BVXX169","migration","marital","total","count",726
2015,"BVXX170","migration","marital","total","count",371
2015,"BVXX171","migration","marital","total","count",351
2015,"BVXX172","migration","marital","total","count",620
2015,"BVXX173","migration","marital","total","count",199
2015,"BVXX174","migration","marital","total","count",1252
2015,"BVXX175","migration","marital","total","count",0
2015,"BVXX176","migration","marital","total","count",329
2015,"BVXX177","migration","marital","total","count",970
2015,"BVXX178","migration","marital","total","count",1077
2015,"BVXX179","migration","marital","total","count",153
2015,"BVXX180","migration","marital","total","count",229
2015,"BVXX181","migration","marital","total","count",303
2015,"BVXX150","migration","marital","total","count",141
2015,"BVXX151","migration","marital","total","count",90
2015,"BVXX152","migration","marital","total","count",146
2015,"BVXX153","migration","marital","total","count",179
2015,"BVXX154","migration","marital","total","count",207
2015,"BVXX155","migration","marital","total","count",573
2015,"BVXX156","migration","marital","total","count",367
2015,"BVXX157","migration","marital","total","count",173
2015,"BVXX158","migration","marital","total","count",405
2015,"BVXX159","migration","marital","total","count",28
2015,"BVXX160","migration","marital","total","count",356
2015,"BVXX160","migration","marital","total","count",402
2015,"BVXX160","migration","marital","total","count",501
2015,"BVXX161","migration","marital","total","count",607
2015,"BVXX162","migration","marital","total","count",609
2015,"BVXX0272","migration","marital","total","count",0
2020,"BVXX131","migration","marital","total","count",462
2020,"BVXX132","migration","marital","total","count",68
2020,"BVXX133","migration","marital","total","count",229
2020,"BVXX134","migration","marital","total","count",172
2020,"BVXX135","migration","marital","total","count",205
2020,"BVXX136","migration","marital","total","count",93
2020,"BVXX137","migration","marital","total","count",90
2020,"BVXX138","migration","marital","total","count",102
2020,"BVXX139","migration","marital","total","count",789
2020,"BVXX140","migration","marital","total","count",75
2020,"BVXX141","migration","marital","total","count",138
2020,"BVXX142","migration","marital","total","count",119
2020,"BVXX143","migration","marital","total","count",652
2020,"BVXX144","migration","marital","total","count",106
2020,"BVXX145","migration","marital","total","count",139
2020,"BVXX146","migration","marital","total","count",196
2020,"BVXX147","migration","marital","total","count",82
2020,"BVXX148","migration","marital","total","count",146
2020,"BVXX084","migration","marital","total","count",427
2020,"BVXX085","migration","marital","total","count",1235
2020,"BVXX086","migration","marital","total","count",788
2020,"BVXX087","migration","marital","total","count",713
2020,"BVXX088","migration","marital","total","count",64
2020,"BVXX089","migration","marital","total","count",842
2020,"BVXX090","migration","marital","total","count",1508
2020,"BVXX091","migration","marital","total","count",432
2020,"BVXX092","migration","marital","total","count",1055
2020,"BVXX093","migration","marital","total","count",1939
2020,"BVXX094","migration","marital","total","count",1805
2020,"BVXX095","migration","marital","total","count",478
2020,"BVXX096","migration","marital","total","count",3764
2020,"BVXX100","migration","marital","total","count",704
2020,"BVXX101","migration","marital","total","count",966
2020,"BVXX102","migration","marital","total","count",713
2020,"BVXX103","migration","marital","total","count",1473
2020,"BVXX104","migration","marital","total","count",707
2020,"BVXX105","migration","marital","total","count",745
2020,"BVXX106","migration","marital","total","count",1118
2020,"BVXX107","migration","marital","total","count",3785
2020,"BVXX108","migration","marital","total","count",3269
2020,"BVXX109","migration","marital","total","count",1700
2020,"BVXX110","migration","marital","total","count",946
2020,"BVXX111","migration","marital","total","count",468
2020,"BVXX112","migration","marital","total","count",689
2020,"BVXX113","migration","marital","total","count",927
2020,"BVXX114","migration","marital","total","count",336
2020,"BVXX1151","migration","marital","total","count",414
2020,"BVXX116","migration","marital","total","count",128
2020,"BVXX117","migration","marital","total","count",1438
2020,"BVXX118","migration","marital","total","count",969
2020,"BVXX119","migration","marital","total","count",494
2020,"BVXX120","migration","marital","total","count",997
2020,"BVXX121","migration","marital","total","count",332
2020,"BVXX122","migration","marital","total","count",1201
2020,"BVXX123","migration","marital","total","count",804
2020,"BVXX124","migration","marital","total","count",1638
2020,"BVXX125","migration","marital","total","count",3002
2020,"BVXX126","migration","marital","total","count",846
2020,"BVXX127","migration","marital","total","count",572
2020,"BVXX128","migration","marital","total","count",3751
2020,"BVXX247","migration","marital","total","count",934
2020,"BVXX248","migration","marital","total","count",181
2020,"BVXX249","migration","marital","total","count",201
2020,"BVXX250","migration","marital","total","count",2098
2020,"BVXX251","migration","marital","total","count",96
2020,"BVXX252","migration","marital","total","count",319
2020,"BVXX253","migration","marital","total","count",374
2020,"BVXX254","migration","marital","total","count",100
2020,"BVXX255","migration","marital","total","count",1166
2020,"BVXX256","migration","marital","total","count",92
2020,"BVXX257","migration","marital","total","count",917
2020,"BVXX258","migration","marital","total","count",251
2020,"BVXX259","migration","marital","total","count",421
2020,"BVXX260","migration","marital","total","count",466
2020,"BVXX261","migration","marital","total","count",583
2020,"BVXX262","migration","marital","total","count",788
2020,"BVXX263","migration","marital","total","count",706
2020,"BVXX264","migration","marital","total","count",429
2020,"BVXX265","migration","marital","total","count",140
2020,"BVXX266","migration","marital","total","count",322
2020,"BVXX267","migration","marital","total","count",135
2020,"BVXX268","migration","marital","total","count",146
2020,"BVXX222","migration","marital","total","count",841
2020,"BVXX223","migration","marital","total","count",1034
2020,"BVXX224","migration","marital","total","count",123
2020,"BVXX225","migration","marital","total","count",1105
2020,"BVXX226","migration","marital","total","count",78
2020,"BVXX227","migration","marital","total","count",377
2020,"BVXX228","migration","marital","total","count",191
2020,"BVXX229","migration","marital","total","count",148
2020,"BVXX230","migration","marital","total","count",318
2020,"BVXX231","migration","marital","total","count",174
2020,"BVXX232","migration","marital","total","count",407
2020,"BVXX233","migration","marital","total","count",118
2020,"BVXX234","migration","marital","total","count",94
2020,"BVXX235","migration","marital","total","count",277
2020,"BVXX236","migration","marital","total","count",390
2020,"BVXX237","migration","marital","total","count",197
2020,"BVXX238","migration","marital","total","count",11
2020,"BVXX239","migration","marital","total","count",121
2020,"BVXX240","migration","marital","total","count",161
2020,"BVXX241","migration","marital","total","count",122
2020,"BVXX242","migration","marital","total","count",92
2020,"BVXX243","migration","marital","total","count",541
2020,"BVXX244","migration","marital","total","count",609
2020,"BVXX245","migration","marital","total","count",528
2020,"BVXX065","migration","marital","total","count",1670
2020,"BVXX066","migration","marital","total","count",423
2020,"BVXX067","migration","marital","total","count",146
2020,"BVXX068","migration","marital","total","count",992
2020,"BVXX069","migration","marital","total","count",501
2020,"BVXX045","migration","marital","total","count",293
2020,"BVXX046","migration","marital","total","count",1439
2020,"BVXX047","migration","marital","total","count",963
2020,"BVXX048","migration","marital","total","count",755
2020,"BVXX049","migration","marital","total","count",883
2020,"BVXX050","migration","marital","total","count",613
2020,"BVXX051","migration","marital","total","count",477
2020,"BVXX052","migration","marital","total","count",123
2020,"BVXX071","migration","marital","total","count",554
2020,"BVXX072","migration","marital","total","count",668
2020,"BVXX073","migration","marital","total","count",929
2020,"BVXX074","migration","marital","total","count",727
2020,"BVXX075","migration","marital","total","count",581
2020,"BVXX028","migration","marital","total","count",392
2020,"BVXX029","migration","marital","total","count",411
2020,"BVXX030","migration","marital","total","count",423
2020,"BVXX031","migration","marital","total","count",498
2020,"BVXX032","migration","marital","total","count",254
2020,"BVXX033","migration","marital","total","count",393
2020,"BVXX034","migration","marital","total","count",700
2020,"BVXX035","migration","marital","total","count",514
2020,"BVXX036","migration","marital","total","count",766
2020,"BVXX037","migration","marital","total","count",856
2020,"BVXX038","migration","marital","total","count",216
2020,"BVXX039","migration","marital","total","count",388
2020,"BVXX040","migration","marital","total","count",347
2020,"BVXX041","migration","marital","total","count",271
2020,"BVXX042","migration","marital","total","count",135
2020,"BVXX043","migration","marital","total","count",845
2020,"BVXX002","migration","marital","total","count",739
2020,"BVXX003","migration","marital","total","count",961
2020,"BVXX004","migration","marital","total","count",902
2020,"BVXX005","migration","marital","total","count",1586
2020,"BVXX006","migration","marital","total","count",1546
2020,"BVXX007","migration","marital","total","count",1027
2020,"BVXX008","migration","marital","total","count",2508
2020,"BVXX009","migration","marital","total","count",1616
2020,"BVXX010","migration","marital","total","count",959
2020,"BVXX011","migration","marital","total","count",697
2020,"BVXX012","migration","marital","total","count",1070
2020,"BVXX013","migration","marital","total","count",879
2020,"BVXX014","migration","marital","total","count",1003
2020,"BVXX015","migration","marital","total","count",826
2020,"BVXX016","migration","marital","total","count",671
2020,"BVXX017","migration","marital","total","count",903
2020,"BVXX018","migration","marital","total","count",1018
2020,"BVXX019","migration","marital","total","count",1229
2020,"BVXX020","migration","marital","total","count",969
2020,"BVXX021","migration","marital","total","count",2155
2020,"BVXX022","migration","marital","total","count",1080
2020,"BVXX023","migration","marital","total","count",1275
2020,"BVXX024","migration","marital","total","count",583
2020,"BVXX025","migration","marital","total","count",569
2020,"BVXX026","migration","marital","total","count",1112
2020,"BVXX082","migration","marital","total","count",829
2020,"BVXX077","migration","marital","total","count",821
2020,"BVXX078","migration","marital","total","count",549
2020,"BVXX079","migration","marital","total","count",648
2020,"BVXX080","migration","marital","total","count",798
2020,"BVXX081","migration","marital","total","count",615
2020,"BVXX054","migration","marital","total","count",164
2020,"BVXX055","migration","marital","total","count",931
2020,"BVXX057","migration","marital","total","count",1978
2020,"BVXX058","migration","marital","total","count",201
2020,"BVXX056","migration","marital","total","count",1606
2020,"BVXX059","migration","marital","total","count",2417
2020,"BVXX060","migration","marital","total","count",2029
2020,"BVXX061","migration","marital","total","count",1197
2020,"BVXX062","migration","marital","total","count",33
2020,"BVXX063","migration","marital","total","count",730
2020,"BVXX199","migration","marital","total","count",142
2020,"BVXX200","migration","marital","total","count",228
2020,"BVXX201","migration","marital","total","count",113
2020,"BVXX202","migration","marital","total","count",570
2020,"BVXX203","migration","marital","total","count",93
2020,"BVXX204","migration","marital","total","count",455
2020,"BVXX205","migration","marital","total","count",172
2020,"BVXX206","migration","marital","total","count",683
2020,"BVXX207","migration","marital","total","count",309
2020,"BVXX208","migration","marital","total","count",151
2020,"BVXX209","migration","marital","total","count",654
2020,"BVXX210","migration","marital","total","count",162
2020,"BVXX211","migration","marital","total","count",886
2020,"BVXX212","migration","marital","total","count",222
2020,"BVXX213","migration","marital","total","count",421
2020,"BVXX214","migration","marital","total","count",235
2020,"BVXX215","migration","marital","total","count",211
2020,"BVXX216","migration","marital","total","count",161
2020,"BVXX217","migration","marital","total","count",161
2020,"BVXX218","migration","marital","total","count",144
2020,"BVXX219","migration","marital","total","count",332
2020,"BVXX220","migration","marital","total","count",269
2020,"BVXX183","migration","marital","total","count",242
2020,"BVXX184","migration","marital","total","count",1010
2020,"BVXX185","migration","marital","total","count",338
2020,"BVXX186","migration","marital","total","count",366
2020,"BVXX187","migration","marital","total","count",118
2020,"BVXX188","migration","marital","total","count",217
2020,"BVXX189","migration","marital","total","count",146
2020,"BVXX190","migration","marital","total","count",365
2020,"BVXX191","migration","marital","total","count",995
2020,"BVXX192","migration","marital","total","count",122
2020,"BVXX193","migration","marital","total","count",113
2020,"BVXX194","migration","marital","total","count",766
2020,"BVXX195","migration","marital","total","count",707
2020,"BVXX196","migration","marital","total","count",444
2020,"BVXX197","migration","marital","total","count",136
2020,"BVXX270","migration","marital","total","count",800
2020,"BVXX271","migration","marital","total","count",2014
2020,"BVXX164","migration","marital","total","count",63
2020,"BVXX165","migration","marital","total","count",413
2020,"BVXX166","migration","marital","total","count",249
2020,"BVXX167","migration","marital","total","count",481
2020,"BVXX169","migration","marital","total","count",858
2020,"BVXX170","migration","marital","total","count",360
2020,"BVXX171","migration","marital","total","count",284
2020,"BVXX172","migration","marital","total","count",698
2020,"BVXX173","migration","marital","total","count",189
2020,"BVXX174","migration","marital","total","count",1658
2020,"BVXX176","migration","marital","total","count",309
2020,"BVXX177","migration","marital","total","count",1097
2020,"BVXX178","migration","marital","total","count",1455
2020,"BVXX179","migration","marital","total","count",157
2020,"BVXX180","migration","marital","total","count",214
2020,"BVXX181","migration","marital","total","count",369
2020,"BVXX150","migration","marital","total","count",144
2020,"BVXX151","migration","marital","total","count",92
2020,"BVXX152","migration","marital","total","count",153
2020,"BVXX153","migration","marital","total","count",193
2020,"BVXX154","migration","marital","total","count",180
2020,"BVXX155","migration","marital","total","count",668
2020,"BVXX156","migration","marital","total","count",397
2020,"BVXX157","migration","marital","total","count",230
2020,"BVXX158","migration","marital","total","count",554
2020,"BVXX160","migration","marital","total","count",449
2020,"BVXX160","migration","marital","total","count",444
2020,"BVXX160","migration","marital","total","count",553
2020,"BVXX161","migration","marital","total","count",797
2020,"BVXX162","migration","marital","total","count",689
2010,"BVXX131","migration","marital","male","count",28
2010,"BVXX132","migration","marital","male","count",3
2010,"BVXX133","migration","marital","male","count",6
2010,"BVXX134","migration","marital","male","count",7
2010,"BVXX135","migration","marital","male","count",11
2010,"BVXX136","migration","marital","male","count",0
2010,"BVXX137","migration","marital","male","count",4
2010,"BVXX138","migration","marital","male","count",3
2010,"BVXX139","migration","marital","male","count",57
2010,"BVXX140","migration","marital","male","count",1
2010,"BVXX141","migration","marital","male","count",5
2010,"BVXX142","migration","marital","male","count",4
2010,"BVXX143","migration","marital","male","count",69
2010,"BVXX144","migration","marital","male","count",4
2010,"BVXX145","migration","marital","male","count",3
2010,"BVXX146","migration","marital","male","count",1
2010,"BVXX147","migration","marital","male","count",1
2010,"BVXX148","migration","marital","male","count",2
2010,"BVXX097","migration","marital","male","count",150
2010,"BVXX098","migration","marital","male","count",52
2010,"BVXX099","migration","marital","male","count",268
2010,"BVXX129","migration","marital","male","count",90
2010,"BVXX084","migration","marital","male","count",45
2010,"BVXX085","migration","marital","male","count",141
2010,"BVXX086","migration","marital","male","count",126
2010,"BVXX087","migration","marital","male","count",106
2010,"BVXX088","migration","marital","male","count",15
2010,"BVXX089","migration","marital","male","count",166
2010,"BVXX090","migration","marital","male","count",86
2010,"BVXX091","migration","marital","male","count",47
2010,"BVXX092","migration","marital","male","count",175
2010,"BVXX093","migration","marital","male","count",131
2010,"BVXX094","migration","marital","male","count",169
2010,"BVXX095","migration","marital","male","count",84
2010,"BVXX100","migration","marital","male","count",145
2010,"BVXX101","migration","marital","male","count",234
2010,"BVXX102","migration","marital","male","count",95
2010,"BVXX103","migration","marital","male","count",179
2010,"BVXX104","migration","marital","male","count",78
2010,"BVXX105","migration","marital","male","count",108
2010,"BVXX106","migration","marital","male","count",293
2010,"BVXX107","migration","marital","male","count",299
2010,"BVXX108","migration","marital","male","count",671
2010,"BVXX109","migration","marital","male","count",184
2010,"BVXX110","migration","marital","male","count",60
2010,"BVXX111","migration","marital","male","count",101
2010,"BVXX112","migration","marital","male","count",130
2010,"BVXX113","migration","marital","male","count",89
2010,"BVXX114","migration","marital","male","count",20
2010,"BVXX115","migration","marital","male","count",16
2010,"BVXX116","migration","marital","male","count",8
2010,"BVXX117","migration","marital","male","count",145
2010,"BVXX118","migration","marital","male","count",145
2010,"BVXX119","migration","marital","male","count",74
2010,"BVXX120","migration","marital","male","count",88
2010,"BVXX121","migration","marital","male","count",48
2010,"BVXX122","migration","marital","male","count",170
2010,"BVXX123","migration","marital","male","count",51
2010,"BVXX124","migration","marital","male","count",159
2010,"BVXX125","migration","marital","male","count",272
2010,"BVXX126","migration","marital","male","count",120
2010,"BVXX127","migration","marital","male","count",33
2010,"BVXX128","migration","marital","male","count",106
2010,"BVXX258","migration","marital","male","count",1
2010,"BVXX247","migration","marital","male","count",70
2010,"BVXX248","migration","marital","male","count",4
2010,"BVXX249","migration","marital","male","count",1
2010,"BVXX250","migration","marital","male","count",129
2010,"BVXX251","migration","marital","male","count",2
2010,"BVXX252","migration","marital","male","count",8
2010,"BVXX253","migration","marital","male","count",17
2010,"BVXX254","migration","marital","male","count",2
2010,"BVXX255","migration","marital","male","count",63
2010,"BVXX256","migration","marital","male","count",1
2010,"BVXX257","migration","marital","male","count",43
2010,"BVXX258","migration","marital","male","count",4
2010,"BVXX259","migration","marital","male","count",22
2010,"BVXX260","migration","marital","male","count",37
2010,"BVXX261","migration","marital","male","count",48
2010,"BVXX262","migration","marital","male","count",49
2010,"BVXX263","migration","marital","male","count",29
2010,"BVXX264","migration","marital","male","count",15
2010,"BVXX265","migration","marital","male","count",2
2010,"BVXX266","migration","marital","male","count",10
2010,"BVXX267","migration","marital","male","count",2
2010,"BVXX268","migration","marital","male","count",0
2010,"BVXX222","migration","marital","male","count",67
2010,"BVXX223","migration","marital","male","count",42
2010,"BVXX224","migration","marital","male","count",1
2010,"BVXX225","migration","marital","male","count",62
2010,"BVXX226","migration","marital","male","count",1
2010,"BVXX227","migration","marital","male","count",14
2010,"BVXX228","migration","marital","male","count",8
2010,"BVXX229","migration","marital","male","count",1
2010,"BVXX230","migration","marital","male","count",7
2010,"BVXX231","migration","marital","male","count",0
2010,"BVXX232","migration","marital","male","count",16
2010,"BVXX233","migration","marital","male","count",1
2010,"BVXX234","migration","marital","male","count",1
2010,"BVXX235","migration","marital","male","count",7
2010,"BVXX236","migration","marital","male","count",9
2010,"BVXX237","migration","marital","male","count",0
2010,"BVXX238","migration","marital","male","count",0
2010,"BVXX239","migration","marital","male","count",1
2010,"BVXX240","migration","marital","male","count",3
2010,"BVXX241","migration","marital","male","count",6
2010,"BVXX242","migration","marital","male","count",2
2010,"BVXX243","migration","marital","male","count",13
2010,"BVXX244","migration","marital","male","count",19
2010,"BVXX245","migration","marital","male","count",36
2010,"BVXX065","migration","marital","male","count",50
2010,"BVXX066","migration","marital","male","count",22
2010,"BVXX067","migration","marital","male","count",14
2010,"BVXX068","migration","marital","male","count",76
2010,"BVXX069","migration","marital","male","count",48
2010,"BVXX045","migration","marital","male","count",28
2010,"BVXX046","migration","marital","male","count",134
2010,"BVXX047","migration","marital","male","count",28
2010,"BVXX048","migration","marital","male","count",43
2010,"BVXX049","migration","marital","male","count",55
2010,"BVXX050","migration","marital","male","count",35
2010,"BVXX051","migration","marital","male","count",88
2010,"BVXX052","migration","marital","male","count",17
2010,"BVXX071","migration","marital","male","count",46
2010,"BVXX072","migration","marital","male","count",57
2010,"BVXX073","migration","marital","male","count",83
2010,"BVXX074","migration","marital","male","count",67
2010,"BVXX075","migration","marital","male","count",46
2010,"BVXX028","migration","marital","male","count",9
2010,"BVXX029","migration","marital","male","count",43
2010,"BVXX030","migration","marital","male","count",18
2010,"BVXX031","migration","marital","male","count",67
2010,"BVXX032","migration","marital","male","count",11
2010,"BVXX033","migration","marital","male","count",30
2010,"BVXX034","migration","marital","male","count",59
2010,"BVXX035","migration","marital","male","count",41
2010,"BVXX036","migration","marital","male","count",37
2010,"BVXX037","migration","marital","male","count",76
2010,"BVXX038","migration","marital","male","count",19
2010,"BVXX039","migration","marital","male","count",52
2010,"BVXX040","migration","marital","male","count",30
2010,"BVXX041","migration","marital","male","count",24
2010,"BVXX042","migration","marital","male","count",9
2010,"BVXX043","migration","marital","male","count",143
2010,"BVXX002","migration","marital","male","count",178
2010,"BVXX003","migration","marital","male","count",191
2010,"BVXX004","migration","marital","male","count",151
2010,"BVXX005","migration","marital","male","count",275
2010,"BVXX006","migration","marital","male","count",496
2010,"BVXX007","migration","marital","male","count",289
2010,"BVXX008","migration","marital","male","count",753
2010,"BVXX009","migration","marital","male","count",457
2010,"BVXX010","migration","marital","male","count",242
2010,"BVXX011","migration","marital","male","count",99
2010,"BVXX012","migration","marital","male","count",267
2010,"BVXX013","migration","marital","male","count",298
2010,"BVXX014","migration","marital","male","count",216
2010,"BVXX015","migration","marital","male","count",153
2010,"BVXX016","migration","marital","male","count",155
2010,"BVXX017","migration","marital","male","count",232
2010,"BVXX018","migration","marital","male","count",188
2010,"BVXX019","migration","marital","male","count",264
2010,"BVXX020","migration","marital","male","count",230
2010,"BVXX021","migration","marital","male","count",1030
2010,"BVXX022","migration","marital","male","count",452
2010,"BVXX023","migration","marital","male","count",191
2010,"BVXX024","migration","marital","male","count",179
2010,"BVXX025","migration","marital","male","count",153
2010,"BVXX026","migration","marital","male","count",201
2010,"BVXX077","migration","marital","male","count",68
2010,"BVXX078","migration","marital","male","count",29
2010,"BVXX079","migration","marital","male","count",13
2010,"BVXX080","migration","marital","male","count",41
2010,"BVXX081","migration","marital","male","count",45
2010,"BVXX054","migration","marital","male","count",9
2010,"BVXX055","migration","marital","male","count",85
2010,"BVXX056","migration","marital","male","count",160
2010,"BVXX057","migration","marital","male","count",315
2010,"BVXX058","migration","marital","male","count",19
2010,"BVXX059","migration","marital","male","count",276
2010,"BVXX060","migration","marital","male","count",152
2010,"BVXX061","migration","marital","male","count",99
2010,"BVXX062","migration","marital","male","count",0
2010,"BVXX063","migration","marital","male","count",58
2010,"BVXX199","migration","marital","male","count",3
2010,"BVXX200","migration","marital","male","count",2
2010,"BVXX201","migration","marital","male","count",4
2010,"BVXX202","migration","marital","male","count",20
2010,"BVXX203","migration","marital","male","count",1
2010,"BVXX204","migration","marital","male","count",9
2010,"BVXX205","migration","marital","male","count",2
2010,"BVXX206","migration","marital","male","count",31
2010,"BVXX207","migration","marital","male","count",6
2010,"BVXX208","migration","marital","male","count",1
2010,"BVXX209","migration","marital","male","count",25
2010,"BVXX210","migration","marital","male","count",0
2010,"BVXX211","migration","marital","male","count",31
2010,"BVXX212","migration","marital","male","count",3
2010,"BVXX213","migration","marital","male","count",13
2010,"BVXX214","migration","marital","male","count",2
2010,"BVXX215","migration","marital","male","count",1
2010,"BVXX216","migration","marital","male","count",1
2010,"BVXX217","migration","marital","male","count",1
2010,"BVXX218","migration","marital","male","count",3
2010,"BVXX219","migration","marital","male","count",1
2010,"BVXX220","migration","marital","male","count",7
2010,"BVXX183","migration","marital","male","count",0
2010,"BVXX184","migration","marital","male","count",32
2010,"BVXX185","migration","marital","male","count",7
2010,"BVXX186","migration","marital","male","count",2
2010,"BVXX187","migration","marital","male","count",1
2010,"BVXX188","migration","marital","male","count",4
2010,"BVXX189","migration","marital","male","count",1
2010,"BVXX190","migration","marital","male","count",12
2010,"BVXX191","migration","marital","male","count",58
2010,"BVXX192","migration","marital","male","count",2
2010,"BVXX193","migration","marital","male","count",3
2010,"BVXX194","migration","marital","male","count",34
2010,"BVXX195","migration","marital","male","count",34
2010,"BVXX196","migration","marital","male","count",14
2010,"BVXX197","migration","marital","male","count",2
2010,"BVXX270","migration","marital","male","count",17
2010,"BVXX271","migration","marital","male","count",100
2010,"BVXX164","migration","marital","male","count",5
2010,"BVXX165","migration","marital","male","count",30
2010,"BVXX166","migration","marital","male","count",8
2010,"BVXX167","migration","marital","male","count",14
2010,"BVXX168","migration","marital","male","count",20
2010,"BVXX170","migration","marital","male","count",16
2010,"BVXX171","migration","marital","male","count",12
2010,"BVXX172","migration","marital","male","count",25
2010,"BVXX173","migration","marital","male","count",2
2010,"BVXX174","migration","marital","male","count",89
2010,"BVXX175","migration","marital","male","count",20
2010,"BVXX176","migration","marital","male","count",7
2010,"BVXX177","migration","marital","male","count",72
2010,"BVXX178","migration","marital","male","count",77
2010,"BVXX179","migration","marital","male","count",1
2010,"BVXX180","migration","marital","male","count",4
2010,"BVXX181","migration","marital","male","count",15
2010,"BVXX150","migration","marital","male","count",2
2010,"BVXX151","migration","marital","male","count",1
2010,"BVXX152","migration","marital","male","count",1
2010,"BVXX153","migration","marital","male","count",1
2010,"BVXX154","migration","marital","male","count",5
2010,"BVXX155","migration","marital","male","count",36
2010,"BVXX156","migration","marital","male","count",30
2010,"BVXX157","migration","marital","male","count",3
2010,"BVXX158","migration","marital","male","count",23
2010,"BVXX159","migration","marital","male","count",29
2010,"BVXX160","migration","marital","male","count",43
2010,"BVXX161","migration","marital","male","count",73
2010,"BVXX162","migration","marital","male","count",36
2015,"BVXX131","migration","marital","male","count",37
2015,"BVXX132","migration","marital","male","count",2
2015,"BVXX133","migration","marital","male","count",7
2015,"BVXX134","migration","marital","male","count",6
2015,"BVXX135","migration","marital","male","count",12
2015,"BVXX136","migration","marital","male","count",2
2015,"BVXX137","migration","marital","male","count",2
2015,"BVXX138","migration","marital","male","count",2
2015,"BVXX139","migration","marital","male","count",68
2015,"BVXX140","migration","marital","male","count",2
2015,"BVXX141","migration","marital","male","count",8
2015,"BVXX142","migration","marital","male","count",3
2015,"BVXX143","migration","marital","male","count",74
2015,"BVXX144","migration","marital","male","count",5
2015,"BVXX145","migration","marital","male","count",3
2015,"BVXX146","migration","marital","male","count",7
2015,"BVXX147","migration","marital","male","count",0
2015,"BVXX148","migration","marital","male","count",6
2015,"BVXX00102","migration","marital","male","count",0
2015,"BVXX097","migration","marital","male","count",188
2015,"BVXX098","migration","marital","male","count",75
2015,"BVXX099","migration","marital","male","count",342
2015,"BVXX129","migration","marital","male","count",0
2015,"BVXX084","migration","marital","male","count",60
2015,"BVXX085","migration","marital","male","count",160
2015,"BVXX086","migration","marital","male","count",147
2015,"BVXX087","migration","marital","male","count",105
2015,"BVXX088","migration","marital","male","count",21
2015,"BVXX089","migration","marital","male","count",200
2015,"BVXX090","migration","marital","male","count",138
2015,"BVXX091","migration","marital","male","count",52
2015,"BVXX092","migration","marital","male","count",240
2015,"BVXX093","migration","marital","male","count",244
2015,"BVXX094","migration","marital","male","count",195
2015,"BVXX095","migration","marital","male","count",102
2015,"BVXX096","migration","marital","male","count",0
2015,"BVXX100","migration","marital","male","count",207
2015,"BVXX101","migration","marital","male","count",198
2015,"BVXX102","migration","marital","male","count",100
2015,"BVXX103","migration","marital","male","count",249
2015,"BVXX104","migration","marital","male","count",112
2015,"BVXX105","migration","marital","male","count",124
2015,"BVXX106","migration","marital","male","count",330
2015,"BVXX107","migration","marital","male","count",500
2015,"BVXX108","migration","marital","male","count",808
2015,"BVXX109","migration","marital","male","count",276
2015,"BVXX110","migration","marital","male","count",83
2015,"BVXX111","migration","marital","male","count",117
2015,"BVXX112","migration","marital","male","count",129
2015,"BVXX113","migration","marital","male","count",108
2015,"BVXX114","migration","marital","male","count",21
2015,"BVXX115","migration","marital","male","count",0
2015,"BVXX1151","migration","marital","male","count",16
2015,"BVXX116","migration","marital","male","count",14
2015,"BVXX117","migration","marital","male","count",196
2015,"BVXX118","migration","marital","male","count",169
2015,"BVXX119","migration","marital","male","count",93
2015,"BVXX120","migration","marital","male","count",109
2015,"BVXX121","migration","marital","male","count",60
2015,"BVXX122","migration","marital","male","count",166
2015,"BVXX123","migration","marital","male","count",52
2015,"BVXX124","migration","marital","male","count",213
2015,"BVXX125","migration","marital","male","count",405
2015,"BVXX126","migration","marital","male","count",110
2015,"BVXX127","migration","marital","male","count",44
2015,"BVXX128","migration","marital","male","count",336
2015,"BVXX258","migration","marital","male","count",0
2015,"BVXX247","migration","marital","male","count",133
2015,"BVXX248","migration","marital","male","count",7
2015,"BVXX249","migration","marital","male","count",11
2015,"BVXX250","migration","marital","male","count",220
2015,"BVXX251","migration","marital","male","count",6
2015,"BVXX252","migration","marital","male","count",10
2015,"BVXX253","migration","marital","male","count",29
2015,"BVXX254","migration","marital","male","count",2
2015,"BVXX255","migration","marital","male","count",125
2015,"BVXX256","migration","marital","male","count",1
2015,"BVXX257","migration","marital","male","count",80
2015,"BVXX258","migration","marital","male","count",10
2015,"BVXX259","migration","marital","male","count",28
2015,"BVXX260","migration","marital","male","count",54
2015,"BVXX261","migration","marital","male","count",69
2015,"BVXX262","migration","marital","male","count",96
2015,"BVXX263","migration","marital","male","count",71
2015,"BVXX264","migration","marital","male","count",32
2015,"BVXX265","migration","marital","male","count",1
2015,"BVXX266","migration","marital","male","count",13
2015,"BVXX267","migration","marital","male","count",5
2015,"BVXX268","migration","marital","male","count",3
2015,"BVXX222","migration","marital","male","count",107
2015,"BVXX223","migration","marital","male","count",100
2015,"BVXX224","migration","marital","male","count",2
2015,"BVXX225","migration","marital","male","count",95
2015,"BVXX226","migration","marital","male","count",3
2015,"BVXX227","migration","marital","male","count",18
2015,"BVXX228","migration","marital","male","count",11
2015,"BVXX229","migration","marital","male","count",2
2015,"BVXX230","migration","marital","male","count",10
2015,"BVXX231","migration","marital","male","count",3
2015,"BVXX232","migration","marital","male","count",20
2015,"BVXX233","migration","marital","male","count",2
2015,"BVXX234","migration","marital","male","count",1
2015,"BVXX235","migration","marital","male","count",4
2015,"BVXX236","migration","marital","male","count",26
2015,"BVXX237","migration","marital","male","count",5
2015,"BVXX238","migration","marital","male","count",1
2015,"BVXX239","migration","marital","male","count",6
2015,"BVXX240","migration","marital","male","count",6
2015,"BVXX241","migration","marital","male","count",6
2015,"BVXX242","migration","marital","male","count",3
2015,"BVXX243","migration","marital","male","count",50
2015,"BVXX244","migration","marital","male","count",40
2015,"BVXX245","migration","marital","male","count",53
2015,"BVXX065","migration","marital","male","count",128
2015,"BVXX066","migration","marital","male","count",43
2015,"BVXX067","migration","marital","male","count",20
2015,"BVXX068","migration","marital","male","count",78
2015,"BVXX069","migration","marital","male","count",47
2015,"BVXX045","migration","marital","male","count",44
2015,"BVXX046","migration","marital","male","count",196
2015,"BVXX047","migration","marital","male","count",71
2015,"BVXX048","migration","marital","male","count",70
2015,"BVXX049","migration","marital","male","count",71
2015,"BVXX050","migration","marital","male","count",65
2015,"BVXX051","migration","marital","male","count",93
2015,"BVXX052","migration","marital","male","count",22
2015,"BVXX071","migration","marital","male","count",49
2015,"BVXX072","migration","marital","male","count",70
2015,"BVXX073","migration","marital","male","count",117
2015,"BVXX074","migration","marital","male","count",105
2015,"BVXX075","migration","marital","male","count",54
2015,"BVXX028","migration","marital","male","count",33
2015,"BVXX029","migration","marital","male","count",51
2015,"BVXX030","migration","marital","male","count",50
2015,"BVXX031","migration","marital","male","count",91
2015,"BVXX032","migration","marital","male","count",15
2015,"BVXX033","migration","marital","male","count",31
2015,"BVXX034","migration","marital","male","count",68
2015,"BVXX035","migration","marital","male","count",32
2015,"BVXX036","migration","marital","male","count",63
2015,"BVXX037","migration","marital","male","count",95
2015,"BVXX038","migration","marital","male","count",16
2015,"BVXX039","migration","marital","male","count",94
2015,"BVXX040","migration","marital","male","count",40
2015,"BVXX041","migration","marital","male","count",25
2015,"BVXX042","migration","marital","male","count",12
2015,"BVXX043","migration","marital","male","count",216
2015,"BVXX002","migration","marital","male","count",216
2015,"BVXX003","migration","marital","male","count",148
2015,"BVXX004","migration","marital","male","count",140
2015,"BVXX005","migration","marital","male","count",294
2015,"BVXX006","migration","marital","male","count",490
2015,"BVXX007","migration","marital","male","count",270
2015,"BVXX008","migration","marital","male","count",824
2015,"BVXX009","migration","marital","male","count",481
2015,"BVXX010","migration","marital","male","count",183
2015,"BVXX011","migration","marital","male","count",105
2015,"BVXX012","migration","marital","male","count",253
2015,"BVXX013","migration","marital","male","count",270
2015,"BVXX014","migration","marital","male","count",278
2015,"BVXX015","migration","marital","male","count",169
2015,"BVXX016","migration","marital","male","count",194
2015,"BVXX017","migration","marital","male","count",217
2015,"BVXX018","migration","marital","male","count",205
2015,"BVXX019","migration","marital","male","count",273
2015,"BVXX020","migration","marital","male","count",251
2015,"BVXX021","migration","marital","male","count",934
2015,"BVXX022","migration","marital","male","count",508
2015,"BVXX023","migration","marital","male","count",241
2015,"BVXX024","migration","marital","male","count",179
2015,"BVXX025","migration","marital","male","count",135
2015,"BVXX026","migration","marital","male","count",172
2015,"BVXX082","migration","marital","male","count",68
2015,"BVXX077","migration","marital","male","count",116
2015,"BVXX078","migration","marital","male","count",79
2015,"BVXX079","migration","marital","male","count",50
2015,"BVXX080","migration","marital","male","count",101
2015,"BVXX081","migration","marital","male","count",63
2015,"BVXX054","migration","marital","male","count",9
2015,"BVXX055","migration","marital","male","count",110
2015,"BVXX056","migration","marital","male","count",174
2015,"BVXX057","migration","marital","male","count",332
2015,"BVXX058","migration","marital","male","count",23
2015,"BVXX059","migration","marital","male","count",381
2015,"BVXX060","migration","marital","male","count",241
2015,"BVXX061","migration","marital","male","count",162
2015,"BVXX062","migration","marital","male","count",0
2015,"BVXX063","migration","marital","male","count",85
2015,"BVXX199","migration","marital","male","count",2
2015,"BVXX200","migration","marital","male","count",2
2015,"BVXX201","migration","marital","male","count",1
2015,"BVXX202","migration","marital","male","count",27
2015,"BVXX203","migration","marital","male","count",3
2015,"BVXX204","migration","marital","male","count",14
2015,"BVXX205","migration","marital","male","count",5
2015,"BVXX206","migration","marital","male","count",34
2015,"BVXX207","migration","marital","male","count",4
2015,"BVXX208","migration","marital","male","count",2
2015,"BVXX209","migration","marital","male","count",43
2015,"BVXX210","migration","marital","male","count",0
2015,"BVXX211","migration","marital","male","count",35
2015,"BVXX212","migration","marital","male","count",7
2015,"BVXX213","migration","marital","male","count",33
2015,"BVXX214","migration","marital","male","count",0
2015,"BVXX215","migration","marital","male","count",2
2015,"BVXX216","migration","marital","male","count",1
2015,"BVXX217","migration","marital","male","count",2
2015,"BVXX218","migration","marital","male","count",1
2015,"BVXX219","migration","marital","male","count",4
2015,"BVXX220","migration","marital","male","count",7
2015,"BVXX183","migration","marital","male","count",1
2015,"BVXX184","migration","marital","male","count",65
2015,"BVXX185","migration","marital","male","count",14
2015,"BVXX186","migration","marital","male","count",10
2015,"BVXX187","migration","marital","male","count",2
2015,"BVXX188","migration","marital","male","count",1
2015,"BVXX189","migration","marital","male","count",2
2015,"BVXX190","migration","marital","male","count",12
2015,"BVXX191","migration","marital","male","count",75
2015,"BVXX192","migration","marital","male","count",3
2015,"BVXX193","migration","marital","male","count",3
2015,"BVXX194","migration","marital","male","count",47
2015,"BVXX195","migration","marital","male","count",63
2015,"BVXX196","migration","marital","male","count",21
2015,"BVXX197","migration","marital","male","count",5
2015,"BVXX270","migration","marital","male","count",58
2015,"BVXX271","migration","marital","male","count",209
2015,"BVXX164","migration","marital","male","count",6
2015,"BVXX165","migration","marital","male","count",34
2015,"BVXX166","migration","marital","male","count",4
2015,"BVXX167","migration","marital","male","count",25
2015,"BVXX169","migration","marital","male","count",52
2015,"BVXX170","migration","marital","male","count",18
2015,"BVXX171","migration","marital","male","count",6
2015,"BVXX172","migration","marital","male","count",53
2015,"BVXX173","migration","marital","male","count",1
2015,"BVXX174","migration","marital","male","count",174
2015,"BVXX175","migration","marital","male","count",0
2015,"BVXX176","migration","marital","male","count",17
2015,"BVXX177","migration","marital","male","count",130
2015,"BVXX178","migration","marital","male","count",137
2015,"BVXX179","migration","marital","male","count",3
2015,"BVXX180","migration","marital","male","count",5
2015,"BVXX181","migration","marital","male","count",15
2015,"BVXX150","migration","marital","male","count",7
2015,"BVXX151","migration","marital","male","count",3
2015,"BVXX152","migration","marital","male","count",4
2015,"BVXX153","migration","marital","male","count",5
2015,"BVXX154","migration","marital","male","count",9
2015,"BVXX155","migration","marital","male","count",53
2015,"BVXX156","migration","marital","male","count",33
2015,"BVXX157","migration","marital","male","count",9
2015,"BVXX158","migration","marital","male","count",49
2015,"BVXX159","migration","marital","male","count",1
2015,"BVXX160","migration","marital","male","count",28
2015,"BVXX160","migration","marital","male","count",65
2015,"BVXX160","migration","marital","male","count",62
2015,"BVXX161","migration","marital","male","count",70
2015,"BVXX162","migration","marital","male","count",70
2015,"BVXX0272","migration","marital","male","count",0
2020,"BVXX131","migration","marital","male","count",35
2020,"BVXX132","migration","marital","male","count",8
2020,"BVXX133","migration","marital","male","count",16
2020,"BVXX134","migration","marital","male","count",5
2020,"BVXX135","migration","marital","male","count",21
2020,"BVXX136","migration","marital","male","count",2
2020,"BVXX137","migration","marital","male","count",2
2020,"BVXX138","migration","marital","male","count",5
2020,"BVXX139","migration","marital","male","count",110
2020,"BVXX140","migration","marital","male","count",4
2020,"BVXX141","migration","marital","male","count",4
2020,"BVXX142","migration","marital","male","count",4
2020,"BVXX143","migration","marital","male","count",84
2020,"BVXX144","migration","marital","male","count",6
2020,"BVXX145","migration","marital","male","count",11
2020,"BVXX146","migration","marital","male","count",8
2020,"BVXX147","migration","marital","male","count",0
2020,"BVXX148","migration","marital","male","count",12
2020,"BVXX084","migration","marital","male","count",72
2020,"BVXX085","migration","marital","male","count",232
2020,"BVXX086","migration","marital","male","count",171
2020,"BVXX087","migration","marital","male","count",137
2020,"BVXX088","migration","marital","male","count",19
2020,"BVXX089","migration","marital","male","count",195
2020,"BVXX090","migration","marital","male","count",247
2020,"BVXX091","migration","marital","male","count",64
2020,"BVXX092","migration","marital","male","count",278
2020,"BVXX093","migration","marital","male","count",470
2020,"BVXX094","migration","marital","male","count",248
2020,"BVXX095","migration","marital","male","count",117
2020,"BVXX096","migration","marital","male","count",1028
2020,"BVXX100","migration","marital","male","count",223
2020,"BVXX101","migration","marital","male","count",230
2020,"BVXX102","migration","marital","male","count",110
2020,"BVXX103","migration","marital","male","count",331
2020,"BVXX104","migration","marital","male","count",140
2020,"BVXX105","migration","marital","male","count",151
2020,"BVXX106","migration","marital","male","count",341
2020,"BVXX107","migration","marital","male","count",840
2020,"BVXX108","migration","marital","male","count",882
2020,"BVXX109","migration","marital","male","count",352
2020,"BVXX110","migration","marital","male","count",143
2020,"BVXX111","migration","marital","male","count",98
2020,"BVXX112","migration","marital","male","count",147
2020,"BVXX113","migration","marital","male","count",148
2020,"BVXX114","migration","marital","male","count",48
2020,"BVXX1151","migration","marital","male","count",39
2020,"BVXX116","migration","marital","male","count",11
2020,"BVXX117","migration","marital","male","count",317
2020,"BVXX118","migration","marital","male","count",223
2020,"BVXX119","migration","marital","male","count",113
2020,"BVXX120","migration","marital","male","count",190
2020,"BVXX121","migration","marital","male","count",66
2020,"BVXX122","migration","marital","male","count",207
2020,"BVXX123","migration","marital","male","count",89
2020,"BVXX124","migration","marital","male","count",283
2020,"BVXX125","migration","marital","male","count",626
2020,"BVXX126","migration","marital","male","count",121
2020,"BVXX127","migration","marital","male","count",103
2020,"BVXX128","migration","marital","male","count",735
2020,"BVXX247","migration","marital","male","count",179
2020,"BVXX248","migration","marital","male","count",14
2020,"BVXX249","migration","marital","male","count",22
2020,"BVXX250","migration","marital","male","count",413
2020,"BVXX251","migration","marital","male","count",4
2020,"BVXX252","migration","marital","male","count",17
2020,"BVXX253","migration","marital","male","count",42
2020,"BVXX254","migration","marital","male","count",5
2020,"BVXX255","migration","marital","male","count",200
2020,"BVXX256","migration","marital","male","count",6
2020,"BVXX257","migration","marital","male","count",159
2020,"BVXX258","migration","marital","male","count",20
2020,"BVXX259","migration","marital","male","count",42
2020,"BVXX260","migration","marital","male","count",69
2020,"BVXX261","migration","marital","male","count",107
2020,"BVXX262","migration","marital","male","count",129
2020,"BVXX263","migration","marital","male","count",156
2020,"BVXX264","migration","marital","male","count",43
2020,"BVXX265","migration","marital","male","count",3
2020,"BVXX266","migration","marital","male","count",54
2020,"BVXX267","migration","marital","male","count",4
2020,"BVXX268","migration","marital","male","count",5
2020,"BVXX222","migration","marital","male","count",145
2020,"BVXX223","migration","marital","male","count",171
2020,"BVXX224","migration","marital","male","count",10
2020,"BVXX225","migration","marital","male","count",166
2020,"BVXX226","migration","marital","male","count",0
2020,"BVXX227","migration","marital","male","count",41
2020,"BVXX228","migration","marital","male","count",10
2020,"BVXX229","migration","marital","male","count",4
2020,"BVXX230","migration","marital","male","count",22
2020,"BVXX231","migration","marital","male","count",12
2020,"BVXX232","migration","marital","male","count",29
2020,"BVXX233","migration","marital","male","count",4
2020,"BVXX234","migration","marital","male","count",0
2020,"BVXX235","migration","marital","male","count",11
2020,"BVXX236","migration","marital","male","count",42
2020,"BVXX237","migration","marital","male","count",12
2020,"BVXX238","migration","marital","male","count",0
2020,"BVXX239","migration","marital","male","count",6
2020,"BVXX240","migration","marital","male","count",8
2020,"BVXX241","migration","marital","male","count",8
2020,"BVXX242","migration","marital","male","count",6
2020,"BVXX243","migration","marital","male","count",83
2020,"BVXX244","migration","marital","male","count",55
2020,"BVXX245","migration","marital","male","count",59
2020,"BVXX065","migration","marital","male","count",299
2020,"BVXX066","migration","marital","male","count",46
2020,"BVXX067","migration","marital","male","count",18
2020,"BVXX068","migration","marital","male","count",108
2020,"BVXX069","migration","marital","male","count",49
2020,"BVXX045","migration","marital","male","count",39
2020,"BVXX046","migration","marital","male","count",258
2020,"BVXX047","migration","marital","male","count",172
2020,"BVXX048","migration","marital","male","count",81
2020,"BVXX049","migration","marital","male","count",99
2020,"BVXX050","migration","marital","male","count",95
2020,"BVXX051","migration","marital","male","count",103
2020,"BVXX052","migration","marital","male","count",20
2020,"BVXX071","migration","marital","male","count",48
2020,"BVXX072","migration","marital","male","count",73
2020,"BVXX073","migration","marital","male","count",132
2020,"BVXX074","migration","marital","male","count",139
2020,"BVXX075","migration","marital","male","count",62
2020,"BVXX028","migration","marital","male","count",70
2020,"BVXX029","migration","marital","male","count",64
2020,"BVXX030","migration","marital","male","count",76
2020,"BVXX031","migration","marital","male","count",96
2020,"BVXX032","migration","marital","male","count",29
2020,"BVXX033","migration","marital","male","count",48
2020,"BVXX034","migration","marital","male","count",94
2020,"BVXX035","migration","marital","male","count",43
2020,"BVXX036","migration","marital","male","count",127
2020,"BVXX037","migration","marital","male","count",109
2020,"BVXX038","migration","marital","male","count",27
2020,"BVXX039","migration","marital","male","count",112
2020,"BVXX040","migration","marital","male","count",52
2020,"BVXX041","migration","marital","male","count",30
2020,"BVXX042","migration","marital","male","count",14
2020,"BVXX043","migration","marital","male","count",263
2020,"BVXX002","migration","marital","male","count",210
2020,"BVXX003","migration","marital","male","count",177
2020,"BVXX004","migration","marital","male","count",133
2020,"BVXX005","migration","marital","male","count",347
2020,"BVXX006","migration","marital","male","count",421
2020,"BVXX007","migration","marital","male","count",230
2020,"BVXX008","migration","marital","male","count",949
2020,"BVXX009","migration","marital","male","count",567
2020,"BVXX010","migration","marital","male","count",200
2020,"BVXX011","migration","marital","male","count",120
2020,"BVXX012","migration","marital","male","count",247
2020,"BVXX013","migration","marital","male","count",248
2020,"BVXX014","migration","marital","male","count",282
2020,"BVXX015","migration","marital","male","count",218
2020,"BVXX016","migration","marital","male","count",239
2020,"BVXX017","migration","marital","male","count",250
2020,"BVXX018","migration","marital","male","count",236
2020,"BVXX019","migration","marital","male","count",311
2020,"BVXX020","migration","marital","male","count",203
2020,"BVXX021","migration","marital","male","count",825
2020,"BVXX022","migration","marital","male","count",497
2020,"BVXX023","migration","marital","male","count",290
2020,"BVXX024","migration","marital","male","count",212
2020,"BVXX025","migration","marital","male","count",167
2020,"BVXX026","migration","marital","male","count",173
2020,"BVXX082","migration","marital","male","count",145
2020,"BVXX077","migration","marital","male","count",143
2020,"BVXX078","migration","marital","male","count",89
2020,"BVXX079","migration","marital","male","count",92
2020,"BVXX080","migration","marital","male","count",111
2020,"BVXX081","migration","marital","male","count",86
2020,"BVXX054","migration","marital","male","count",15
2020,"BVXX055","migration","marital","male","count",147
2020,"BVXX057","migration","marital","male","count",445
2020,"BVXX058","migration","marital","male","count",27
2020,"BVXX056","migration","marital","male","count",286
2020,"BVXX059","migration","marital","male","count",704
2020,"BVXX060","migration","marital","male","count",411
2020,"BVXX061","migration","marital","male","count",302
2020,"BVXX062","migration","marital","male","count",2
2020,"BVXX063","migration","marital","male","count",98
2020,"BVXX199","migration","marital","male","count",4
2020,"BVXX200","migration","marital","male","count",9
2020,"BVXX201","migration","marital","male","count",3
2020,"BVXX202","migration","marital","male","count",41
2020,"BVXX203","migration","marital","male","count",6
2020,"BVXX204","migration","marital","male","count",47
2020,"BVXX205","migration","marital","male","count",8
2020,"BVXX206","migration","marital","male","count",51
2020,"BVXX207","migration","marital","male","count",16
2020,"BVXX208","migration","marital","male","count",2
2020,"BVXX209","migration","marital","male","count",58
2020,"BVXX210","migration","marital","male","count",0
2020,"BVXX211","migration","marital","male","count",51
2020,"BVXX212","migration","marital","male","count",9
2020,"BVXX213","migration","marital","male","count",58
2020,"BVXX214","migration","marital","male","count",6
2020,"BVXX215","migration","marital","male","count",12
2020,"BVXX216","migration","marital","male","count",4
2020,"BVXX217","migration","marital","male","count",5
2020,"BVXX218","migration","marital","male","count",2
2020,"BVXX219","migration","marital","male","count",5
2020,"BVXX220","migration","marital","male","count",10
2020,"BVXX183","migration","marital","male","count",4
2020,"BVXX184","migration","marital","male","count",101
2020,"BVXX185","migration","marital","male","count",31
2020,"BVXX186","migration","marital","male","count",19
2020,"BVXX187","migration","marital","male","count",3
2020,"BVXX188","migration","marital","male","count",5
2020,"BVXX189","migration","marital","male","count",5
2020,"BVXX190","migration","marital","male","count",21
2020,"BVXX191","migration","marital","male","count",105
2020,"BVXX192","migration","marital","male","count",4
2020,"BVXX193","migration","marital","male","count",6
2020,"BVXX194","migration","marital","male","count",72
2020,"BVXX195","migration","marital","male","count",84
2020,"BVXX196","migration","marital","male","count",38
2020,"BVXX197","migration","marital","male","count",5
2020,"BVXX270","migration","marital","male","count",107
2020,"BVXX271","migration","marital","male","count",303
2020,"BVXX164","migration","marital","male","count",11
2020,"BVXX165","migration","marital","male","count",50
2020,"BVXX166","migration","marital","male","count",5
2020,"BVXX167","migration","marital","male","count",39
2020,"BVXX169","migration","marital","male","count",72
2020,"BVXX170","migration","marital","male","count",25
2020,"BVXX171","migration","marital","male","count",9
2020,"BVXX172","migration","marital","male","count",82
2020,"BVXX173","migration","marital","male","count",5
2020,"BVXX174","migration","marital","male","count",252
2020,"BVXX176","migration","marital","male","count",18
2020,"BVXX177","migration","marital","male","count",170
2020,"BVXX178","migration","marital","male","count",241
2020,"BVXX179","migration","marital","male","count",5
2020,"BVXX180","migration","marital","male","count",4
2020,"BVXX181","migration","marital","male","count",40
2020,"BVXX150","migration","marital","male","count",9
2020,"BVXX151","migration","marital","male","count",5
2020,"BVXX152","migration","marital","male","count",9
2020,"BVXX153","migration","marital","male","count",11
2020,"BVXX154","migration","marital","male","count",19
2020,"BVXX155","migration","marital","male","count",78
2020,"BVXX156","migration","marital","male","count",42
2020,"BVXX157","migration","marital","male","count",27
2020,"BVXX158","migration","marital","male","count",97
2020,"BVXX160","migration","marital","male","count",36
2020,"BVXX160","migration","marital","male","count",76
2020,"BVXX160","migration","marital","male","count",72
2020,"BVXX161","migration","marital","male","count",120
2020,"BVXX162","migration","marital","male","count",83
2010,"BVXX131","migration","marital","female","count",351
2010,"BVXX132","migration","marital","female","count",96
2010,"BVXX133","migration","marital","female","count",156
2010,"BVXX134","migration","marital","female","count",170
2010,"BVXX135","migration","marital","female","count",144
2010,"BVXX136","migration","marital","female","count",99
2010,"BVXX137","migration","marital","female","count",90
2010,"BVXX138","migration","marital","female","count",121
2010,"BVXX139","migration","marital","female","count",641
2010,"BVXX140","migration","marital","female","count",88
2010,"BVXX141","migration","marital","female","count",178
2010,"BVXX142","migration","marital","female","count",152
2010,"BVXX143","migration","marital","female","count",520
2010,"BVXX144","migration","marital","female","count",105
2010,"BVXX145","migration","marital","female","count",133
2010,"BVXX146","migration","marital","female","count",255
2010,"BVXX147","migration","marital","female","count",68
2010,"BVXX148","migration","marital","female","count",164
2010,"BVXX097","migration","marital","female","count",597
2010,"BVXX098","migration","marital","female","count",616
2010,"BVXX099","migration","marital","female","count",1030
2010,"BVXX129","migration","marital","female","count",567
2010,"BVXX084","migration","marital","female","count",337
2010,"BVXX085","migration","marital","female","count",929
2010,"BVXX086","migration","marital","female","count",508
2010,"BVXX087","migration","marital","female","count",469
2010,"BVXX088","migration","marital","female","count",64
2010,"BVXX089","migration","marital","female","count",738
2010,"BVXX090","migration","marital","female","count",797
2010,"BVXX091","migration","marital","female","count",431
2010,"BVXX092","migration","marital","female","count",642
2010,"BVXX093","migration","marital","female","count",640
2010,"BVXX094","migration","marital","female","count",1251
2010,"BVXX095","migration","marital","female","count",375
2010,"BVXX100","migration","marital","female","count",427
2010,"BVXX101","migration","marital","female","count",932
2010,"BVXX102","migration","marital","female","count",801
2010,"BVXX103","migration","marital","female","count",851
2010,"BVXX104","migration","marital","female","count",349
2010,"BVXX105","migration","marital","female","count",642
2010,"BVXX106","migration","marital","female","count",948
2010,"BVXX107","migration","marital","female","count",1736
2010,"BVXX108","migration","marital","female","count",2371
2010,"BVXX109","migration","marital","female","count",1161
2010,"BVXX110","migration","marital","female","count",610
2010,"BVXX111","migration","marital","female","count",409
2010,"BVXX112","migration","marital","female","count",611
2010,"BVXX113","migration","marital","female","count",619
2010,"BVXX114","migration","marital","female","count",281
2010,"BVXX115","migration","marital","female","count",310
2010,"BVXX116","migration","marital","female","count",170
2010,"BVXX117","migration","marital","female","count",627
2010,"BVXX118","migration","marital","female","count",529
2010,"BVXX119","migration","marital","female","count",298
2010,"BVXX120","migration","marital","female","count",641
2010,"BVXX121","migration","marital","female","count",251
2010,"BVXX122","migration","marital","female","count",997
2010,"BVXX123","migration","marital","female","count",592
2010,"BVXX124","migration","marital","female","count",947
2010,"BVXX125","migration","marital","female","count",1315
2010,"BVXX126","migration","marital","female","count",711
2010,"BVXX127","migration","marital","female","count",367
2010,"BVXX128","migration","marital","female","count",1075
2010,"BVXX258","migration","marital","female","count",18
2010,"BVXX247","migration","marital","female","count",662
2010,"BVXX248","migration","marital","female","count",212
2010,"BVXX249","migration","marital","female","count",235
2010,"BVXX250","migration","marital","female","count",1056
2010,"BVXX251","migration","marital","female","count",183
2010,"BVXX252","migration","marital","female","count",326
2010,"BVXX253","migration","marital","female","count",305
2010,"BVXX254","migration","marital","female","count",146
2010,"BVXX255","migration","marital","female","count",608
2010,"BVXX256","migration","marital","female","count",126
2010,"BVXX257","migration","marital","female","count",734
2010,"BVXX258","migration","marital","female","count",222
2010,"BVXX259","migration","marital","female","count",394
2010,"BVXX260","migration","marital","female","count",491
2010,"BVXX261","migration","marital","female","count",380
2010,"BVXX262","migration","marital","female","count",532
2010,"BVXX263","migration","marital","female","count",324
2010,"BVXX264","migration","marital","female","count",514
2010,"BVXX265","migration","marital","female","count",194
2010,"BVXX266","migration","marital","female","count",297
2010,"BVXX267","migration","marital","female","count",177
2010,"BVXX268","migration","marital","female","count",183
2010,"BVXX222","migration","marital","female","count",481
2010,"BVXX223","migration","marital","female","count",705
2010,"BVXX224","migration","marital","female","count",140
2010,"BVXX225","migration","marital","female","count",668
2010,"BVXX226","migration","marital","female","count",86
2010,"BVXX227","migration","marital","female","count",378
2010,"BVXX228","migration","marital","female","count",202
2010,"BVXX229","migration","marital","female","count",146
2010,"BVXX230","migration","marital","female","count",399
2010,"BVXX231","migration","marital","female","count",174
2010,"BVXX232","migration","marital","female","count",430
2010,"BVXX233","migration","marital","female","count",127
2010,"BVXX234","migration","marital","female","count",93
2010,"BVXX235","migration","marital","female","count",297
2010,"BVXX236","migration","marital","female","count",292
2010,"BVXX237","migration","marital","female","count",243
2010,"BVXX238","migration","marital","female","count",10
2010,"BVXX239","migration","marital","female","count",123
2010,"BVXX240","migration","marital","female","count",195
2010,"BVXX241","migration","marital","female","count",159
2010,"BVXX242","migration","marital","female","count",97
2010,"BVXX243","migration","marital","female","count",272
2010,"BVXX244","migration","marital","female","count",507
2010,"BVXX245","migration","marital","female","count",451
2010,"BVXX065","migration","marital","female","count",857
2010,"BVXX066","migration","marital","female","count",339
2010,"BVXX067","migration","marital","female","count",152
2010,"BVXX068","migration","marital","female","count",848
2010,"BVXX069","migration","marital","female","count",454
2010,"BVXX045","migration","marital","female","count",271
2010,"BVXX046","migration","marital","female","count",960
2010,"BVXX047","migration","marital","female","count",398
2010,"BVXX048","migration","marital","female","count",608
2010,"BVXX049","migration","marital","female","count",616
2010,"BVXX050","migration","marital","female","count",442
2010,"BVXX051","migration","marital","female","count",322
2010,"BVXX052","migration","marital","female","count",132
2010,"BVXX071","migration","marital","female","count",526
2010,"BVXX072","migration","marital","female","count",679
2010,"BVXX073","migration","marital","female","count",734
2010,"BVXX074","migration","marital","female","count",425
2010,"BVXX075","migration","marital","female","count",607
2010,"BVXX028","migration","marital","female","count",147
2010,"BVXX029","migration","marital","female","count",330
2010,"BVXX030","migration","marital","female","count",189
2010,"BVXX031","migration","marital","female","count",434
2010,"BVXX032","migration","marital","female","count",245
2010,"BVXX033","migration","marital","female","count",299
2010,"BVXX034","migration","marital","female","count",631
2010,"BVXX035","migration","marital","female","count",507
2010,"BVXX036","migration","marital","female","count",544
2010,"BVXX037","migration","marital","female","count",648
2010,"BVXX038","migration","marital","female","count",234
2010,"BVXX039","migration","marital","female","count",257
2010,"BVXX040","migration","marital","female","count",274
2010,"BVXX041","migration","marital","female","count",323
2010,"BVXX042","migration","marital","female","count",121
2010,"BVXX043","migration","marital","female","count",524
2010,"BVXX002","migration","marital","female","count",566
2010,"BVXX003","migration","marital","female","count",1077
2010,"BVXX004","migration","marital","female","count",930
2010,"BVXX005","migration","marital","female","count",1209
2010,"BVXX006","migration","marital","female","count",1489
2010,"BVXX007","migration","marital","female","count",1066
2010,"BVXX008","migration","marital","female","count",1793
2010,"BVXX009","migration","marital","female","count",1309
2010,"BVXX010","migration","marital","female","count",906
2010,"BVXX011","migration","marital","female","count",717
2010,"BVXX012","migration","marital","female","count",1064
2010,"BVXX013","migration","marital","female","count",808
2010,"BVXX014","migration","marital","female","count",749
2010,"BVXX015","migration","marital","female","count",651
2010,"BVXX016","migration","marital","female","count",385
2010,"BVXX017","migration","marital","female","count",800
2010,"BVXX018","migration","marital","female","count",1046
2010,"BVXX019","migration","marital","female","count",1089
2010,"BVXX020","migration","marital","female","count",909
2010,"BVXX021","migration","marital","female","count",2039
2010,"BVXX022","migration","marital","female","count",710
2010,"BVXX023","migration","marital","female","count",1073
2010,"BVXX024","migration","marital","female","count",530
2010,"BVXX025","migration","marital","female","count",521
2010,"BVXX026","migration","marital","female","count",1137
2010,"BVXX077","migration","marital","female","count",581
2010,"BVXX078","migration","marital","female","count",365
2010,"BVXX079","migration","marital","female","count",354
2010,"BVXX080","migration","marital","female","count",581
2010,"BVXX081","migration","marital","female","count",534
2010,"BVXX054","migration","marital","female","count",176
2010,"BVXX055","migration","marital","female","count",801
2010,"BVXX056","migration","marital","female","count",1140
2010,"BVXX057","migration","marital","female","count",1095
2010,"BVXX058","migration","marital","female","count",222
2010,"BVXX059","migration","marital","female","count",1415
2010,"BVXX060","migration","marital","female","count",1012
2010,"BVXX061","migration","marital","female","count",493
2010,"BVXX062","migration","marital","female","count",24
2010,"BVXX063","migration","marital","female","count",396
2010,"BVXX199","migration","marital","female","count",159
2010,"BVXX200","migration","marital","female","count",283
2010,"BVXX201","migration","marital","female","count",148
2010,"BVXX202","migration","marital","female","count",413
2010,"BVXX203","migration","marital","female","count",133
2010,"BVXX204","migration","marital","female","count",389
2010,"BVXX205","migration","marital","female","count",209
2010,"BVXX206","migration","marital","female","count",617
2010,"BVXX207","migration","marital","female","count",280
2010,"BVXX208","migration","marital","female","count",208
2010,"BVXX209","migration","marital","female","count",657
2010,"BVXX210","migration","marital","female","count",199
2010,"BVXX211","migration","marital","female","count",690
2010,"BVXX212","migration","marital","female","count",220
2010,"BVXX213","migration","marital","female","count",283
2010,"BVXX214","migration","marital","female","count",181
2010,"BVXX215","migration","marital","female","count",251
2010,"BVXX216","migration","marital","female","count",179
2010,"BVXX217","migration","marital","female","count",159
2010,"BVXX218","migration","marital","female","count",157
2010,"BVXX219","migration","marital","female","count",335
2010,"BVXX220","migration","marital","female","count",340
2010,"BVXX183","migration","marital","female","count",289
2010,"BVXX184","migration","marital","female","count",723
2010,"BVXX185","migration","marital","female","count",364
2010,"BVXX186","migration","marital","female","count",333
2010,"BVXX187","migration","marital","female","count",113
2010,"BVXX188","migration","marital","female","count",227
2010,"BVXX189","migration","marital","female","count",196
2010,"BVXX190","migration","marital","female","count",379
2010,"BVXX191","migration","marital","female","count",990
2010,"BVXX192","migration","marital","female","count",149
2010,"BVXX193","migration","marital","female","count",134
2010,"BVXX194","migration","marital","female","count",564
2010,"BVXX195","migration","marital","female","count",552
2010,"BVXX196","migration","marital","female","count",419
2010,"BVXX197","migration","marital","female","count",162
2010,"BVXX270","migration","marital","female","count",444
2010,"BVXX271","migration","marital","female","count",924
2010,"BVXX164","migration","marital","female","count",50
2010,"BVXX165","migration","marital","female","count",462
2010,"BVXX166","migration","marital","female","count",330
2010,"BVXX167","migration","marital","female","count",448
2010,"BVXX168","migration","marital","female","count",562
2010,"BVXX170","migration","marital","female","count",339
2010,"BVXX171","migration","marital","female","count",346
2010,"BVXX172","migration","marital","female","count",484
2010,"BVXX173","migration","marital","female","count",161
2010,"BVXX174","migration","marital","female","count",843
2010,"BVXX175","migration","marital","female","count",262
2010,"BVXX176","migration","marital","female","count",278
2010,"BVXX177","migration","marital","female","count",692
2010,"BVXX178","migration","marital","female","count",717
2010,"BVXX179","migration","marital","female","count",157
2010,"BVXX180","migration","marital","female","count",189
2010,"BVXX181","migration","marital","female","count",274
2010,"BVXX150","migration","marital","female","count",140
2010,"BVXX151","migration","marital","female","count",132
2010,"BVXX152","migration","marital","female","count",182
2010,"BVXX153","migration","marital","female","count",193
2010,"BVXX154","migration","marital","female","count",244
2010,"BVXX155","migration","marital","female","count",417
2010,"BVXX156","migration","marital","female","count",334
2010,"BVXX157","migration","marital","female","count",123
2010,"BVXX158","migration","marital","female","count",304
2010,"BVXX159","migration","marital","female","count",509
2010,"BVXX160","migration","marital","female","count",399
2010,"BVXX161","migration","marital","female","count",651
2010,"BVXX162","migration","marital","female","count",486
2015,"BVXX131","migration","marital","female","count",382
2015,"BVXX132","migration","marital","female","count",67
2015,"BVXX133","migration","marital","female","count",177
2015,"BVXX134","migration","marital","female","count",204
2015,"BVXX135","migration","marital","female","count",138
2015,"BVXX136","migration","marital","female","count",109
2015,"BVXX137","migration","marital","female","count",94
2015,"BVXX138","migration","marital","female","count",114
2015,"BVXX139","migration","marital","female","count",595
2015,"BVXX140","migration","marital","female","count",85
2015,"BVXX141","migration","marital","female","count",134
2015,"BVXX142","migration","marital","female","count",142
2015,"BVXX143","migration","marital","female","count",547
2015,"BVXX144","migration","marital","female","count",119
2015,"BVXX145","migration","marital","female","count",121
2015,"BVXX146","migration","marital","female","count",195
2015,"BVXX147","migration","marital","female","count",77
2015,"BVXX148","migration","marital","female","count",138
2015,"BVXX00102","migration","marital","female","count",1
2015,"BVXX097","migration","marital","female","count",640
2015,"BVXX098","migration","marital","female","count",638
2015,"BVXX099","migration","marital","female","count",1153
2015,"BVXX129","migration","marital","female","count",0
2015,"BVXX084","migration","marital","female","count",334
2015,"BVXX085","migration","marital","female","count",950
2015,"BVXX086","migration","marital","female","count",535
2015,"BVXX087","migration","marital","female","count",482
2015,"BVXX088","migration","marital","female","count",70
2015,"BVXX089","migration","marital","female","count",745
2015,"BVXX090","migration","marital","female","count",970
2015,"BVXX091","migration","marital","female","count",376
2015,"BVXX092","migration","marital","female","count",651
2015,"BVXX093","migration","marital","female","count",946
2015,"BVXX094","migration","marital","female","count",1341
2015,"BVXX095","migration","marital","female","count",374
2015,"BVXX096","migration","marital","female","count",1
2015,"BVXX100","migration","marital","female","count",455
2015,"BVXX101","migration","marital","female","count",769
2015,"BVXX102","migration","marital","female","count",683
2015,"BVXX103","migration","marital","female","count",939
2015,"BVXX104","migration","marital","female","count",453
2015,"BVXX105","migration","marital","female","count",614
2015,"BVXX106","migration","marital","female","count",835
2015,"BVXX107","migration","marital","female","count",2185
2015,"BVXX108","migration","marital","female","count",2548
2015,"BVXX109","migration","marital","female","count",1329
2015,"BVXX110","migration","marital","female","count",628
2015,"BVXX111","migration","marital","female","count",484
2015,"BVXX112","migration","marital","female","count",523
2015,"BVXX113","migration","marital","female","count",677
2015,"BVXX114","migration","marital","female","count",283
2015,"BVXX115","migration","marital","female","count",0
2015,"BVXX1151","migration","marital","female","count",316
2015,"BVXX116","migration","marital","female","count",136
2015,"BVXX117","migration","marital","female","count",755
2015,"BVXX118","migration","marital","female","count",594
2015,"BVXX119","migration","marital","female","count",312
2015,"BVXX120","migration","marital","female","count",630
2015,"BVXX121","migration","marital","female","count",271
2015,"BVXX122","migration","marital","female","count",885
2015,"BVXX123","migration","marital","female","count",612
2015,"BVXX124","migration","marital","female","count",1133
2015,"BVXX125","migration","marital","female","count",1642
2015,"BVXX126","migration","marital","female","count",684
2015,"BVXX127","migration","marital","female","count",319
2015,"BVXX128","migration","marital","female","count",1888
2015,"BVXX258","migration","marital","female","count",0
2015,"BVXX247","migration","marital","female","count",792
2015,"BVXX248","migration","marital","female","count",155
2015,"BVXX249","migration","marital","female","count",233
2015,"BVXX250","migration","marital","female","count",1384
2015,"BVXX251","migration","marital","female","count",120
2015,"BVXX252","migration","marital","female","count",299
2015,"BVXX253","migration","marital","female","count",322
2015,"BVXX254","migration","marital","female","count",109
2015,"BVXX255","migration","marital","female","count",770
2015,"BVXX256","migration","marital","female","count",103
2015,"BVXX257","migration","marital","female","count",688
2015,"BVXX258","migration","marital","female","count",216
2015,"BVXX259","migration","marital","female","count",390
2015,"BVXX260","migration","marital","female","count",486
2015,"BVXX261","migration","marital","female","count",435
2015,"BVXX262","migration","marital","female","count",629
2015,"BVXX263","migration","marital","female","count",451
2015,"BVXX264","migration","marital","female","count",474
2015,"BVXX265","migration","marital","female","count",185
2015,"BVXX266","migration","marital","female","count",280
2015,"BVXX267","migration","marital","female","count",149
2015,"BVXX268","migration","marital","female","count",150
2015,"BVXX222","migration","marital","female","count",618
2015,"BVXX223","migration","marital","female","count",762
2015,"BVXX224","migration","marital","female","count",140
2015,"BVXX225","migration","marital","female","count",899
2015,"BVXX226","migration","marital","female","count",74
2015,"BVXX227","migration","marital","female","count",333
2015,"BVXX228","migration","marital","female","count",194
2015,"BVXX229","migration","marital","female","count",135
2015,"BVXX230","migration","marital","female","count",325
2015,"BVXX231","migration","marital","female","count",181
2015,"BVXX232","migration","marital","female","count",410
2015,"BVXX233","migration","marital","female","count",137
2015,"BVXX234","migration","marital","female","count",97
2015,"BVXX235","migration","marital","female","count",282
2015,"BVXX236","migration","marital","female","count",318
2015,"BVXX237","migration","marital","female","count",167
2015,"BVXX238","migration","marital","female","count",14
2015,"BVXX239","migration","marital","female","count",124
2015,"BVXX240","migration","marital","female","count",179
2015,"BVXX241","migration","marital","female","count",139
2015,"BVXX242","migration","marital","female","count",102
2015,"BVXX243","migration","marital","female","count",418
2015,"BVXX244","migration","marital","female","count",547
2015,"BVXX245","migration","marital","female","count",479
2015,"BVXX065","migration","marital","female","count",1157
2015,"BVXX066","migration","marital","female","count",378
2015,"BVXX067","migration","marital","female","count",153
2015,"BVXX068","migration","marital","female","count",851
2015,"BVXX069","migration","marital","female","count",454
2015,"BVXX045","migration","marital","female","count",275
2015,"BVXX046","migration","marital","female","count",1129
2015,"BVXX047","migration","marital","female","count",479
2015,"BVXX048","migration","marital","female","count",580
2015,"BVXX049","migration","marital","female","count",696
2015,"BVXX050","migration","marital","female","count",595
2015,"BVXX051","migration","marital","female","count",374
2015,"BVXX052","migration","marital","female","count",135
2015,"BVXX071","migration","marital","female","count",587
2015,"BVXX072","migration","marital","female","count",651
2015,"BVXX073","migration","marital","female","count",775
2015,"BVXX074","migration","marital","female","count",501
2015,"BVXX075","migration","marital","female","count",592
2015,"BVXX028","migration","marital","female","count",210
2015,"BVXX029","migration","marital","female","count",344
2015,"BVXX030","migration","marital","female","count",324
2015,"BVXX031","migration","marital","female","count",421
2015,"BVXX032","migration","marital","female","count",243
2015,"BVXX033","migration","marital","female","count",293
2015,"BVXX034","migration","marital","female","count",648
2015,"BVXX035","migration","marital","female","count",439
2015,"BVXX036","migration","marital","female","count",657
2015,"BVXX037","migration","marital","female","count",735
2015,"BVXX038","migration","marital","female","count",220
2015,"BVXX039","migration","marital","female","count",256
2015,"BVXX040","migration","marital","female","count",257
2015,"BVXX041","migration","marital","female","count",298
2015,"BVXX042","migration","marital","female","count",126
2015,"BVXX043","migration","marital","female","count",528
2015,"BVXX002","migration","marital","female","count",566
2015,"BVXX003","migration","marital","female","count",795
2015,"BVXX004","migration","marital","female","count",780
2015,"BVXX005","migration","marital","female","count",1166
2015,"BVXX006","migration","marital","female","count",1227
2015,"BVXX007","migration","marital","female","count",842
2015,"BVXX008","migration","marital","female","count",1567
2015,"BVXX009","migration","marital","female","count",1060
2015,"BVXX010","migration","marital","female","count",772
2015,"BVXX011","migration","marital","female","count",525
2015,"BVXX012","migration","marital","female","count",909
2015,"BVXX013","migration","marital","female","count",706
2015,"BVXX014","migration","marital","female","count",746
2015,"BVXX015","migration","marital","female","count",591
2015,"BVXX016","migration","marital","female","count",424
2015,"BVXX017","migration","marital","female","count",660
2015,"BVXX018","migration","marital","female","count",882
2015,"BVXX019","migration","marital","female","count",849
2015,"BVXX020","migration","marital","female","count",788
2015,"BVXX021","migration","marital","female","count",1548
2015,"BVXX022","migration","marital","female","count",636
2015,"BVXX023","migration","marital","female","count",973
2015,"BVXX024","migration","marital","female","count",428
2015,"BVXX025","migration","marital","female","count",397
2015,"BVXX026","migration","marital","female","count",973
2015,"BVXX082","migration","marital","female","count",456
2015,"BVXX077","migration","marital","female","count",671
2015,"BVXX078","migration","marital","female","count",483
2015,"BVXX079","migration","marital","female","count",437
2015,"BVXX080","migration","marital","female","count",679
2015,"BVXX081","migration","marital","female","count",563
2015,"BVXX054","migration","marital","female","count",167
2015,"BVXX055","migration","marital","female","count",805
2015,"BVXX056","migration","marital","female","count",1141
2015,"BVXX057","migration","marital","female","count",1321
2015,"BVXX058","migration","marital","female","count",173
2015,"BVXX059","migration","marital","female","count",1535
2015,"BVXX060","migration","marital","female","count",1320
2015,"BVXX061","migration","marital","female","count",632
2015,"BVXX062","migration","marital","female","count",34
2015,"BVXX063","migration","marital","female","count",481
2015,"BVXX199","migration","marital","female","count",149
2015,"BVXX200","migration","marital","female","count",217
2015,"BVXX201","migration","marital","female","count",124
2015,"BVXX202","migration","marital","female","count",484
2015,"BVXX203","migration","marital","female","count",113
2015,"BVXX204","migration","marital","female","count",383
2015,"BVXX205","migration","marital","female","count",177
2015,"BVXX206","migration","marital","female","count",651
2015,"BVXX207","migration","marital","female","count",297
2015,"BVXX208","migration","marital","female","count",170
2015,"BVXX209","migration","marital","female","count",595
2015,"BVXX210","migration","marital","female","count",178
2015,"BVXX211","migration","marital","female","count",821
2015,"BVXX212","migration","marital","female","count",215
2015,"BVXX213","migration","marital","female","count",350
2015,"BVXX214","migration","marital","female","count",219
2015,"BVXX215","migration","marital","female","count",224
2015,"BVXX216","migration","marital","female","count",193
2015,"BVXX217","migration","marital","female","count",144
2015,"BVXX218","migration","marital","female","count",163
2015,"BVXX219","migration","marital","female","count",353
2015,"BVXX220","migration","marital","female","count",288
2015,"BVXX183","migration","marital","female","count",292
2015,"BVXX184","migration","marital","female","count",858
2015,"BVXX185","migration","marital","female","count",336
2015,"BVXX186","migration","marital","female","count",348
2015,"BVXX187","migration","marital","female","count",113
2015,"BVXX188","migration","marital","female","count",237
2015,"BVXX189","migration","marital","female","count",155
2015,"BVXX190","migration","marital","female","count",367
2015,"BVXX191","migration","marital","female","count",896
2015,"BVXX192","migration","marital","female","count",129
2015,"BVXX193","migration","marital","female","count",131
2015,"BVXX194","migration","marital","female","count",585
2015,"BVXX195","migration","marital","female","count",637
2015,"BVXX196","migration","marital","female","count",424
2015,"BVXX197","migration","marital","female","count",123
2015,"BVXX270","migration","marital","female","count",597
2015,"BVXX271","migration","marital","female","count",1307
2015,"BVXX164","migration","marital","female","count",56
2015,"BVXX165","migration","marital","female","count",402
2015,"BVXX166","migration","marital","female","count",312
2015,"BVXX167","migration","marital","female","count",477
2015,"BVXX169","migration","marital","female","count",674
2015,"BVXX170","migration","marital","female","count",353
2015,"BVXX171","migration","marital","female","count",345
2015,"BVXX172","migration","marital","female","count",567
2015,"BVXX173","migration","marital","female","count",198
2015,"BVXX174","migration","marital","female","count",1078
2015,"BVXX175","migration","marital","female","count",0
2015,"BVXX176","migration","marital","female","count",312
2015,"BVXX177","migration","marital","female","count",840
2015,"BVXX178","migration","marital","female","count",940
2015,"BVXX179","migration","marital","female","count",150
2015,"BVXX180","migration","marital","female","count",224
2015,"BVXX181","migration","marital","female","count",288
2015,"BVXX150","migration","marital","female","count",134
2015,"BVXX151","migration","marital","female","count",87
2015,"BVXX152","migration","marital","female","count",142
2015,"BVXX153","migration","marital","female","count",174
2015,"BVXX154","migration","marital","female","count",198
2015,"BVXX155","migration","marital","female","count",520
2015,"BVXX156","migration","marital","female","count",334
2015,"BVXX157","migration","marital","female","count",164
2015,"BVXX158","migration","marital","female","count",356
2015,"BVXX159","migration","marital","female","count",27
2015,"BVXX160","migration","marital","female","count",328
2015,"BVXX160","migration","marital","female","count",337
2015,"BVXX160","migration","marital","female","count",439
2015,"BVXX161","migration","marital","female","count",537
2015,"BVXX162","migration","marital","female","count",539
2015,"BVXX0272","migration","marital","female","count",0
2020,"BVXX131","migration","marital","female","count",427
2020,"BVXX132","migration","marital","female","count",60
2020,"BVXX133","migration","marital","female","count",213
2020,"BVXX134","migration","marital","female","count",167
2020,"BVXX135","migration","marital","female","count",184
2020,"BVXX136","migration","marital","female","count",91
2020,"BVXX137","migration","marital","female","count",88
2020,"BVXX138","migration","marital","female","count",97
2020,"BVXX139","migration","marital","female","count",679
2020,"BVXX140","migration","marital","female","count",71
2020,"BVXX141","migration","marital","female","count",134
2020,"BVXX142","migration","marital","female","count",115
2020,"BVXX143","migration","marital","female","count",568
2020,"BVXX144","migration","marital","female","count",100
2020,"BVXX145","migration","marital","female","count",128
2020,"BVXX146","migration","marital","female","count",188
2020,"BVXX147","migration","marital","female","count",82
2020,"BVXX148","migration","marital","female","count",134
2020,"BVXX084","migration","marital","female","count",355
2020,"BVXX085","migration","marital","female","count",1003
2020,"BVXX086","migration","marital","female","count",617
2020,"BVXX087","migration","marital","female","count",576
2020,"BVXX088","migration","marital","female","count",45
2020,"BVXX089","migration","marital","female","count",647
2020,"BVXX090","migration","marital","female","count",1261
2020,"BVXX091","migration","marital","female","count",368
2020,"BVXX092","migration","marital","female","count",777
2020,"BVXX093","migration","marital","female","count",1469
2020,"BVXX094","migration","marital","female","count",1557
2020,"BVXX095","migration","marital","female","count",361
2020,"BVXX096","migration","marital","female","count",2736
2020,"BVXX100","migration","marital","female","count",481
2020,"BVXX101","migration","marital","female","count",736
2020,"BVXX102","migration","marital","female","count",603
2020,"BVXX103","migration","marital","female","count",1142
2020,"BVXX104","migration","marital","female","count",567
2020,"BVXX105","migration","marital","female","count",594
2020,"BVXX106","migration","marital","female","count",777
2020,"BVXX107","migration","marital","female","count",2945
2020,"BVXX108","migration","marital","female","count",2387
2020,"BVXX109","migration","marital","female","count",1348
2020,"BVXX110","migration","marital","female","count",803
2020,"BVXX111","migration","marital","female","count",370
2020,"BVXX112","migration","marital","female","count",542
2020,"BVXX113","migration","marital","female","count",779
2020,"BVXX114","migration","marital","female","count",288
2020,"BVXX1151","migration","marital","female","count",375
2020,"BVXX116","migration","marital","female","count",117
2020,"BVXX117","migration","marital","female","count",1121
2020,"BVXX118","migration","marital","female","count",746
2020,"BVXX119","migration","marital","female","count",381
2020,"BVXX120","migration","marital","female","count",807
2020,"BVXX121","migration","marital","female","count",266
2020,"BVXX122","migration","marital","female","count",994
2020,"BVXX123","migration","marital","female","count",715
2020,"BVXX124","migration","marital","female","count",1355
2020,"BVXX125","migration","marital","female","count",2376
2020,"BVXX126","migration","marital","female","count",725
2020,"BVXX127","migration","marital","female","count",469
2020,"BVXX128","migration","marital","female","count",3016
2020,"BVXX247","migration","marital","female","count",755
2020,"BVXX248","migration","marital","female","count",167
2020,"BVXX249","migration","marital","female","count",179
2020,"BVXX250","migration","marital","female","count",1685
2020,"BVXX251","migration","marital","female","count",92
2020,"BVXX252","migration","marital","female","count",302
2020,"BVXX253","migration","marital","female","count",332
2020,"BVXX254","migration","marital","female","count",95
2020,"BVXX255","migration","marital","female","count",966
2020,"BVXX256","migration","marital","female","count",86
2020,"BVXX257","migration","marital","female","count",758
2020,"BVXX258","migration","marital","female","count",231
2020,"BVXX259","migration","marital","female","count",379
2020,"BVXX260","migration","marital","female","count",397
2020,"BVXX261","migration","marital","female","count",476
2020,"BVXX262","migration","marital","female","count",659
2020,"BVXX263","migration","marital","female","count",550
2020,"BVXX264","migration","marital","female","count",386
2020,"BVXX265","migration","marital","female","count",137
2020,"BVXX266","migration","marital","female","count",268
2020,"BVXX267","migration","marital","female","count",131
2020,"BVXX268","migration","marital","female","count",141
2020,"BVXX222","migration","marital","female","count",696
2020,"BVXX223","migration","marital","female","count",863
2020,"BVXX224","migration","marital","female","count",113
2020,"BVXX225","migration","marital","female","count",939
2020,"BVXX226","migration","marital","female","count",78
2020,"BVXX227","migration","marital","female","count",336
2020,"BVXX228","migration","marital","female","count",181
2020,"BVXX229","migration","marital","female","count",144
2020,"BVXX230","migration","marital","female","count",296
2020,"BVXX231","migration","marital","female","count",162
2020,"BVXX232","migration","marital","female","count",378
2020,"BVXX233","migration","marital","female","count",114
2020,"BVXX234","migration","marital","female","count",94
2020,"BVXX235","migration","marital","female","count",266
2020,"BVXX236","migration","marital","female","count",348
2020,"BVXX237","migration","marital","female","count",185
2020,"BVXX238","migration","marital","female","count",11
2020,"BVXX239","migration","marital","female","count",115
2020,"BVXX240","migration","marital","female","count",153
2020,"BVXX241","migration","marital","female","count",114
2020,"BVXX242","migration","marital","female","count",86
2020,"BVXX243","migration","marital","female","count",458
2020,"BVXX244","migration","marital","female","count",554
2020,"BVXX245","migration","marital","female","count",469
2020,"BVXX065","migration","marital","female","count",1371
2020,"BVXX066","migration","marital","female","count",377
2020,"BVXX067","migration","marital","female","count",128
2020,"BVXX068","migration","marital","female","count",884
2020,"BVXX069","migration","marital","female","count",452
2020,"BVXX045","migration","marital","female","count",254
2020,"BVXX046","migration","marital","female","count",1181
2020,"BVXX047","migration","marital","female","count",791
2020,"BVXX048","migration","marital","female","count",674
2020,"BVXX049","migration","marital","female","count",784
2020,"BVXX050","migration","marital","female","count",518
2020,"BVXX051","migration","marital","female","count",374
2020,"BVXX052","migration","marital","female","count",103
2020,"BVXX071","migration","marital","female","count",506
2020,"BVXX072","migration","marital","female","count",595
2020,"BVXX073","migration","marital","female","count",797
2020,"BVXX074","migration","marital","female","count",588
2020,"BVXX075","migration","marital","female","count",519
2020,"BVXX028","migration","marital","female","count",322
2020,"BVXX029","migration","marital","female","count",347
2020,"BVXX030","migration","marital","female","count",347
2020,"BVXX031","migration","marital","female","count",402
2020,"BVXX032","migration","marital","female","count",225
2020,"BVXX033","migration","marital","female","count",345
2020,"BVXX034","migration","marital","female","count",606
2020,"BVXX035","migration","marital","female","count",471
2020,"BVXX036","migration","marital","female","count",639
2020,"BVXX037","migration","marital","female","count",747
2020,"BVXX038","migration","marital","female","count",189
2020,"BVXX039","migration","marital","female","count",276
2020,"BVXX040","migration","marital","female","count",295
2020,"BVXX041","migration","marital","female","count",241
2020,"BVXX042","migration","marital","female","count",121
2020,"BVXX043","migration","marital","female","count",582
2020,"BVXX002","migration","marital","female","count",529
2020,"BVXX003","migration","marital","female","count",784
2020,"BVXX004","migration","marital","female","count",769
2020,"BVXX005","migration","marital","female","count",1239
2020,"BVXX006","migration","marital","female","count",1125
2020,"BVXX007","migration","marital","female","count",797
2020,"BVXX008","migration","marital","female","count",1559
2020,"BVXX009","migration","marital","female","count",1049
2020,"BVXX010","migration","marital","female","count",759
2020,"BVXX011","migration","marital","female","count",577
2020,"BVXX012","migration","marital","female","count",823
2020,"BVXX013","migration","marital","female","count",631
2020,"BVXX014","migration","marital","female","count",721
2020,"BVXX015","migration","marital","female","count",608
2020,"BVXX016","migration","marital","female","count",432
2020,"BVXX017","migration","marital","female","count",653
2020,"BVXX018","migration","marital","female","count",782
2020,"BVXX019","migration","marital","female","count",918
2020,"BVXX020","migration","marital","female","count",766
2020,"BVXX021","migration","marital","female","count",1330
2020,"BVXX022","migration","marital","female","count",583
2020,"BVXX023","migration","marital","female","count",985
2020,"BVXX024","migration","marital","female","count",371
2020,"BVXX025","migration","marital","female","count",402
2020,"BVXX026","migration","marital","female","count",939
2020,"BVXX082","migration","marital","female","count",684
2020,"BVXX077","migration","marital","female","count",678
2020,"BVXX078","migration","marital","female","count",460
2020,"BVXX079","migration","marital","female","count",556
2020,"BVXX080","migration","marital","female","count",687
2020,"BVXX081","migration","marital","female","count",529
2020,"BVXX054","migration","marital","female","count",149
2020,"BVXX055","migration","marital","female","count",784
2020,"BVXX057","migration","marital","female","count",1533
2020,"BVXX058","migration","marital","female","count",174
2020,"BVXX056","migration","marital","female","count",1320
2020,"BVXX059","migration","marital","female","count",1713
2020,"BVXX060","migration","marital","female","count",1618
2020,"BVXX061","migration","marital","female","count",895
2020,"BVXX062","migration","marital","female","count",31
2020,"BVXX063","migration","marital","female","count",632
2020,"BVXX199","migration","marital","female","count",138
2020,"BVXX200","migration","marital","female","count",219
2020,"BVXX201","migration","marital","female","count",110
2020,"BVXX202","migration","marital","female","count",529
2020,"BVXX203","migration","marital","female","count",87
2020,"BVXX204","migration","marital","female","count",408
2020,"BVXX205","migration","marital","female","count",164
2020,"BVXX206","migration","marital","female","count",632
2020,"BVXX207","migration","marital","female","count",293
2020,"BVXX208","migration","marital","female","count",149
2020,"BVXX209","migration","marital","female","count",596
2020,"BVXX210","migration","marital","female","count",162
2020,"BVXX211","migration","marital","female","count",835
2020,"BVXX212","migration","marital","female","count",213
2020,"BVXX213","migration","marital","female","count",363
2020,"BVXX214","migration","marital","female","count",229
2020,"BVXX215","migration","marital","female","count",199
2020,"BVXX216","migration","marital","female","count",157
2020,"BVXX217","migration","marital","female","count",156
2020,"BVXX218","migration","marital","female","count",142
2020,"BVXX219","migration","marital","female","count",327
2020,"BVXX220","migration","marital","female","count",259
2020,"BVXX183","migration","marital","female","count",238
2020,"BVXX184","migration","marital","female","count",909
2020,"BVXX185","migration","marital","female","count",307
2020,"BVXX186","migration","marital","female","count",347
2020,"BVXX187","migration","marital","female","count",115
2020,"BVXX188","migration","marital","female","count",212
2020,"BVXX189","migration","marital","female","count",141
2020,"BVXX190","migration","marital","female","count",344
2020,"BVXX191","migration","marital","female","count",890
2020,"BVXX192","migration","marital","female","count",118
2020,"BVXX193","migration","marital","female","count",107
2020,"BVXX194","migration","marital","female","count",694
2020,"BVXX195","migration","marital","female","count",623
2020,"BVXX196","migration","marital","female","count",406
2020,"BVXX197","migration","marital","female","count",131
2020,"BVXX270","migration","marital","female","count",693
2020,"BVXX271","migration","marital","female","count",1711
2020,"BVXX164","migration","marital","female","count",52
2020,"BVXX165","migration","marital","female","count",363
2020,"BVXX166","migration","marital","female","count",244
2020,"BVXX167","migration","marital","female","count",442
2020,"BVXX169","migration","marital","female","count",786
2020,"BVXX170","migration","marital","female","count",335
2020,"BVXX171","migration","marital","female","count",275
2020,"BVXX172","migration","marital","female","count",616
2020,"BVXX173","migration","marital","female","count",184
2020,"BVXX174","migration","marital","female","count",1406
2020,"BVXX176","migration","marital","female","count",291
2020,"BVXX177","migration","marital","female","count",927
2020,"BVXX178","migration","marital","female","count",1214
2020,"BVXX179","migration","marital","female","count",152
2020,"BVXX180","migration","marital","female","count",210
2020,"BVXX181","migration","marital","female","count",329
2020,"BVXX150","migration","marital","female","count",135
2020,"BVXX151","migration","marital","female","count",87
2020,"BVXX152","migration","marital","female","count",144
2020,"BVXX153","migration","marital","female","count",182
2020,"BVXX154","migration","marital","female","count",161
2020,"BVXX155","migration","marital","female","count",590
2020,"BVXX156","migration","marital","female","count",355
2020,"BVXX157","migration","marital","female","count",203
2020,"BVXX158","migration","marital","female","count",457
2020,"BVXX160","migration","marital","female","count",413
2020,"BVXX160","migration","marital","female","count",368
2020,"BVXX160","migration","marital","female","count",481
2020,"BVXX161","migration","marital","female","count",677
2020,"BVXX162","migration","marital","female","count",606
