"year","sggcd","type","class1","class2","unit","value"
2010,"4200002","environment","organic_matter","discharge","kg_day",4068
2010,"4200003","environment","organic_matter","discharge","kg_day",139
2010,"4200004","environment","organic_matter","discharge","kg_day",869
2010,"4200005","environment","organic_matter","discharge","kg_day",102
2010,"4200006","environment","organic_matter","discharge","kg_day",395
2010,"4200007","environment","organic_matter","discharge","kg_day",64
2010,"4200008","environment","organic_matter","discharge","kg_day",76
2010,"4200009","environment","organic_matter","discharge","kg_day",81
2010,"4200010","environment","organic_matter","discharge","kg_day",81
2010,"4200011","environment","organic_matter","discharge","kg_day",57
2010,"4200012","environment","organic_matter","discharge","kg_day",96
2010,"4200013","environment","organic_matter","discharge","kg_day",109
2010,"4200014","environment","organic_matter","discharge","kg_day",54
2010,"4200015","environment","organic_matter","discharge","kg_day",56
2010,"4200016","environment","organic_matter","discharge","kg_day",87
2010,"4200017","environment","organic_matter","discharge","kg_day",85
2010,"4200018","environment","organic_matter","discharge","kg_day",190
2010,"4200019","environment","organic_matter","discharge","kg_day",129
2010,"4200020","environment","organic_matter","discharge","kg_day",228
2010,"4200021","environment","organic_matter","discharge","kg_day",282
2010,"4200022","environment","organic_matter","discharge","kg_day",45
2010,"4200023","environment","organic_matter","discharge","kg_day",66
2010,"4200024","environment","organic_matter","discharge","kg_day",174
2010,"4200025","environment","organic_matter","discharge","kg_day",267
2010,"4200026","environment","organic_matter","discharge","kg_day",191
2010,"4200027","environment","organic_matter","discharge","kg_day",145
2010,"4200029","environment","organic_matter","discharge","kg_day",2210
2010,"4200030","environment","organic_matter","discharge","kg_day",7
2010,"4200031","environment","organic_matter","discharge","kg_day",53
2010,"4200032","environment","organic_matter","discharge","kg_day",26
2010,"4200033","environment","organic_matter","discharge","kg_day",62
2010,"4200034","environment","organic_matter","discharge","kg_day",90
2010,"4200035","environment","organic_matter","discharge","kg_day",60
2010,"4200036","environment","organic_matter","discharge","kg_day",98
2010,"4200037","environment","organic_matter","discharge","kg_day",55
2010,"4200038","environment","organic_matter","discharge","kg_day",97
2010,"4200039","environment","organic_matter","discharge","kg_day",477
2010,"4200040","environment","organic_matter","discharge","kg_day",111
2010,"4200041","environment","organic_matter","discharge","kg_day",314
2010,"4200042","environment","organic_matter","discharge","kg_day",49
2010,"4200043","environment","organic_matter","discharge","kg_day",49
2010,"4200044","environment","organic_matter","discharge","kg_day",523
2010,"4200045","environment","organic_matter","discharge","kg_day",139
2010,"4200047","environment","organic_matter","discharge","kg_day",2286
2010,"4200048","environment","organic_matter","discharge","kg_day",31
2010,"4200049","environment","organic_matter","discharge","kg_day",165
2010,"4200050","environment","organic_matter","discharge","kg_day",415
2010,"4200051","environment","organic_matter","discharge","kg_day",58
2010,"4200052","environment","organic_matter","discharge","kg_day",581
2010,"4200053","environment","organic_matter","discharge","kg_day",147
2010,"4200054","environment","organic_matter","discharge","kg_day",623
2010,"4200055","environment","organic_matter","discharge","kg_day",266
2010,"4200057","environment","organic_matter","discharge","kg_day",2870
2010,"4200058","environment","organic_matter","discharge","kg_day",133
2010,"4200059","environment","organic_matter","discharge","kg_day",55
2010,"4200060","environment","organic_matter","discharge","kg_day",250
2010,"4200061","environment","organic_matter","discharge","kg_day",70
2010,"4200062","environment","organic_matter","discharge","kg_day",1035
2010,"4200063","environment","organic_matter","discharge","kg_day",329
2010,"4200064","environment","organic_matter","discharge","kg_day",120
2010,"4200065","environment","organic_matter","discharge","kg_day",805
2010,"4200066","environment","organic_matter","discharge","kg_day",47
2010,"4200067","environment","organic_matter","discharge","kg_day",26
2010,"4200069","environment","organic_matter","discharge","kg_day",1106
2010,"4200070","environment","organic_matter","discharge","kg_day",72
2010,"4200071","environment","organic_matter","discharge","kg_day",161
2010,"4200072","environment","organic_matter","discharge","kg_day",106
2010,"4200073","environment","organic_matter","discharge","kg_day",285
2010,"4200074","environment","organic_matter","discharge","kg_day",482
2010,"4200076","environment","organic_matter","discharge","kg_day",1056
2010,"4200077","environment","organic_matter","discharge","kg_day",154
2010,"4200078","environment","organic_matter","discharge","kg_day",146
2010,"4200079","environment","organic_matter","discharge","kg_day",161
2010,"4200080","environment","organic_matter","discharge","kg_day",225
2010,"4200081","environment","organic_matter","discharge","kg_day",370
2010,"4200083","environment","organic_matter","discharge","kg_day",922
2010,"4200084","environment","organic_matter","discharge","kg_day",61
2010,"4200085","environment","organic_matter","discharge","kg_day",343
2010,"4200086","environment","organic_matter","discharge","kg_day",38
2010,"4200087","environment","organic_matter","discharge","kg_day",115
2010,"4200088","environment","organic_matter","discharge","kg_day",365
2010,"4200092","environment","organic_matter","discharge","kg_day",13731
2010,"4200093","environment","organic_matter","discharge","kg_day",101
2010,"4200094","environment","organic_matter","discharge","kg_day",195
2010,"4200095","environment","organic_matter","discharge","kg_day",64
2010,"4200096","environment","organic_matter","discharge","kg_day",126
2010,"4200098","environment","organic_matter","discharge","kg_day",53
2010,"4200099","environment","organic_matter","discharge","kg_day",196
2010,"4200100","environment","organic_matter","discharge","kg_day",90
2010,"4200101","environment","organic_matter","discharge","kg_day",169
2010,"4200102","environment","organic_matter","discharge","kg_day",109
2010,"4200103","environment","organic_matter","discharge","kg_day",139
2010,"4200104","environment","organic_matter","discharge","kg_day",302
2010,"4200105","environment","organic_matter","discharge","kg_day",61
2010,"4200106","environment","organic_matter","discharge","kg_day",351
2010,"4200108","environment","organic_matter","discharge","kg_day",66
2010,"4200109","environment","organic_matter","discharge","kg_day",623
2010,"4200110","environment","organic_matter","discharge","kg_day",144
2010,"4200112","environment","organic_matter","discharge","kg_day",1415
2010,"4200113","environment","organic_matter","discharge","kg_day",160
2010,"4200115","environment","organic_matter","discharge","kg_day",161
2010,"4200117","environment","organic_matter","discharge","kg_day",240
2010,"4200118","environment","organic_matter","discharge","kg_day",105
2010,"4200119","environment","organic_matter","discharge","kg_day",18
2010,"4200120","environment","organic_matter","discharge","kg_day",77
2010,"4200121","environment","organic_matter","discharge","kg_day",416
2010,"4200122","environment","organic_matter","discharge","kg_day",96
2010,"4200123","environment","organic_matter","discharge","kg_day",756
2010,"4200124","environment","organic_matter","discharge","kg_day",135
2010,"4200125","environment","organic_matter","discharge","kg_day",90
2010,"4200126","environment","organic_matter","discharge","kg_day",79
2010,"4200128","environment","organic_matter","discharge","kg_day",467
2010,"4200129","environment","organic_matter","discharge","kg_day",238
2010,"4200130","environment","organic_matter","discharge","kg_day",67
2010,"4200132","environment","organic_matter","discharge","kg_day",696
2010,"4200134","environment","organic_matter","discharge","kg_day",337
2010,"4200136","environment","organic_matter","discharge","kg_day",549
2010,"4200138","environment","organic_matter","discharge","kg_day",666
2010,"4200140","environment","organic_matter","discharge","kg_day",1646
2010,"4200142","environment","organic_matter","discharge","kg_day",415
2010,"4200144","environment","organic_matter","discharge","kg_day",693
2010,"4200146","environment","organic_matter","discharge","kg_day",855
2010,"4200148","environment","organic_matter","discharge","kg_day",228
2010,"4200149","environment","organic_matter","discharge","kg_day",139
2010,"4200150","environment","organic_matter","discharge","kg_day",104
2010,"4200151","environment","organic_matter","discharge","kg_day",94
2010,"4200155","environment","organic_matter","discharge","kg_day",1961
2010,"4200156","environment","organic_matter","discharge","kg_day",222
2010,"4200157","environment","organic_matter","discharge","kg_day",263
2010,"4200158","environment","organic_matter","discharge","kg_day",274
2010,"4200159","environment","organic_matter","discharge","kg_day",107
2010,"4200160","environment","organic_matter","discharge","kg_day",61
2010,"4200161","environment","organic_matter","discharge","kg_day",69
2010,"4200162","environment","organic_matter","discharge","kg_day",102
2010,"4200163","environment","organic_matter","discharge","kg_day",145
2010,"4200164","environment","organic_matter","discharge","kg_day",59
2010,"4200165","environment","organic_matter","discharge","kg_day",66
2010,"4200166","environment","organic_matter","discharge","kg_day",63
2010,"4200167","environment","organic_matter","discharge","kg_day",75
2010,"4200168","environment","organic_matter","discharge","kg_day",107
2010,"4200169","environment","organic_matter","discharge","kg_day",66
2010,"4200170","environment","organic_matter","discharge","kg_day",50
2010,"4200171","environment","organic_matter","discharge","kg_day",95
2010,"4200172","environment","organic_matter","discharge","kg_day",69
2010,"4200173","environment","organic_matter","discharge","kg_day",68
2010,"4200175","environment","organic_matter","discharge","kg_day",2380
2010,"4200176","environment","organic_matter","discharge","kg_day",113
2010,"4200177","environment","organic_matter","discharge","kg_day",237
2010,"4200180","environment","organic_matter","discharge","kg_day",264
2010,"4200181","environment","organic_matter","discharge","kg_day",140
2010,"4200182","environment","organic_matter","discharge","kg_day",491
2010,"4200183","environment","organic_matter","discharge","kg_day",67
2010,"4200184","environment","organic_matter","discharge","kg_day",106
2010,"4200185","environment","organic_matter","discharge","kg_day",53
2010,"4200186","environment","organic_matter","discharge","kg_day",48
2010,"4200188","environment","organic_matter","discharge","kg_day",321
2010,"4200189","environment","organic_matter","discharge","kg_day",78
2010,"4200190","environment","organic_matter","discharge","kg_day",402
2010,"4200191","environment","organic_matter","discharge","kg_day",60
2010,"4200193","environment","organic_matter","discharge","kg_day",2914
2010,"4200196","environment","organic_matter","discharge","kg_day",288
2010,"4200197","environment","organic_matter","discharge","kg_day",399
2010,"4200199","environment","organic_matter","discharge","kg_day",178
2010,"4200200","environment","organic_matter","discharge","kg_day",175
2010,"4200201","environment","organic_matter","discharge","kg_day",447
2010,"4200202","environment","organic_matter","discharge","kg_day",147
2010,"4200203","environment","organic_matter","discharge","kg_day",203
2010,"4200205","environment","organic_matter","discharge","kg_day",25
2010,"4200207","environment","organic_matter","discharge","kg_day",232
2010,"4200208","environment","organic_matter","discharge","kg_day",203
2010,"4200209","environment","organic_matter","discharge","kg_day",78
2010,"4200210","environment","organic_matter","discharge","kg_day",62
2010,"4200211","environment","organic_matter","discharge","kg_day",44
2010,"4200212","environment","organic_matter","discharge","kg_day",78
2010,"4200213","environment","organic_matter","discharge","kg_day",111
2010,"4200214","environment","organic_matter","discharge","kg_day",40
2010,"4200215","environment","organic_matter","discharge","kg_day",204
2010,"4200218","environment","organic_matter","discharge","kg_day",2241
2010,"4200219","environment","organic_matter","discharge","kg_day",147
2010,"4200220","environment","organic_matter","discharge","kg_day",288
2010,"4200221","environment","organic_matter","discharge","kg_day",340
2010,"4200222","environment","organic_matter","discharge","kg_day",526
2010,"4200224","environment","organic_matter","discharge","kg_day",145
2010,"4200225","environment","organic_matter","discharge","kg_day",121
2010,"4200226","environment","organic_matter","discharge","kg_day",152
2010,"4200227","environment","organic_matter","discharge","kg_day",171
2010,"4200228","environment","organic_matter","discharge","kg_day",67
2010,"4200229","environment","organic_matter","discharge","kg_day",28
2010,"4200230","environment","organic_matter","discharge","kg_day",21
2010,"4200231","environment","organic_matter","discharge","kg_day",51
2010,"4200232","environment","organic_matter","discharge","kg_day",74
2010,"4200233","environment","organic_matter","discharge","kg_day",51
2010,"4200234","environment","organic_matter","discharge","kg_day",59
2010,"4200236","environment","organic_matter","discharge","kg_day",2235
2010,"4200237","environment","organic_matter","discharge","kg_day",174
2010,"4200238","environment","organic_matter","discharge","kg_day",408
2010,"4200239","environment","organic_matter","discharge","kg_day",238
2010,"4200240","environment","organic_matter","discharge","kg_day",163
2010,"4200241","environment","organic_matter","discharge","kg_day",253
2010,"4200242","environment","organic_matter","discharge","kg_day",101
2010,"4200243","environment","organic_matter","discharge","kg_day",53
2010,"4200244","environment","organic_matter","discharge","kg_day",22
2010,"4200247","environment","organic_matter","discharge","kg_day",99
2010,"4200248","environment","organic_matter","discharge","kg_day",49
2010,"4200249","environment","organic_matter","discharge","kg_day",77
2010,"4200250","environment","organic_matter","discharge","kg_day",21
2010,"4200251","environment","organic_matter","discharge","kg_day",32
2010,"4200252","environment","organic_matter","discharge","kg_day",68
2010,"4200253","environment","organic_matter","discharge","kg_day",100
2010,"4200254","environment","organic_matter","discharge","kg_day",84
2010,"4200255","environment","organic_matter","discharge","kg_day",43
2010,"4200256","environment","organic_matter","discharge","kg_day",69
2010,"4200257","environment","organic_matter","discharge","kg_day",82
2010,"4200258","environment","organic_matter","discharge","kg_day",51
2010,"4200259","environment","organic_matter","discharge","kg_day",29
2010,"4200260","environment","organic_matter","discharge","kg_day",19
2010,"4200262","environment","organic_matter","discharge","kg_day",3846
2010,"4200263","environment","organic_matter","discharge","kg_day",344
2010,"4200264","environment","organic_matter","discharge","kg_day",174
2010,"4200265","environment","organic_matter","discharge","kg_day",390
2010,"4200266","environment","organic_matter","discharge","kg_day",161
2010,"4200267","environment","organic_matter","discharge","kg_day",150
2010,"4200268","environment","organic_matter","discharge","kg_day",644
2010,"4200269","environment","organic_matter","discharge","kg_day",127
2010,"4200270","environment","organic_matter","discharge","kg_day",257
2010,"4200271","environment","organic_matter","discharge","kg_day",95
2010,"4200272","environment","organic_matter","discharge","kg_day",77
2010,"4200273","environment","organic_matter","discharge","kg_day",461
2010,"4200274","environment","organic_matter","discharge","kg_day",55
2010,"4200275","environment","organic_matter","discharge","kg_day",43
2010,"4200276","environment","organic_matter","discharge","kg_day",22
2010,"4200277","environment","organic_matter","discharge","kg_day",19
2010,"4200278","environment","organic_matter","discharge","kg_day",48
2010,"4200279","environment","organic_matter","discharge","kg_day",45
2010,"4200280","environment","organic_matter","discharge","kg_day",152
2010,"4200281","environment","organic_matter","discharge","kg_day",134
2010,"4200282","environment","organic_matter","discharge","kg_day",309
2010,"4200283","environment","organic_matter","discharge","kg_day",33
2010,"4200284","environment","organic_matter","discharge","kg_day",39
2010,"4200285","environment","organic_matter","discharge","kg_day",55
2010,"4200286","environment","organic_matter","discharge","kg_day",12
2010,"4200288","environment","organic_matter","discharge","kg_day",3891
2010,"4200293","environment","organic_matter","discharge","kg_day",298
2010,"4200295","environment","organic_matter","discharge","kg_day",104
2010,"4200297","environment","organic_matter","discharge","kg_day",228
2010,"4200299","environment","organic_matter","discharge","kg_day",857
2010,"4200301","environment","organic_matter","discharge","kg_day",127
2010,"4200302","environment","organic_matter","discharge","kg_day",124
2010,"4200303","environment","organic_matter","discharge","kg_day",453
2010,"4200305","environment","organic_matter","discharge","kg_day",47
2010,"4200306","environment","organic_matter","discharge","kg_day",199
2010,"4200307","environment","organic_matter","discharge","kg_day",111
2010,"4200308","environment","organic_matter","discharge","kg_day",95
2010,"4200309","environment","organic_matter","discharge","kg_day",82
2010,"4200310","environment","organic_matter","discharge","kg_day",46
2010,"4200311","environment","organic_matter","discharge","kg_day",36
2010,"4200312","environment","organic_matter","discharge","kg_day",76
2010,"4200313","environment","organic_matter","discharge","kg_day",72
2010,"4200314","environment","organic_matter","discharge","kg_day",65
2010,"4200315","environment","organic_matter","discharge","kg_day",209
2010,"4200316","environment","organic_matter","discharge","kg_day",230
2010,"4200317","environment","organic_matter","discharge","kg_day",98
2010,"4200318","environment","organic_matter","discharge","kg_day",112
2010,"4200319","environment","organic_matter","discharge","kg_day",222
2010,"4200321","environment","organic_matter","discharge","kg_day",549
2010,"4200322","environment","organic_matter","discharge","kg_day",422
2010,"4200323","environment","organic_matter","discharge","kg_day",127
2015,"4200002","environment","organic_matter","discharge","kg_day",3438
2015,"4200003","environment","organic_matter","discharge","kg_day",128
2015,"4200004","environment","organic_matter","discharge","kg_day",551
2015,"4200005","environment","organic_matter","discharge","kg_day",63
2015,"4200006","environment","organic_matter","discharge","kg_day",332
2015,"4200007","environment","organic_matter","discharge","kg_day",56
2015,"4200008","environment","organic_matter","discharge","kg_day",66
2015,"4200009","environment","organic_matter","discharge","kg_day",86
2015,"4200010","environment","organic_matter","discharge","kg_day",70
2015,"4200011","environment","organic_matter","discharge","kg_day",57
2015,"4200012","environment","organic_matter","discharge","kg_day",87
2015,"4200013","environment","organic_matter","discharge","kg_day",105
2015,"4200014","environment","organic_matter","discharge","kg_day",67
2015,"4200015","environment","organic_matter","discharge","kg_day",51
2015,"4200016","environment","organic_matter","discharge","kg_day",74
2015,"4200017","environment","organic_matter","discharge","kg_day",78
2015,"4200018","environment","organic_matter","discharge","kg_day",180
2015,"4200019","environment","organic_matter","discharge","kg_day",125
2015,"4200020","environment","organic_matter","discharge","kg_day",222
2015,"4200021","environment","organic_matter","discharge","kg_day",231
2015,"4200022","environment","organic_matter","discharge","kg_day",35
2015,"4200023","environment","organic_matter","discharge","kg_day",57
2015,"4200024","environment","organic_matter","discharge","kg_day",165
2015,"4200025","environment","organic_matter","discharge","kg_day",225
2015,"4200026","environment","organic_matter","discharge","kg_day",182
2015,"4200027","environment","organic_matter","discharge","kg_day",145
2015,"4200029","environment","organic_matter","discharge","kg_day",2364
2015,"4200030","environment","organic_matter","discharge","kg_day",7
2015,"4200031","environment","organic_matter","discharge","kg_day",77
2015,"4200032","environment","organic_matter","discharge","kg_day",26
2015,"4200033","environment","organic_matter","discharge","kg_day",60
2015,"4200034","environment","organic_matter","discharge","kg_day",78
2015,"4200035","environment","organic_matter","discharge","kg_day",56
2015,"4200036","environment","organic_matter","discharge","kg_day",95
2015,"4200037","environment","organic_matter","discharge","kg_day",57
2015,"4200038","environment","organic_matter","discharge","kg_day",87
2015,"4200039","environment","organic_matter","discharge","kg_day",475
2015,"4200040","environment","organic_matter","discharge","kg_day",104
2015,"4200041","environment","organic_matter","discharge","kg_day",429
2015,"4200042","environment","organic_matter","discharge","kg_day",53
2015,"4200043","environment","organic_matter","discharge","kg_day",44
2015,"4200044","environment","organic_matter","discharge","kg_day",543
2015,"4200045","environment","organic_matter","discharge","kg_day",173
2015,"4200047","environment","organic_matter","discharge","kg_day",2454
2015,"4200048","environment","organic_matter","discharge","kg_day",37
2015,"4200049","environment","organic_matter","discharge","kg_day",150
2015,"4200050","environment","organic_matter","discharge","kg_day",416
2015,"4200051","environment","organic_matter","discharge","kg_day",54
2015,"4200052","environment","organic_matter","discharge","kg_day",621
2015,"4200053","environment","organic_matter","discharge","kg_day",140
2015,"4200054","environment","organic_matter","discharge","kg_day",671
2015,"4200055","environment","organic_matter","discharge","kg_day",365
2015,"4200057","environment","organic_matter","discharge","kg_day",3198
2015,"4200058","environment","organic_matter","discharge","kg_day",155
2015,"4200059","environment","organic_matter","discharge","kg_day",59
2015,"4200060","environment","organic_matter","discharge","kg_day",216
2015,"4200061","environment","organic_matter","discharge","kg_day",77
2015,"4200062","environment","organic_matter","discharge","kg_day",1076
2015,"4200063","environment","organic_matter","discharge","kg_day",308
2015,"4200064","environment","organic_matter","discharge","kg_day",118
2015,"4200065","environment","organic_matter","discharge","kg_day",1127
2015,"4200066","environment","organic_matter","discharge","kg_day",36
2015,"4200067","environment","organic_matter","discharge","kg_day",26
2015,"4200069","environment","organic_matter","discharge","kg_day",1096
2015,"4200070","environment","organic_matter","discharge","kg_day",64
2015,"4200071","environment","organic_matter","discharge","kg_day",141
2015,"4200072","environment","organic_matter","discharge","kg_day",109
2015,"4200073","environment","organic_matter","discharge","kg_day",276
2015,"4200074","environment","organic_matter","discharge","kg_day",506
2015,"4200076","environment","organic_matter","discharge","kg_day",994
2015,"4200077","environment","organic_matter","discharge","kg_day",148
2015,"4200078","environment","organic_matter","discharge","kg_day",122
2015,"4200079","environment","organic_matter","discharge","kg_day",158
2015,"4200080","environment","organic_matter","discharge","kg_day",227
2015,"4200081","environment","organic_matter","discharge","kg_day",339
2015,"4200083","environment","organic_matter","discharge","kg_day",878
2015,"4200084","environment","organic_matter","discharge","kg_day",61
2015,"4200085","environment","organic_matter","discharge","kg_day",211
2015,"4200086","environment","organic_matter","discharge","kg_day",33
2015,"4200087","environment","organic_matter","discharge","kg_day",121
2015,"4200088","environment","organic_matter","discharge","kg_day",452
2015,"4200090","environment","organic_matter","discharge","kg_day",321
2015,"4200092","environment","organic_matter","discharge","kg_day",14341
2015,"4200093","environment","organic_matter","discharge","kg_day",99
2015,"4200094","environment","organic_matter","discharge","kg_day",194
2015,"4200095","environment","organic_matter","discharge","kg_day",55
2015,"4200096","environment","organic_matter","discharge","kg_day",102
2015,"4200098","environment","organic_matter","discharge","kg_day",48
2015,"4200099","environment","organic_matter","discharge","kg_day",226
2015,"4200100","environment","organic_matter","discharge","kg_day",131
2015,"4200101","environment","organic_matter","discharge","kg_day",141
2015,"4200102","environment","organic_matter","discharge","kg_day",101
2015,"4200103","environment","organic_matter","discharge","kg_day",139
2015,"4200104","environment","organic_matter","discharge","kg_day",300
2015,"4200105","environment","organic_matter","discharge","kg_day",53
2015,"4200106","environment","organic_matter","discharge","kg_day",396
2015,"4200108","environment","organic_matter","discharge","kg_day",77
2015,"4200109","environment","organic_matter","discharge","kg_day",648
2015,"4200110","environment","organic_matter","discharge","kg_day",134
2015,"4200112","environment","organic_matter","discharge","kg_day",1446
2015,"4200113","environment","organic_matter","discharge","kg_day",176
2015,"4200115","environment","organic_matter","discharge","kg_day",155
2015,"4200117","environment","organic_matter","discharge","kg_day",270
2015,"4200118","environment","organic_matter","discharge","kg_day",115
2015,"4200119","environment","organic_matter","discharge","kg_day",20
2015,"4200120","environment","organic_matter","discharge","kg_day",75
2015,"4200121","environment","organic_matter","discharge","kg_day",394
2015,"4200122","environment","organic_matter","discharge","kg_day",106
2015,"4200123","environment","organic_matter","discharge","kg_day",794
2015,"4200124","environment","organic_matter","discharge","kg_day",140
2015,"4200125","environment","organic_matter","discharge","kg_day",84
2015,"4200126","environment","organic_matter","discharge","kg_day",80
2015,"4200128","environment","organic_matter","discharge","kg_day",371
2015,"4200129","environment","organic_matter","discharge","kg_day",247
2015,"4200130","environment","organic_matter","discharge","kg_day",62
2015,"4200132","environment","organic_matter","discharge","kg_day",876
2015,"4200134","environment","organic_matter","discharge","kg_day",285
2015,"4200136","environment","organic_matter","discharge","kg_day",601
2015,"4200138","environment","organic_matter","discharge","kg_day",851
2015,"4200140","environment","organic_matter","discharge","kg_day",1870
2015,"4200142","environment","organic_matter","discharge","kg_day",355
2015,"4200144","environment","organic_matter","discharge","kg_day",688
2015,"4200146","environment","organic_matter","discharge","kg_day",913
2015,"4200148","environment","organic_matter","discharge","kg_day",199
2015,"4200149","environment","organic_matter","discharge","kg_day",134
2015,"4200150","environment","organic_matter","discharge","kg_day",95
2015,"4200151","environment","organic_matter","discharge","kg_day",95
2015,"4200155","environment","organic_matter","discharge","kg_day",2086
2015,"4200156","environment","organic_matter","discharge","kg_day",230
2015,"4200157","environment","organic_matter","discharge","kg_day",340
2015,"4200158","environment","organic_matter","discharge","kg_day",248
2015,"4200159","environment","organic_matter","discharge","kg_day",105
2015,"4200160","environment","organic_matter","discharge","kg_day",75
2015,"4200161","environment","organic_matter","discharge","kg_day",62
2015,"4200162","environment","organic_matter","discharge","kg_day",115
2015,"4200163","environment","organic_matter","discharge","kg_day",158
2015,"4200164","environment","organic_matter","discharge","kg_day",82
2015,"4200165","environment","organic_matter","discharge","kg_day",69
2015,"4200166","environment","organic_matter","discharge","kg_day",75
2015,"4200167","environment","organic_matter","discharge","kg_day",75
2015,"4200168","environment","organic_matter","discharge","kg_day",110
2015,"4200169","environment","organic_matter","discharge","kg_day",70
2015,"4200170","environment","organic_matter","discharge","kg_day",51
2015,"4200171","environment","organic_matter","discharge","kg_day",84
2015,"4200172","environment","organic_matter","discharge","kg_day",71
2015,"4200173","environment","organic_matter","discharge","kg_day",66
2015,"4200175","environment","organic_matter","discharge","kg_day",2743
2015,"4200176","environment","organic_matter","discharge","kg_day",118
2015,"4200177","environment","organic_matter","discharge","kg_day",308
2015,"4200180","environment","organic_matter","discharge","kg_day",297
2015,"4200181","environment","organic_matter","discharge","kg_day",180
2015,"4200182","environment","organic_matter","discharge","kg_day",463
2015,"4200183","environment","organic_matter","discharge","kg_day",61
2015,"4200184","environment","organic_matter","discharge","kg_day",96
2015,"4200185","environment","organic_matter","discharge","kg_day",64
2015,"4200186","environment","organic_matter","discharge","kg_day",73
2015,"4200188","environment","organic_matter","discharge","kg_day",367
2015,"4200189","environment","organic_matter","discharge","kg_day",131
2015,"4200190","environment","organic_matter","discharge","kg_day",515
2015,"4200191","environment","organic_matter","discharge","kg_day",70
2015,"4200193","environment","organic_matter","discharge","kg_day",2792
2015,"4200196","environment","organic_matter","discharge","kg_day",347
2015,"4200197","environment","organic_matter","discharge","kg_day",475
2015,"4200199","environment","organic_matter","discharge","kg_day",174
2015,"4200200","environment","organic_matter","discharge","kg_day",156
2015,"4200201","environment","organic_matter","discharge","kg_day",272
2015,"4200202","environment","organic_matter","discharge","kg_day",217
2015,"4200203","environment","organic_matter","discharge","kg_day",220
2015,"4200205","environment","organic_matter","discharge","kg_day",24
2015,"4200207","environment","organic_matter","discharge","kg_day",255
2015,"4200209","environment","organic_matter","discharge","kg_day",74
2015,"4200210","environment","organic_matter","discharge","kg_day",67
2015,"4200211","environment","organic_matter","discharge","kg_day",43
2015,"4200212","environment","organic_matter","discharge","kg_day",101
2015,"4200213","environment","organic_matter","discharge","kg_day",105
2015,"4200214","environment","organic_matter","discharge","kg_day",48
2015,"4200216","environment","organic_matter","discharge","kg_day",214
2015,"4200218","environment","organic_matter","discharge","kg_day",2574
2015,"4200219","environment","organic_matter","discharge","kg_day",153
2015,"4200220","environment","organic_matter","discharge","kg_day",280
2015,"4200221","environment","organic_matter","discharge","kg_day",315
2015,"4200222","environment","organic_matter","discharge","kg_day",762
2015,"4200223","environment","organic_matter","discharge","kg_day",174
2015,"4200224","environment","organic_matter","discharge","kg_day",117
2015,"4200225","environment","organic_matter","discharge","kg_day",223
2015,"4200227","environment","organic_matter","discharge","kg_day",163
2015,"4200228","environment","organic_matter","discharge","kg_day",63
2015,"4200229","environment","organic_matter","discharge","kg_day",23
2015,"4200230","environment","organic_matter","discharge","kg_day",28
2015,"4200231","environment","organic_matter","discharge","kg_day",52
2015,"4200232","environment","organic_matter","discharge","kg_day",92
2015,"4200233","environment","organic_matter","discharge","kg_day",68
2015,"4200234","environment","organic_matter","discharge","kg_day",61
2015,"4200236","environment","organic_matter","discharge","kg_day",2441
2015,"4200237","environment","organic_matter","discharge","kg_day",169
2015,"4200238","environment","organic_matter","discharge","kg_day",410
2015,"4200239","environment","organic_matter","discharge","kg_day",243
2015,"4200240","environment","organic_matter","discharge","kg_day",167
2015,"4200241","environment","organic_matter","discharge","kg_day",252
2015,"4200242","environment","organic_matter","discharge","kg_day",122
2015,"4200243","environment","organic_matter","discharge","kg_day",50
2015,"4200244","environment","organic_matter","discharge","kg_day",43
2015,"4200247","environment","organic_matter","discharge","kg_day",118
2015,"4200248","environment","organic_matter","discharge","kg_day",37
2015,"4200249","environment","organic_matter","discharge","kg_day",101
2015,"4200250","environment","organic_matter","discharge","kg_day",33
2015,"4200251","environment","organic_matter","discharge","kg_day",48
2015,"4200252","environment","organic_matter","discharge","kg_day",69
2015,"4200253","environment","organic_matter","discharge","kg_day",148
2015,"4200254","environment","organic_matter","discharge","kg_day",95
2015,"4200255","environment","organic_matter","discharge","kg_day",46
2015,"4200256","environment","organic_matter","discharge","kg_day",81
2015,"4200257","environment","organic_matter","discharge","kg_day",107
2015,"4200258","environment","organic_matter","discharge","kg_day",50
2015,"4200259","environment","organic_matter","discharge","kg_day",34
2015,"4200260","environment","organic_matter","discharge","kg_day",18
2015,"4200262","environment","organic_matter","discharge","kg_day",4100
2015,"4200263","environment","organic_matter","discharge","kg_day",364
2015,"4200264","environment","organic_matter","discharge","kg_day",164
2015,"4200265","environment","organic_matter","discharge","kg_day",485
2015,"4200266","environment","organic_matter","discharge","kg_day",127
2015,"4200267","environment","organic_matter","discharge","kg_day",185
2015,"4200268","environment","organic_matter","discharge","kg_day",607
2015,"4200269","environment","organic_matter","discharge","kg_day",117
2015,"4200270","environment","organic_matter","discharge","kg_day",280
2015,"4200271","environment","organic_matter","discharge","kg_day",112
2015,"4200272","environment","organic_matter","discharge","kg_day",76
2015,"4200273","environment","organic_matter","discharge","kg_day",474
2015,"4200274","environment","organic_matter","discharge","kg_day",57
2015,"4200275","environment","organic_matter","discharge","kg_day",66
2015,"4200276","environment","organic_matter","discharge","kg_day",22
2015,"4200277","environment","organic_matter","discharge","kg_day",18
2015,"4200278","environment","organic_matter","discharge","kg_day",36
2015,"4200279","environment","organic_matter","discharge","kg_day",59
2015,"4200280","environment","organic_matter","discharge","kg_day",174
2015,"4200281","environment","organic_matter","discharge","kg_day",187
2015,"4200282","environment","organic_matter","discharge","kg_day",350
2015,"4200283","environment","organic_matter","discharge","kg_day",32
2015,"4200284","environment","organic_matter","discharge","kg_day",27
2015,"4200285","environment","organic_matter","discharge","kg_day",67
2015,"4200286","environment","organic_matter","discharge","kg_day",14
2015,"4200288","environment","organic_matter","discharge","kg_day",4599
2015,"4200293","environment","organic_matter","discharge","kg_day",419
2015,"4200295","environment","organic_matter","discharge","kg_day",144
2015,"4200297","environment","organic_matter","discharge","kg_day",216
2015,"4200299","environment","organic_matter","discharge","kg_day",1064
2015,"4200301","environment","organic_matter","discharge","kg_day",144
2015,"4200302","environment","organic_matter","discharge","kg_day",104
2015,"4200303","environment","organic_matter","discharge","kg_day",594
2015,"4200305","environment","organic_matter","discharge","kg_day",51
2015,"4200306","environment","organic_matter","discharge","kg_day",356
2015,"4200307","environment","organic_matter","discharge","kg_day",118
2015,"4200308","environment","organic_matter","discharge","kg_day",85
2015,"4200309","environment","organic_matter","discharge","kg_day",61
2015,"4200310","environment","organic_matter","discharge","kg_day",58
2015,"4200311","environment","organic_matter","discharge","kg_day",38
2015,"4200312","environment","organic_matter","discharge","kg_day",79
2015,"4200313","environment","organic_matter","discharge","kg_day",70
2015,"4200314","environment","organic_matter","discharge","kg_day",67
2015,"4200315","environment","organic_matter","discharge","kg_day",257
2015,"4200316","environment","organic_matter","discharge","kg_day",222
2015,"4200317","environment","organic_matter","discharge","kg_day",96
2015,"4200318","environment","organic_matter","discharge","kg_day",126
2015,"4200319","environment","organic_matter","discharge","kg_day",230
2015,"4200321","environment","organic_matter","discharge","kg_day",546
2015,"4200322","environment","organic_matter","discharge","kg_day",414
2015,"4200323","environment","organic_matter","discharge","kg_day",132
2020,"4200002","environment","organic_matter","discharge","kg_day",2839
2020,"4200003","environment","organic_matter","discharge","kg_day",205
2020,"4200004","environment","organic_matter","discharge","kg_day",316
2020,"4200005","environment","organic_matter","discharge","kg_day",53
2020,"4200006","environment","organic_matter","discharge","kg_day",257
2020,"4200007","environment","organic_matter","discharge","kg_day",44
2020,"4200008","environment","organic_matter","discharge","kg_day",60
2020,"4200009","environment","organic_matter","discharge","kg_day",71
2020,"4200010","environment","organic_matter","discharge","kg_day",61
2020,"4200011","environment","organic_matter","discharge","kg_day",56
2020,"4200012","environment","organic_matter","discharge","kg_day",82
2020,"4200013","environment","organic_matter","discharge","kg_day",88
2020,"4200014","environment","organic_matter","discharge","kg_day",60
2020,"4200015","environment","organic_matter","discharge","kg_day",12
2020,"4200016","environment","organic_matter","discharge","kg_day",52
2020,"4200017","environment","organic_matter","discharge","kg_day",78
2020,"4200018","environment","organic_matter","discharge","kg_day",196
2020,"4200019","environment","organic_matter","discharge","kg_day",131
2020,"4200020","environment","organic_matter","discharge","kg_day",149
2020,"4200021","environment","organic_matter","discharge","kg_day",199
2020,"4200022","environment","organic_matter","discharge","kg_day",35
2020,"4200023","environment","organic_matter","discharge","kg_day",53
2020,"4200024","environment","organic_matter","discharge","kg_day",157
2020,"4200025","environment","organic_matter","discharge","kg_day",195
2020,"4200026","environment","organic_matter","discharge","kg_day",130
2020,"4200027","environment","organic_matter","discharge","kg_day",99
2020,"4200029","environment","organic_matter","discharge","kg_day",2444
2020,"4200030","environment","organic_matter","discharge","kg_day",7
2020,"4200031","environment","organic_matter","discharge","kg_day",99
2020,"4200032","environment","organic_matter","discharge","kg_day",25
2020,"4200033","environment","organic_matter","discharge","kg_day",55
2020,"4200034","environment","organic_matter","discharge","kg_day",74
2020,"4200035","environment","organic_matter","discharge","kg_day",47
2020,"4200036","environment","organic_matter","discharge","kg_day",86
2020,"4200037","environment","organic_matter","discharge","kg_day",51
2020,"4200038","environment","organic_matter","discharge","kg_day",78
2020,"4200039","environment","organic_matter","discharge","kg_day",462
2020,"4200040","environment","organic_matter","discharge","kg_day",89
2020,"4200041","environment","organic_matter","discharge","kg_day",584
2020,"4200042","environment","organic_matter","discharge","kg_day",40
2020,"4200043","environment","organic_matter","discharge","kg_day",38
2020,"4200044","environment","organic_matter","discharge","kg_day",521
2020,"4200045","environment","organic_matter","discharge","kg_day",188
2020,"4200047","environment","organic_matter","discharge","kg_day",2841
2020,"4200048","environment","organic_matter","discharge","kg_day",30
2020,"4200049","environment","organic_matter","discharge","kg_day",151
2020,"4200050","environment","organic_matter","discharge","kg_day",396
2020,"4200051","environment","organic_matter","discharge","kg_day",41
2020,"4200052","environment","organic_matter","discharge","kg_day",917
2020,"4200053","environment","organic_matter","discharge","kg_day",126
2020,"4200054","environment","organic_matter","discharge","kg_day",666
2020,"4200055","environment","organic_matter","discharge","kg_day",514
2020,"4200057","environment","organic_matter","discharge","kg_day",3065
2020,"4200058","environment","organic_matter","discharge","kg_day",89
2020,"4200059","environment","organic_matter","discharge","kg_day",62
2020,"4200060","environment","organic_matter","discharge","kg_day",175
2020,"4200061","environment","organic_matter","discharge","kg_day",96
2020,"4200062","environment","organic_matter","discharge","kg_day",710
2020,"4200063","environment","organic_matter","discharge","kg_day",244
2020,"4200064","environment","organic_matter","discharge","kg_day",124
2020,"4200065","environment","organic_matter","discharge","kg_day",1491
2020,"4200066","environment","organic_matter","discharge","kg_day",51
2020,"4200067","environment","organic_matter","discharge","kg_day",23
2020,"4200069","environment","organic_matter","discharge","kg_day",1190
2020,"4200070","environment","organic_matter","discharge","kg_day",59
2020,"4200071","environment","organic_matter","discharge","kg_day",147
2020,"4200072","environment","organic_matter","discharge","kg_day",99
2020,"4200073","environment","organic_matter","discharge","kg_day",320
2020,"4200074","environment","organic_matter","discharge","kg_day",565
2020,"4200076","environment","organic_matter","discharge","kg_day",1026
2020,"4200077","environment","organic_matter","discharge","kg_day",137
2020,"4200078","environment","organic_matter","discharge","kg_day",100
2020,"4200079","environment","organic_matter","discharge","kg_day",161
2020,"4200080","environment","organic_matter","discharge","kg_day",264
2020,"4200081","environment","organic_matter","discharge","kg_day",364
2020,"4200083","environment","organic_matter","discharge","kg_day",1083
2020,"4200084","environment","organic_matter","discharge","kg_day",56
2020,"4200085","environment","organic_matter","discharge","kg_day",327
2020,"4200086","environment","organic_matter","discharge","kg_day",39
2020,"4200087","environment","organic_matter","discharge","kg_day",150
2020,"4200088","environment","organic_matter","discharge","kg_day",511
2020,"4200090","environment","organic_matter","discharge","kg_day",318
2020,"4200092","environment","organic_matter","discharge","kg_day",15855
2020,"4200093","environment","organic_matter","discharge","kg_day",81
2020,"4200094","environment","organic_matter","discharge","kg_day",223
2020,"4200095","environment","organic_matter","discharge","kg_day",40
2020,"4200096","environment","organic_matter","discharge","kg_day",171
2020,"4200098","environment","organic_matter","discharge","kg_day",44
2020,"4200099","environment","organic_matter","discharge","kg_day",120
2020,"4200100","environment","organic_matter","discharge","kg_day",155
2020,"4200101","environment","organic_matter","discharge","kg_day",137
2020,"4200102","environment","organic_matter","discharge","kg_day",89
2020,"4200103","environment","organic_matter","discharge","kg_day",127
2020,"4200153","environment","organic_matter","discharge","kg_day",767
2020,"4200108","environment","organic_matter","discharge","kg_day",64
2020,"4200109","environment","organic_matter","discharge","kg_day",999
2020,"4200110","environment","organic_matter","discharge","kg_day",117
2020,"4200112","environment","organic_matter","discharge","kg_day",1162
2020,"4200113","environment","organic_matter","discharge","kg_day",150
2020,"4200115","environment","organic_matter","discharge","kg_day",177
2020,"4200117","environment","organic_matter","discharge","kg_day",254
2020,"4200118","environment","organic_matter","discharge","kg_day",112
2020,"4200119","environment","organic_matter","discharge","kg_day",23
2020,"4200120","environment","organic_matter","discharge","kg_day",71
2020,"4200121","environment","organic_matter","discharge","kg_day",421
2020,"4200122","environment","organic_matter","discharge","kg_day",143
2020,"4200123","environment","organic_matter","discharge","kg_day",576
2020,"4200124","environment","organic_matter","discharge","kg_day",75
2020,"4200125","environment","organic_matter","discharge","kg_day",91
2020,"4200126","environment","organic_matter","discharge","kg_day",118
2020,"4200128","environment","organic_matter","discharge","kg_day",354
2020,"4200129","environment","organic_matter","discharge","kg_day",273
2020,"4200130","environment","organic_matter","discharge","kg_day",58
2020,"4200132","environment","organic_matter","discharge","kg_day",893
2020,"4200134","environment","organic_matter","discharge","kg_day",366
2020,"4200136","environment","organic_matter","discharge","kg_day",833
2020,"4200138","environment","organic_matter","discharge","kg_day",987
2020,"4200140","environment","organic_matter","discharge","kg_day",2957
2020,"4200142","environment","organic_matter","discharge","kg_day",330
2020,"4200144","environment","organic_matter","discharge","kg_day",699
2020,"4200146","environment","organic_matter","discharge","kg_day",1058
2020,"4200152","environment","organic_matter","discharge","kg_day",214
2020,"4200149","environment","organic_matter","discharge","kg_day",137
2020,"4200150","environment","organic_matter","discharge","kg_day",91
2020,"4200151","environment","organic_matter","discharge","kg_day",98
2020,"4200155","environment","organic_matter","discharge","kg_day",2203
2020,"4200156","environment","organic_matter","discharge","kg_day",238
2020,"4200157","environment","organic_matter","discharge","kg_day",366
2020,"4200158","environment","organic_matter","discharge","kg_day",244
2020,"4200159","environment","organic_matter","discharge","kg_day",124
2020,"4200160","environment","organic_matter","discharge","kg_day",78
2020,"4200161","environment","organic_matter","discharge","kg_day",100
2020,"4200162","environment","organic_matter","discharge","kg_day",95
2020,"4200163","environment","organic_matter","discharge","kg_day",137
2020,"4200164","environment","organic_matter","discharge","kg_day",83
2020,"4200165","environment","organic_matter","discharge","kg_day",70
2020,"4200166","environment","organic_matter","discharge","kg_day",70
2020,"4200167","environment","organic_matter","discharge","kg_day",85
2020,"4200168","environment","organic_matter","discharge","kg_day",108
2020,"4200169","environment","organic_matter","discharge","kg_day",77
2020,"4200170","environment","organic_matter","discharge","kg_day",56
2020,"4200171","environment","organic_matter","discharge","kg_day",108
2020,"4200172","environment","organic_matter","discharge","kg_day",90
2020,"4200173","environment","organic_matter","discharge","kg_day",74
2020,"4200175","environment","organic_matter","discharge","kg_day",3703
2020,"4200176","environment","organic_matter","discharge","kg_day",96
2020,"4200177","environment","organic_matter","discharge","kg_day",486
2020,"4200178","environment","organic_matter","discharge","kg_day",160
2020,"4200179","environment","organic_matter","discharge","kg_day",402
2020,"4200180","environment","organic_matter","discharge","kg_day",324
2020,"4200181","environment","organic_matter","discharge","kg_day",264
2020,"4200183","environment","organic_matter","discharge","kg_day",67
2020,"4200184","environment","organic_matter","discharge","kg_day",101
2020,"4200185","environment","organic_matter","discharge","kg_day",78
2020,"4200186","environment","organic_matter","discharge","kg_day",100
2020,"4200188","environment","organic_matter","discharge","kg_day",486
2020,"4200189","environment","organic_matter","discharge","kg_day",206
2020,"4200190","environment","organic_matter","discharge","kg_day",843
2020,"4200191","environment","organic_matter","discharge","kg_day",90
2020,"4200193","environment","organic_matter","discharge","kg_day",3314
2020,"4200196","environment","organic_matter","discharge","kg_day",389
2020,"4200197","environment","organic_matter","discharge","kg_day",505
2020,"4200199","environment","organic_matter","discharge","kg_day",180
2020,"4200200","environment","organic_matter","discharge","kg_day",147
2020,"4200201","environment","organic_matter","discharge","kg_day",487
2020,"4200202","environment","organic_matter","discharge","kg_day",296
2020,"4200203","environment","organic_matter","discharge","kg_day",207
2020,"4200205","environment","organic_matter","discharge","kg_day",30
2020,"4200207","environment","organic_matter","discharge","kg_day",295
2020,"4200209","environment","organic_matter","discharge","kg_day",83
2020,"4200210","environment","organic_matter","discharge","kg_day",61
2020,"4200211","environment","organic_matter","discharge","kg_day",49
2020,"4200212","environment","organic_matter","discharge","kg_day",7
2020,"4200213","environment","organic_matter","discharge","kg_day",204
2020,"4200214","environment","organic_matter","discharge","kg_day",59
2020,"4200216","environment","organic_matter","discharge","kg_day",315
2020,"4200218","environment","organic_matter","discharge","kg_day",2325
2020,"4200219","environment","organic_matter","discharge","kg_day",136
2020,"4200220","environment","organic_matter","discharge","kg_day",251
2020,"4200221","environment","organic_matter","discharge","kg_day",374
2020,"4200222","environment","organic_matter","discharge","kg_day",582
2020,"4200224","environment","organic_matter","discharge","kg_day",163
2020,"4200225","environment","organic_matter","discharge","kg_day",106
2020,"4200226","environment","organic_matter","discharge","kg_day",174
2020,"4200227","environment","organic_matter","discharge","kg_day",156
2020,"4200228","environment","organic_matter","discharge","kg_day",57
2020,"4200229","environment","organic_matter","discharge","kg_day",28
2020,"4200230","environment","organic_matter","discharge","kg_day",20
2020,"4200231","environment","organic_matter","discharge","kg_day",49
2020,"4200232","environment","organic_matter","discharge","kg_day",90
2020,"4200233","environment","organic_matter","discharge","kg_day",78
2020,"4200234","environment","organic_matter","discharge","kg_day",61
2020,"4200236","environment","organic_matter","discharge","kg_day",2718
2020,"4200237","environment","organic_matter","discharge","kg_day",182
2020,"4200238","environment","organic_matter","discharge","kg_day",374
2020,"4200239","environment","organic_matter","discharge","kg_day",281
2020,"4200240","environment","organic_matter","discharge","kg_day",231
2020,"4200241","environment","organic_matter","discharge","kg_day",258
2020,"4200242","environment","organic_matter","discharge","kg_day",109
2020,"4200243","environment","organic_matter","discharge","kg_day",42
2020,"4200244","environment","organic_matter","discharge","kg_day",44
2020,"4200247","environment","organic_matter","discharge","kg_day",129
2020,"4200248","environment","organic_matter","discharge","kg_day",67
2020,"4200249","environment","organic_matter","discharge","kg_day",85
2020,"4200250","environment","organic_matter","discharge","kg_day",47
2020,"4200251","environment","organic_matter","discharge","kg_day",59
2020,"4200252","environment","organic_matter","discharge","kg_day",116
2020,"4200253","environment","organic_matter","discharge","kg_day",154
2020,"4200254","environment","organic_matter","discharge","kg_day",107
2020,"4200255","environment","organic_matter","discharge","kg_day",60
2020,"4200256","environment","organic_matter","discharge","kg_day",140
2020,"4200257","environment","organic_matter","discharge","kg_day",131
2020,"4200258","environment","organic_matter","discharge","kg_day",35
2020,"4200259","environment","organic_matter","discharge","kg_day",41
2020,"4200260","environment","organic_matter","discharge","kg_day",26
2020,"4200262","environment","organic_matter","discharge","kg_day",4313
2020,"4200263","environment","organic_matter","discharge","kg_day",450
2020,"4200264","environment","organic_matter","discharge","kg_day",216
2020,"4200265","environment","organic_matter","discharge","kg_day",425
2020,"4200266","environment","organic_matter","discharge","kg_day",28
2020,"4200267","environment","organic_matter","discharge","kg_day",267
2020,"4200268","environment","organic_matter","discharge","kg_day",676
2020,"4200269","environment","organic_matter","discharge","kg_day",132
2020,"4200270","environment","organic_matter","discharge","kg_day",316
2020,"4200271","environment","organic_matter","discharge","kg_day",110
2020,"4200272","environment","organic_matter","discharge","kg_day",97
2020,"4200273","environment","organic_matter","discharge","kg_day",529
2020,"4200274","environment","organic_matter","discharge","kg_day",59
2020,"4200275","environment","organic_matter","discharge","kg_day",61
2020,"4200276","environment","organic_matter","discharge","kg_day",19
2020,"4200277","environment","organic_matter","discharge","kg_day",20
2020,"4200278","environment","organic_matter","discharge","kg_day",51
2020,"4200279","environment","organic_matter","discharge","kg_day",49
2020,"4200280","environment","organic_matter","discharge","kg_day",224
2020,"4200281","environment","organic_matter","discharge","kg_day",14
2020,"4200282","environment","organic_matter","discharge","kg_day",426
2020,"4200283","environment","organic_matter","discharge","kg_day",38
2020,"4200284","environment","organic_matter","discharge","kg_day",29
2020,"4200285","environment","organic_matter","discharge","kg_day",63
2020,"4200286","environment","organic_matter","discharge","kg_day",14
2020,"4200288","environment","organic_matter","discharge","kg_day",5064
2020,"4200293","environment","organic_matter","discharge","kg_day",489
2020,"4200295","environment","organic_matter","discharge","kg_day",100
2020,"4200297","environment","organic_matter","discharge","kg_day",236
2020,"4200299","environment","organic_matter","discharge","kg_day",1186
2020,"4200301","environment","organic_matter","discharge","kg_day",153
2020,"4200302","environment","organic_matter","discharge","kg_day",137
2020,"4200303","environment","organic_matter","discharge","kg_day",755
2020,"4200305","environment","organic_matter","discharge","kg_day",57
2020,"4200306","environment","organic_matter","discharge","kg_day",391
2020,"4200307","environment","organic_matter","discharge","kg_day",137
2020,"4200308","environment","organic_matter","discharge","kg_day",75
2020,"4200309","environment","organic_matter","discharge","kg_day",45
2020,"4200310","environment","organic_matter","discharge","kg_day",61
2020,"4200311","environment","organic_matter","discharge","kg_day",41
2020,"4200312","environment","organic_matter","discharge","kg_day",42
2020,"4200313","environment","organic_matter","discharge","kg_day",69
2020,"4200314","environment","organic_matter","discharge","kg_day",70
2020,"4200315","environment","organic_matter","discharge","kg_day",298
2020,"4200316","environment","organic_matter","discharge","kg_day",255
2020,"4200317","environment","organic_matter","discharge","kg_day",65
2020,"4200318","environment","organic_matter","discharge","kg_day",145
2020,"4200319","environment","organic_matter","discharge","kg_day",257
2020,"4200321","environment","organic_matter","discharge","kg_day",569
2020,"4200322","environment","organic_matter","discharge","kg_day",429
2020,"4200323","environment","organic_matter","discharge","kg_day",140
2010,"4200002","environment","wastewater","generation","m3_day",89949
2010,"4200003","environment","wastewater","generation","m3_day",551
2010,"4200004","environment","wastewater","generation","m3_day",1125
2010,"4200005","environment","wastewater","generation","m3_day",1398
2010,"4200006","environment","wastewater","generation","m3_day",11234
2010,"4200007","environment","wastewater","generation","m3_day",30479
2010,"4200008","environment","wastewater","generation","m3_day",1484
2010,"4200009","environment","wastewater","generation","m3_day",352
2010,"4200010","environment","wastewater","generation","m3_day",2622
2010,"4200011","environment","wastewater","generation","m3_day",371
2010,"4200012","environment","wastewater","generation","m3_day",765
2010,"4200013","environment","wastewater","generation","m3_day",948
2010,"4200014","environment","wastewater","generation","m3_day",265
2010,"4200015","environment","wastewater","generation","m3_day",470
2010,"4200016","environment","wastewater","generation","m3_day",460
2010,"4200017","environment","wastewater","generation","m3_day",1485
2010,"4200018","environment","wastewater","generation","m3_day",2371
2010,"4200019","environment","wastewater","generation","m3_day",1607
2010,"4200020","environment","wastewater","generation","m3_day",1557
2010,"4200021","environment","wastewater","generation","m3_day",6316
2010,"4200022","environment","wastewater","generation","m3_day",1531
2010,"4200023","environment","wastewater","generation","m3_day",2761
2010,"4200024","environment","wastewater","generation","m3_day",1586
2010,"4200025","environment","wastewater","generation","m3_day",2474
2010,"4200026","environment","wastewater","generation","m3_day",3821
2010,"4200027","environment","wastewater","generation","m3_day",11914
2010,"4200029","environment","wastewater","generation","m3_day",288550
2010,"4200030","environment","wastewater","generation","m3_day",60
2010,"4200031","environment","wastewater","generation","m3_day",2031
2010,"4200032","environment","wastewater","generation","m3_day",193
2010,"4200033","environment","wastewater","generation","m3_day",183
2010,"4200034","environment","wastewater","generation","m3_day",533
2010,"4200035","environment","wastewater","generation","m3_day",3904
2010,"4200036","environment","wastewater","generation","m3_day",8347
2010,"4200037","environment","wastewater","generation","m3_day",1578
2010,"4200038","environment","wastewater","generation","m3_day",4909
2010,"4200039","environment","wastewater","generation","m3_day",215991
2010,"4200040","environment","wastewater","generation","m3_day",2771
2010,"4200041","environment","wastewater","generation","m3_day",34037
2010,"4200042","environment","wastewater","generation","m3_day",180
2010,"4200043","environment","wastewater","generation","m3_day",154
2010,"4200044","environment","wastewater","generation","m3_day",5929
2010,"4200045","environment","wastewater","generation","m3_day",7750
2010,"4200047","environment","wastewater","generation","m3_day",224602
2010,"4200048","environment","wastewater","generation","m3_day",944
2010,"4200049","environment","wastewater","generation","m3_day",1915
2010,"4200050","environment","wastewater","generation","m3_day",105628
2010,"4200051","environment","wastewater","generation","m3_day",242
2010,"4200052","environment","wastewater","generation","m3_day",15515
2010,"4200053","environment","wastewater","generation","m3_day",3491
2010,"4200054","environment","wastewater","generation","m3_day",21922
2010,"4200055","environment","wastewater","generation","m3_day",74945
2010,"4200057","environment","wastewater","generation","m3_day",435155
2010,"4200058","environment","wastewater","generation","m3_day",11892
2010,"4200059","environment","wastewater","generation","m3_day",333300
2010,"4200060","environment","wastewater","generation","m3_day",10948
2010,"4200061","environment","wastewater","generation","m3_day",2517
2010,"4200062","environment","wastewater","generation","m3_day",14343
2010,"4200063","environment","wastewater","generation","m3_day",11470
2010,"4200064","environment","wastewater","generation","m3_day",1074
2010,"4200065","environment","wastewater","generation","m3_day",45431
2010,"4200066","environment","wastewater","generation","m3_day",863
2010,"4200067","environment","wastewater","generation","m3_day",3316
2010,"4200069","environment","wastewater","generation","m3_day",27467
2010,"4200070","environment","wastewater","generation","m3_day",1835
2010,"4200071","environment","wastewater","generation","m3_day",4298
2010,"4200072","environment","wastewater","generation","m3_day",1792
2010,"4200073","environment","wastewater","generation","m3_day",9451
2010,"4200074","environment","wastewater","generation","m3_day",10091
2010,"4200076","environment","wastewater","generation","m3_day",62356
2010,"4200077","environment","wastewater","generation","m3_day",1300
2010,"4200078","environment","wastewater","generation","m3_day",935
2010,"4200079","environment","wastewater","generation","m3_day",2134
2010,"4200080","environment","wastewater","generation","m3_day",6831
2010,"4200081","environment","wastewater","generation","m3_day",51156
2010,"4200083","environment","wastewater","generation","m3_day",398061
2010,"4200084","environment","wastewater","generation","m3_day",475
2010,"4200085","environment","wastewater","generation","m3_day",231878
2010,"4200086","environment","wastewater","generation","m3_day",2213
2010,"4200087","environment","wastewater","generation","m3_day",19364
2010,"4200088","environment","wastewater","generation","m3_day",144130
2010,"4200092","environment","wastewater","generation","m3_day",1049815
2010,"4200093","environment","wastewater","generation","m3_day",3642
2010,"4200094","environment","wastewater","generation","m3_day",1687
2010,"4200095","environment","wastewater","generation","m3_day",908
2010,"4200096","environment","wastewater","generation","m3_day",4913
2010,"4200098","environment","wastewater","generation","m3_day",2870
2010,"4200099","environment","wastewater","generation","m3_day",3143
2010,"4200100","environment","wastewater","generation","m3_day",3757
2010,"4200101","environment","wastewater","generation","m3_day",3886
2010,"4200102","environment","wastewater","generation","m3_day",1293
2010,"4200103","environment","wastewater","generation","m3_day",4212
2010,"4200104","environment","wastewater","generation","m3_day",18659
2010,"4200105","environment","wastewater","generation","m3_day",472
2010,"4200106","environment","wastewater","generation","m3_day",4140
2010,"4200108","environment","wastewater","generation","m3_day",24655
2010,"4200109","environment","wastewater","generation","m3_day",69669
2010,"4200110","environment","wastewater","generation","m3_day",28909
2010,"4200112","environment","wastewater","generation","m3_day",166574
2010,"4200113","environment","wastewater","generation","m3_day",6004
2010,"4200115","environment","wastewater","generation","m3_day",3287
2010,"4200117","environment","wastewater","generation","m3_day",3020
2010,"4200118","environment","wastewater","generation","m3_day",928
2010,"4200119","environment","wastewater","generation","m3_day",222
2010,"4200120","environment","wastewater","generation","m3_day",3445
2010,"4200121","environment","wastewater","generation","m3_day",33777
2010,"4200122","environment","wastewater","generation","m3_day",27591
2010,"4200123","environment","wastewater","generation","m3_day",59878
2010,"4200124","environment","wastewater","generation","m3_day",9233
2010,"4200125","environment","wastewater","generation","m3_day",4575
2010,"4200126","environment","wastewater","generation","m3_day",22070
2010,"4200128","environment","wastewater","generation","m3_day",29688
2010,"4200129","environment","wastewater","generation","m3_day",57921
2010,"4200130","environment","wastewater","generation","m3_day",29931
2010,"4200132","environment","wastewater","generation","m3_day",102178
2010,"4200134","environment","wastewater","generation","m3_day",50847
2010,"4200136","environment","wastewater","generation","m3_day",16986
2010,"4200138","environment","wastewater","generation","m3_day",6458
2010,"4200140","environment","wastewater","generation","m3_day",93910
2010,"4200142","environment","wastewater","generation","m3_day",15964
2010,"4200144","environment","wastewater","generation","m3_day",50548
2010,"4200146","environment","wastewater","generation","m3_day",34619
2010,"4200148","environment","wastewater","generation","m3_day",17301
2010,"4200149","environment","wastewater","generation","m3_day",18663
2010,"4200150","environment","wastewater","generation","m3_day",4541
2010,"4200151","environment","wastewater","generation","m3_day",2835
2010,"4200155","environment","wastewater","generation","m3_day",113289
2010,"4200156","environment","wastewater","generation","m3_day",5114
2010,"4200157","environment","wastewater","generation","m3_day",4815
2010,"4200158","environment","wastewater","generation","m3_day",8931
2010,"4200159","environment","wastewater","generation","m3_day",2648
2010,"4200160","environment","wastewater","generation","m3_day",10090
2010,"4200161","environment","wastewater","generation","m3_day",1150
2010,"4200162","environment","wastewater","generation","m3_day",26202
2010,"4200163","environment","wastewater","generation","m3_day",14410
2010,"4200164","environment","wastewater","generation","m3_day",2816
2010,"4200165","environment","wastewater","generation","m3_day",9748
2010,"4200166","environment","wastewater","generation","m3_day",1144
2010,"4200167","environment","wastewater","generation","m3_day",16844
2010,"4200168","environment","wastewater","generation","m3_day",1676
2010,"4200169","environment","wastewater","generation","m3_day",503
2010,"4200170","environment","wastewater","generation","m3_day",1023
2010,"4200171","environment","wastewater","generation","m3_day",2347
2010,"4200172","environment","wastewater","generation","m3_day",957
2010,"4200173","environment","wastewater","generation","m3_day",2872
2010,"4200175","environment","wastewater","generation","m3_day",243245
2010,"4200176","environment","wastewater","generation","m3_day",447
2010,"4200177","environment","wastewater","generation","m3_day",59588
2010,"4200180","environment","wastewater","generation","m3_day",11114
2010,"4200181","environment","wastewater","generation","m3_day",4601
2010,"4200182","environment","wastewater","generation","m3_day",107270
2010,"4200183","environment","wastewater","generation","m3_day",6841
2010,"4200184","environment","wastewater","generation","m3_day",4566
2010,"4200185","environment","wastewater","generation","m3_day",1667
2010,"4200186","environment","wastewater","generation","m3_day",6861
2010,"4200188","environment","wastewater","generation","m3_day",13569
2010,"4200189","environment","wastewater","generation","m3_day",4824
2010,"4200190","environment","wastewater","generation","m3_day",21229
2010,"4200191","environment","wastewater","generation","m3_day",668
2010,"4200193","environment","wastewater","generation","m3_day",513186
2010,"4200196","environment","wastewater","generation","m3_day",19126
2010,"4200197","environment","wastewater","generation","m3_day",81099
2010,"4200199","environment","wastewater","generation","m3_day",6647
2010,"4200200","environment","wastewater","generation","m3_day",5970
2010,"4200201","environment","wastewater","generation","m3_day",170817
2010,"4200202","environment","wastewater","generation","m3_day",42360
2010,"4200203","environment","wastewater","generation","m3_day",4480
2010,"4200205","environment","wastewater","generation","m3_day",281
2010,"4200207","environment","wastewater","generation","m3_day",5399
2010,"4200208","environment","wastewater","generation","m3_day",33711
2010,"4200209","environment","wastewater","generation","m3_day",7139
2010,"4200210","environment","wastewater","generation","m3_day",19422
2010,"4200211","environment","wastewater","generation","m3_day",2061
2010,"4200212","environment","wastewater","generation","m3_day",3968
2010,"4200213","environment","wastewater","generation","m3_day",5496
2010,"4200214","environment","wastewater","generation","m3_day",9561
2010,"4200215","environment","wastewater","generation","m3_day",95651
2010,"4200218","environment","wastewater","generation","m3_day",250699
2010,"4200219","environment","wastewater","generation","m3_day",3440
2010,"4200220","environment","wastewater","generation","m3_day",65230
2010,"4200221","environment","wastewater","generation","m3_day",65252
2010,"4200222","environment","wastewater","generation","m3_day",30815
2010,"4200224","environment","wastewater","generation","m3_day",30584
2010,"4200225","environment","wastewater","generation","m3_day",10592
2010,"4200226","environment","wastewater","generation","m3_day",4659
2010,"4200227","environment","wastewater","generation","m3_day",29899
2010,"4200228","environment","wastewater","generation","m3_day",916
2010,"4200229","environment","wastewater","generation","m3_day",636
2010,"4200230","environment","wastewater","generation","m3_day",1415
2010,"4200231","environment","wastewater","generation","m3_day",2812
2010,"4200232","environment","wastewater","generation","m3_day",437
2010,"4200233","environment","wastewater","generation","m3_day",2261
2010,"4200234","environment","wastewater","generation","m3_day",1750
2010,"4200236","environment","wastewater","generation","m3_day",478120
2010,"4200237","environment","wastewater","generation","m3_day",3660
2010,"4200238","environment","wastewater","generation","m3_day",103670
2010,"4200239","environment","wastewater","generation","m3_day",10324
2010,"4200240","environment","wastewater","generation","m3_day",7124
2010,"4200241","environment","wastewater","generation","m3_day",304021
2010,"4200242","environment","wastewater","generation","m3_day",8216
2010,"4200243","environment","wastewater","generation","m3_day",970
2010,"4200244","environment","wastewater","generation","m3_day",540
2010,"4200247","environment","wastewater","generation","m3_day",2123
2010,"4200248","environment","wastewater","generation","m3_day",1089
2010,"4200249","environment","wastewater","generation","m3_day",13853
2010,"4200250","environment","wastewater","generation","m3_day",232
2010,"4200251","environment","wastewater","generation","m3_day",1583
2010,"4200252","environment","wastewater","generation","m3_day",875
2010,"4200253","environment","wastewater","generation","m3_day",10197
2010,"4200254","environment","wastewater","generation","m3_day",462
2010,"4200255","environment","wastewater","generation","m3_day",1719
2010,"4200256","environment","wastewater","generation","m3_day",2654
2010,"4200257","environment","wastewater","generation","m3_day",3627
2010,"4200258","environment","wastewater","generation","m3_day",871
2010,"4200259","environment","wastewater","generation","m3_day",227
2010,"4200260","environment","wastewater","generation","m3_day",86
2010,"4200262","environment","wastewater","generation","m3_day",850238
2010,"4200263","environment","wastewater","generation","m3_day",454035
2010,"4200264","environment","wastewater","generation","m3_day",2636
2010,"4200265","environment","wastewater","generation","m3_day",45467
2010,"4200266","environment","wastewater","generation","m3_day",18851
2010,"4200267","environment","wastewater","generation","m3_day",2341
2010,"4200268","environment","wastewater","generation","m3_day",254299
2010,"4200269","environment","wastewater","generation","m3_day",3418
2010,"4200270","environment","wastewater","generation","m3_day",4376
2010,"4200271","environment","wastewater","generation","m3_day",4245
2010,"4200272","environment","wastewater","generation","m3_day",828
2010,"4200273","environment","wastewater","generation","m3_day",14325
2010,"4200274","environment","wastewater","generation","m3_day",5978
2010,"4200275","environment","wastewater","generation","m3_day",807
2010,"4200276","environment","wastewater","generation","m3_day",103
2010,"4200277","environment","wastewater","generation","m3_day",121
2010,"4200278","environment","wastewater","generation","m3_day",3245
2010,"4200279","environment","wastewater","generation","m3_day",2098
2010,"4200280","environment","wastewater","generation","m3_day",6331
2010,"4200281","environment","wastewater","generation","m3_day",7658
2010,"4200282","environment","wastewater","generation","m3_day",11549
2010,"4200283","environment","wastewater","generation","m3_day",708
2010,"4200284","environment","wastewater","generation","m3_day",3280
2010,"4200285","environment","wastewater","generation","m3_day",3478
2010,"4200286","environment","wastewater","generation","m3_day",60
2010,"4200288","environment","wastewater","generation","m3_day",196009
2010,"4200293","environment","wastewater","generation","m3_day",24149
2010,"4200295","environment","wastewater","generation","m3_day",1729
2010,"4200297","environment","wastewater","generation","m3_day",4657
2010,"4200299","environment","wastewater","generation","m3_day",18433
2010,"4200301","environment","wastewater","generation","m3_day",3394
2010,"4200302","environment","wastewater","generation","m3_day",6813
2010,"4200303","environment","wastewater","generation","m3_day",49597
2010,"4200305","environment","wastewater","generation","m3_day",3416
2010,"4200306","environment","wastewater","generation","m3_day",16070
2010,"4200307","environment","wastewater","generation","m3_day",2971
2010,"4200308","environment","wastewater","generation","m3_day",3159
2010,"4200309","environment","wastewater","generation","m3_day",250
2010,"4200310","environment","wastewater","generation","m3_day",9651
2010,"4200311","environment","wastewater","generation","m3_day",519
2010,"4200312","environment","wastewater","generation","m3_day",4211
2010,"4200313","environment","wastewater","generation","m3_day",4030
2010,"4200314","environment","wastewater","generation","m3_day",1850
2010,"4200315","environment","wastewater","generation","m3_day",21824
2010,"4200316","environment","wastewater","generation","m3_day",7271
2010,"4200317","environment","wastewater","generation","m3_day",2122
2010,"4200318","environment","wastewater","generation","m3_day",1082
2010,"4200319","environment","wastewater","generation","m3_day",8812
2010,"4200321","environment","wastewater","generation","m3_day",8407
2010,"4200322","environment","wastewater","generation","m3_day",5620
2010,"4200323","environment","wastewater","generation","m3_day",2787
2015,"4200002","environment","wastewater","generation","m3_day",89909
2015,"4200003","environment","wastewater","generation","m3_day",627
2015,"4200004","environment","wastewater","generation","m3_day",1266
2015,"4200005","environment","wastewater","generation","m3_day",784
2015,"4200006","environment","wastewater","generation","m3_day",5880
2015,"4200007","environment","wastewater","generation","m3_day",8579
2015,"4200008","environment","wastewater","generation","m3_day",1261
2015,"4200009","environment","wastewater","generation","m3_day",928
2015,"4200010","environment","wastewater","generation","m3_day",1295
2015,"4200011","environment","wastewater","generation","m3_day",687
2015,"4200012","environment","wastewater","generation","m3_day",668
2015,"4200013","environment","wastewater","generation","m3_day",876
2015,"4200014","environment","wastewater","generation","m3_day",322
2015,"4200015","environment","wastewater","generation","m3_day",661
2015,"4200016","environment","wastewater","generation","m3_day",1813
2015,"4200017","environment","wastewater","generation","m3_day",2603
2015,"4200018","environment","wastewater","generation","m3_day",1886
2015,"4200019","environment","wastewater","generation","m3_day",1498
2015,"4200020","environment","wastewater","generation","m3_day",1832
2015,"4200021","environment","wastewater","generation","m3_day",5469
2015,"4200022","environment","wastewater","generation","m3_day",1476
2015,"4200023","environment","wastewater","generation","m3_day",1856
2015,"4200024","environment","wastewater","generation","m3_day",3643
2015,"4200025","environment","wastewater","generation","m3_day",3491
2015,"4200026","environment","wastewater","generation","m3_day",3244
2015,"4200027","environment","wastewater","generation","m3_day",37264
2015,"4200029","environment","wastewater","generation","m3_day",146344
2015,"4200030","environment","wastewater","generation","m3_day",53
2015,"4200031","environment","wastewater","generation","m3_day",3887
2015,"4200032","environment","wastewater","generation","m3_day",149
2015,"4200033","environment","wastewater","generation","m3_day",176
2015,"4200034","environment","wastewater","generation","m3_day",424
2015,"4200035","environment","wastewater","generation","m3_day",2300
2015,"4200036","environment","wastewater","generation","m3_day",34421
2015,"4200037","environment","wastewater","generation","m3_day",2921
2015,"4200038","environment","wastewater","generation","m3_day",3577
2015,"4200039","environment","wastewater","generation","m3_day",39178
2015,"4200040","environment","wastewater","generation","m3_day",2639
2015,"4200041","environment","wastewater","generation","m3_day",44462
2015,"4200042","environment","wastewater","generation","m3_day",171
2015,"4200043","environment","wastewater","generation","m3_day",120
2015,"4200044","environment","wastewater","generation","m3_day",4287
2015,"4200045","environment","wastewater","generation","m3_day",7579
2015,"4200047","environment","wastewater","generation","m3_day",219893
2015,"4200048","environment","wastewater","generation","m3_day",734
2015,"4200049","environment","wastewater","generation","m3_day",2315
2015,"4200050","environment","wastewater","generation","m3_day",104036
2015,"4200051","environment","wastewater","generation","m3_day",321
2015,"4200052","environment","wastewater","generation","m3_day",12943
2015,"4200053","environment","wastewater","generation","m3_day",1831
2015,"4200054","environment","wastewater","generation","m3_day",23225
2015,"4200055","environment","wastewater","generation","m3_day",74488
2015,"4200057","environment","wastewater","generation","m3_day",339471
2015,"4200058","environment","wastewater","generation","m3_day",15022
2015,"4200059","environment","wastewater","generation","m3_day",214336
2015,"4200060","environment","wastewater","generation","m3_day",9401
2015,"4200061","environment","wastewater","generation","m3_day",3616
2015,"4200062","environment","wastewater","generation","m3_day",24623
2015,"4200063","environment","wastewater","generation","m3_day",11106
2015,"4200064","environment","wastewater","generation","m3_day",3832
2015,"4200065","environment","wastewater","generation","m3_day",52643
2015,"4200066","environment","wastewater","generation","m3_day",721
2015,"4200067","environment","wastewater","generation","m3_day",4172
2015,"4200069","environment","wastewater","generation","m3_day",42096
2015,"4200070","environment","wastewater","generation","m3_day",11219
2015,"4200071","environment","wastewater","generation","m3_day",4689
2015,"4200072","environment","wastewater","generation","m3_day",2025
2015,"4200073","environment","wastewater","generation","m3_day",12664
2015,"4200074","environment","wastewater","generation","m3_day",11498
2015,"4200076","environment","wastewater","generation","m3_day",48499
2015,"4200077","environment","wastewater","generation","m3_day",791
2015,"4200078","environment","wastewater","generation","m3_day",1043
2015,"4200079","environment","wastewater","generation","m3_day",1715
2015,"4200080","environment","wastewater","generation","m3_day",6952
2015,"4200081","environment","wastewater","generation","m3_day",37998
2015,"4200083","environment","wastewater","generation","m3_day",430540
2015,"4200084","environment","wastewater","generation","m3_day",462
2015,"4200085","environment","wastewater","generation","m3_day",244584
2015,"4200086","environment","wastewater","generation","m3_day",898
2015,"4200087","environment","wastewater","generation","m3_day",21879
2015,"4200088","environment","wastewater","generation","m3_day",162717
2015,"4200090","environment","wastewater","generation","m3_day",58385
2015,"4200092","environment","wastewater","generation","m3_day",1027612
2015,"4200093","environment","wastewater","generation","m3_day",5591
2015,"4200094","environment","wastewater","generation","m3_day",3546
2015,"4200095","environment","wastewater","generation","m3_day",397
2015,"4200096","environment","wastewater","generation","m3_day",2801
2015,"4200098","environment","wastewater","generation","m3_day",7171
2015,"4200099","environment","wastewater","generation","m3_day",4246
2015,"4200100","environment","wastewater","generation","m3_day",8340
2015,"4200101","environment","wastewater","generation","m3_day",4193
2015,"4200102","environment","wastewater","generation","m3_day",1412
2015,"4200103","environment","wastewater","generation","m3_day",2693
2015,"4200104","environment","wastewater","generation","m3_day",14883
2015,"4200105","environment","wastewater","generation","m3_day",1258
2015,"4200106","environment","wastewater","generation","m3_day",4779
2015,"4200108","environment","wastewater","generation","m3_day",5317
2015,"4200109","environment","wastewater","generation","m3_day",83590
2015,"4200110","environment","wastewater","generation","m3_day",24754
2015,"4200112","environment","wastewater","generation","m3_day",163984
2015,"4200113","environment","wastewater","generation","m3_day",6768
2015,"4200115","environment","wastewater","generation","m3_day",3172
2015,"4200117","environment","wastewater","generation","m3_day",4258
2015,"4200118","environment","wastewater","generation","m3_day",736
2015,"4200119","environment","wastewater","generation","m3_day",355
2015,"4200120","environment","wastewater","generation","m3_day",4468
2015,"4200121","environment","wastewater","generation","m3_day",18814
2015,"4200122","environment","wastewater","generation","m3_day",24069
2015,"4200123","environment","wastewater","generation","m3_day",50161
2015,"4200124","environment","wastewater","generation","m3_day",9585
2015,"4200125","environment","wastewater","generation","m3_day",962
2015,"4200126","environment","wastewater","generation","m3_day",4810
2015,"4200128","environment","wastewater","generation","m3_day",12258
2015,"4200129","environment","wastewater","generation","m3_day",50428
2015,"4200130","environment","wastewater","generation","m3_day",6224
2015,"4200132","environment","wastewater","generation","m3_day",160513
2015,"4200134","environment","wastewater","generation","m3_day",68331
2015,"4200136","environment","wastewater","generation","m3_day",17952
2015,"4200138","environment","wastewater","generation","m3_day",6160
2015,"4200140","environment","wastewater","generation","m3_day",106177
2015,"4200142","environment","wastewater","generation","m3_day",7787
2015,"4200144","environment","wastewater","generation","m3_day",55361
2015,"4200146","environment","wastewater","generation","m3_day",43014
2015,"4200148","environment","wastewater","generation","m3_day",11478
2015,"4200149","environment","wastewater","generation","m3_day",2482
2015,"4200150","environment","wastewater","generation","m3_day",10331
2015,"4200151","environment","wastewater","generation","m3_day",2001
2015,"4200155","environment","wastewater","generation","m3_day",183836
2015,"4200156","environment","wastewater","generation","m3_day",3061
2015,"4200157","environment","wastewater","generation","m3_day",8288
2015,"4200158","environment","wastewater","generation","m3_day",9282
2015,"4200159","environment","wastewater","generation","m3_day",63881
2015,"4200160","environment","wastewater","generation","m3_day",14223
2015,"4200161","environment","wastewater","generation","m3_day",1305
2015,"4200162","environment","wastewater","generation","m3_day",25100
2015,"4200163","environment","wastewater","generation","m3_day",10513
2015,"4200164","environment","wastewater","generation","m3_day",6008
2015,"4200165","environment","wastewater","generation","m3_day",7204
2015,"4200166","environment","wastewater","generation","m3_day",4220
2015,"4200167","environment","wastewater","generation","m3_day",2934
2015,"4200168","environment","wastewater","generation","m3_day",1790
2015,"4200169","environment","wastewater","generation","m3_day",473
2015,"4200170","environment","wastewater","generation","m3_day",1439
2015,"4200171","environment","wastewater","generation","m3_day",16108
2015,"4200172","environment","wastewater","generation","m3_day",1707
2015,"4200173","environment","wastewater","generation","m3_day",6299
2015,"4200175","environment","wastewater","generation","m3_day",280999
2015,"4200176","environment","wastewater","generation","m3_day",1380
2015,"4200177","environment","wastewater","generation","m3_day",150333
2015,"4200180","environment","wastewater","generation","m3_day",16573
2015,"4200181","environment","wastewater","generation","m3_day",5551
2015,"4200182","environment","wastewater","generation","m3_day",36216
2015,"4200183","environment","wastewater","generation","m3_day",4642
2015,"4200184","environment","wastewater","generation","m3_day",3434
2015,"4200185","environment","wastewater","generation","m3_day",2109
2015,"4200186","environment","wastewater","generation","m3_day",6019
2015,"4200188","environment","wastewater","generation","m3_day",23278
2015,"4200189","environment","wastewater","generation","m3_day",5997
2015,"4200190","environment","wastewater","generation","m3_day",24189
2015,"4200191","environment","wastewater","generation","m3_day",1277
2015,"4200193","environment","wastewater","generation","m3_day",698834
2015,"4200196","environment","wastewater","generation","m3_day",15659
2015,"4200197","environment","wastewater","generation","m3_day",146458
2015,"4200199","environment","wastewater","generation","m3_day",5882
2015,"4200200","environment","wastewater","generation","m3_day",7715
2015,"4200201","environment","wastewater","generation","m3_day",250049
2015,"4200202","environment","wastewater","generation","m3_day",62454
2015,"4200203","environment","wastewater","generation","m3_day",5257
2015,"4200205","environment","wastewater","generation","m3_day",744
2015,"4200207","environment","wastewater","generation","m3_day",8077
2015,"4200209","environment","wastewater","generation","m3_day",6804
2015,"4200210","environment","wastewater","generation","m3_day",40699
2015,"4200211","environment","wastewater","generation","m3_day",2141
2015,"4200212","environment","wastewater","generation","m3_day",4726
2015,"4200213","environment","wastewater","generation","m3_day",4225
2015,"4200214","environment","wastewater","generation","m3_day",10513
2015,"4200216","environment","wastewater","generation","m3_day",127431
2015,"4200218","environment","wastewater","generation","m3_day",280232
2015,"4200219","environment","wastewater","generation","m3_day",1683
2015,"4200220","environment","wastewater","generation","m3_day",68318
2015,"4200221","environment","wastewater","generation","m3_day",67436
2015,"4200222","environment","wastewater","generation","m3_day",55573
2015,"4200223","environment","wastewater","generation","m3_day",10185
2015,"4200224","environment","wastewater","generation","m3_day",13197
2015,"4200225","environment","wastewater","generation","m3_day",10638
2015,"4200227","environment","wastewater","generation","m3_day",36061
2015,"4200228","environment","wastewater","generation","m3_day",1093
2015,"4200229","environment","wastewater","generation","m3_day",316
2015,"4200230","environment","wastewater","generation","m3_day",398
2015,"4200231","environment","wastewater","generation","m3_day",2368
2015,"4200232","environment","wastewater","generation","m3_day",1111
2015,"4200233","environment","wastewater","generation","m3_day",3284
2015,"4200234","environment","wastewater","generation","m3_day",8572
2015,"4200236","environment","wastewater","generation","m3_day",370363
2015,"4200237","environment","wastewater","generation","m3_day",3005
2015,"4200238","environment","wastewater","generation","m3_day",117934
2015,"4200239","environment","wastewater","generation","m3_day",12328
2015,"4200240","environment","wastewater","generation","m3_day",6854
2015,"4200241","environment","wastewater","generation","m3_day",181138
2015,"4200242","environment","wastewater","generation","m3_day",7865
2015,"4200243","environment","wastewater","generation","m3_day",799
2015,"4200244","environment","wastewater","generation","m3_day",664
2015,"4200247","environment","wastewater","generation","m3_day",1124
2015,"4200248","environment","wastewater","generation","m3_day",316
2015,"4200249","environment","wastewater","generation","m3_day",14670
2015,"4200250","environment","wastewater","generation","m3_day",2513
2015,"4200251","environment","wastewater","generation","m3_day",1001
2015,"4200252","environment","wastewater","generation","m3_day",631
2015,"4200253","environment","wastewater","generation","m3_day",9473
2015,"4200254","environment","wastewater","generation","m3_day",486
2015,"4200255","environment","wastewater","generation","m3_day",1126
2015,"4200256","environment","wastewater","generation","m3_day",3300
2015,"4200257","environment","wastewater","generation","m3_day",3658
2015,"4200258","environment","wastewater","generation","m3_day",982
2015,"4200259","environment","wastewater","generation","m3_day",369
2015,"4200260","environment","wastewater","generation","m3_day",126
2015,"4200262","environment","wastewater","generation","m3_day",593787
2015,"4200263","environment","wastewater","generation","m3_day",224505
2015,"4200264","environment","wastewater","generation","m3_day",2333
2015,"4200265","environment","wastewater","generation","m3_day",53977
2015,"4200266","environment","wastewater","generation","m3_day",19601
2015,"4200267","environment","wastewater","generation","m3_day",4157
2015,"4200268","environment","wastewater","generation","m3_day",206515
2015,"4200269","environment","wastewater","generation","m3_day",4762
2015,"4200270","environment","wastewater","generation","m3_day",5871
2015,"4200271","environment","wastewater","generation","m3_day",4388
2015,"4200272","environment","wastewater","generation","m3_day",3697
2015,"4200273","environment","wastewater","generation","m3_day",12725
2015,"4200274","environment","wastewater","generation","m3_day",4623
2015,"4200275","environment","wastewater","generation","m3_day",952
2015,"4200276","environment","wastewater","generation","m3_day",429
2015,"4200277","environment","wastewater","generation","m3_day",72
2015,"4200278","environment","wastewater","generation","m3_day",2596
2015,"4200279","environment","wastewater","generation","m3_day",2587
2015,"4200280","environment","wastewater","generation","m3_day",7469
2015,"4200281","environment","wastewater","generation","m3_day",8027
2015,"4200282","environment","wastewater","generation","m3_day",16666
2015,"4200283","environment","wastewater","generation","m3_day",1139
2015,"4200284","environment","wastewater","generation","m3_day",1470
2015,"4200285","environment","wastewater","generation","m3_day",4934
2015,"4200286","environment","wastewater","generation","m3_day",291
2015,"4200288","environment","wastewater","generation","m3_day",269077
2015,"4200293","environment","wastewater","generation","m3_day",20920
2015,"4200295","environment","wastewater","generation","m3_day",1236
2015,"4200297","environment","wastewater","generation","m3_day",7358
2015,"4200299","environment","wastewater","generation","m3_day",44589
2015,"4200301","environment","wastewater","generation","m3_day",3549
2015,"4200302","environment","wastewater","generation","m3_day",6758
2015,"4200303","environment","wastewater","generation","m3_day",52109
2015,"4200305","environment","wastewater","generation","m3_day",3842
2015,"4200306","environment","wastewater","generation","m3_day",49145
2015,"4200307","environment","wastewater","generation","m3_day",1791
2015,"4200308","environment","wastewater","generation","m3_day",4500
2015,"4200309","environment","wastewater","generation","m3_day",323
2015,"4200310","environment","wastewater","generation","m3_day",15144
2015,"4200311","environment","wastewater","generation","m3_day",423
2015,"4200312","environment","wastewater","generation","m3_day",1601
2015,"4200313","environment","wastewater","generation","m3_day",4588
2015,"4200314","environment","wastewater","generation","m3_day",2223
2015,"4200315","environment","wastewater","generation","m3_day",25666
2015,"4200316","environment","wastewater","generation","m3_day",6866
2015,"4200317","environment","wastewater","generation","m3_day",9014
2015,"4200318","environment","wastewater","generation","m3_day",808
2015,"4200319","environment","wastewater","generation","m3_day",6625
2015,"4200321","environment","wastewater","generation","m3_day",9050
2015,"4200322","environment","wastewater","generation","m3_day",6468
2015,"4200323","environment","wastewater","generation","m3_day",2582
2020,"4200002","environment","wastewater","generation","m3_day",56315
2020,"4200003","environment","wastewater","generation","m3_day",954
2020,"4200004","environment","wastewater","generation","m3_day",1424
2020,"4200005","environment","wastewater","generation","m3_day",1536
2020,"4200006","environment","wastewater","generation","m3_day",5981
2020,"4200007","environment","wastewater","generation","m3_day",3093
2020,"4200008","environment","wastewater","generation","m3_day",847
2020,"4200009","environment","wastewater","generation","m3_day",651
2020,"4200010","environment","wastewater","generation","m3_day",1039
2020,"4200011","environment","wastewater","generation","m3_day",228
2020,"4200012","environment","wastewater","generation","m3_day",898
2020,"4200013","environment","wastewater","generation","m3_day",1901
2020,"4200014","environment","wastewater","generation","m3_day",362
2020,"4200015","environment","wastewater","generation","m3_day",882
2020,"4200016","environment","wastewater","generation","m3_day",453
2020,"4200017","environment","wastewater","generation","m3_day",1997
2020,"4200018","environment","wastewater","generation","m3_day",3302
2020,"4200019","environment","wastewater","generation","m3_day",3236
2020,"4200020","environment","wastewater","generation","m3_day",1274
2020,"4200021","environment","wastewater","generation","m3_day",5496
2020,"4200022","environment","wastewater","generation","m3_day",1411
2020,"4200023","environment","wastewater","generation","m3_day",1468
2020,"4200024","environment","wastewater","generation","m3_day",2557
2020,"4200025","environment","wastewater","generation","m3_day",3962
2020,"4200026","environment","wastewater","generation","m3_day",1769
2020,"4200027","environment","wastewater","generation","m3_day",9594
2020,"4200029","environment","wastewater","generation","m3_day",130336
2020,"4200030","environment","wastewater","generation","m3_day",64
2020,"4200031","environment","wastewater","generation","m3_day",3484
2020,"4200032","environment","wastewater","generation","m3_day",118
2020,"4200033","environment","wastewater","generation","m3_day",239
2020,"4200034","environment","wastewater","generation","m3_day",143
2020,"4200035","environment","wastewater","generation","m3_day",2571
2020,"4200036","environment","wastewater","generation","m3_day",11138
2020,"4200037","environment","wastewater","generation","m3_day",1398
2020,"4200038","environment","wastewater","generation","m3_day",1423
2020,"4200039","environment","wastewater","generation","m3_day",56720
2020,"4200040","environment","wastewater","generation","m3_day",2471
2020,"4200041","environment","wastewater","generation","m3_day",39486
2020,"4200042","environment","wastewater","generation","m3_day",70
2020,"4200043","environment","wastewater","generation","m3_day",80
2020,"4200044","environment","wastewater","generation","m3_day",3774
2020,"4200045","environment","wastewater","generation","m3_day",7159
2020,"4200047","environment","wastewater","generation","m3_day",164735
2020,"4200048","environment","wastewater","generation","m3_day",507
2020,"4200049","environment","wastewater","generation","m3_day",788
2020,"4200050","environment","wastewater","generation","m3_day",75250
2020,"4200051","environment","wastewater","generation","m3_day",91
2020,"4200052","environment","wastewater","generation","m3_day",9868
2020,"4200053","environment","wastewater","generation","m3_day",2252
2020,"4200054","environment","wastewater","generation","m3_day",20004
2020,"4200055","environment","wastewater","generation","m3_day",55975
2020,"4200057","environment","wastewater","generation","m3_day",117297
2020,"4200058","environment","wastewater","generation","m3_day",17639
2020,"4200059","environment","wastewater","generation","m3_day",4790
2020,"4200060","environment","wastewater","generation","m3_day",2466
2020,"4200061","environment","wastewater","generation","m3_day",6022
2020,"4200062","environment","wastewater","generation","m3_day",15136
2020,"4200063","environment","wastewater","generation","m3_day",10657
2020,"4200064","environment","wastewater","generation","m3_day",576
2020,"4200065","environment","wastewater","generation","m3_day",59180
2020,"4200066","environment","wastewater","generation","m3_day",826
2020,"4200067","environment","wastewater","generation","m3_day",5
2020,"4200069","environment","wastewater","generation","m3_day",32420
2020,"4200070","environment","wastewater","generation","m3_day",1850
2020,"4200071","environment","wastewater","generation","m3_day",5027
2020,"4200072","environment","wastewater","generation","m3_day",2735
2020,"4200073","environment","wastewater","generation","m3_day",11066
2020,"4200074","environment","wastewater","generation","m3_day",11742
2020,"4200076","environment","wastewater","generation","m3_day",58640
2020,"4200077","environment","wastewater","generation","m3_day",316
2020,"4200078","environment","wastewater","generation","m3_day",2395
2020,"4200079","environment","wastewater","generation","m3_day",1676
2020,"4200080","environment","wastewater","generation","m3_day",3953
2020,"4200081","environment","wastewater","generation","m3_day",50299
2020,"4200083","environment","wastewater","generation","m3_day",447971
2020,"4200084","environment","wastewater","generation","m3_day",126
2020,"4200085","environment","wastewater","generation","m3_day",250913
2020,"4200086","environment","wastewater","generation","m3_day",1181
2020,"4200087","environment","wastewater","generation","m3_day",15487
2020,"4200088","environment","wastewater","generation","m3_day",180265
2020,"4200090","environment","wastewater","generation","m3_day",75282
2020,"4200092","environment","wastewater","generation","m3_day",1115266
2020,"4200093","environment","wastewater","generation","m3_day",5908
2020,"4200094","environment","wastewater","generation","m3_day",2333
2020,"4200095","environment","wastewater","generation","m3_day",340
2020,"4200096","environment","wastewater","generation","m3_day",6398
2020,"4200098","environment","wastewater","generation","m3_day",5378
2020,"4200099","environment","wastewater","generation","m3_day",2187
2020,"4200100","environment","wastewater","generation","m3_day",4750
2020,"4200101","environment","wastewater","generation","m3_day",3092
2020,"4200102","environment","wastewater","generation","m3_day",1582
2020,"4200103","environment","wastewater","generation","m3_day",2576
2020,"4200153","environment","wastewater","generation","m3_day",16837
2020,"4200108","environment","wastewater","generation","m3_day",4841
2020,"4200109","environment","wastewater","generation","m3_day",135043
2020,"4200110","environment","wastewater","generation","m3_day",24019
2020,"4200112","environment","wastewater","generation","m3_day",139773
2020,"4200113","environment","wastewater","generation","m3_day",5297
2020,"4200115","environment","wastewater","generation","m3_day",5602
2020,"4200117","environment","wastewater","generation","m3_day",3918
2020,"4200118","environment","wastewater","generation","m3_day",823
2020,"4200119","environment","wastewater","generation","m3_day",237
2020,"4200120","environment","wastewater","generation","m3_day",3259
2020,"4200121","environment","wastewater","generation","m3_day",22613
2020,"4200122","environment","wastewater","generation","m3_day",6304
2020,"4200123","environment","wastewater","generation","m3_day",37183
2020,"4200124","environment","wastewater","generation","m3_day",6801
2020,"4200125","environment","wastewater","generation","m3_day",1517
2020,"4200126","environment","wastewater","generation","m3_day",6923
2020,"4200128","environment","wastewater","generation","m3_day",17027
2020,"4200129","environment","wastewater","generation","m3_day",55465
2020,"4200130","environment","wastewater","generation","m3_day",33987
2020,"4200132","environment","wastewater","generation","m3_day",89595
2020,"4200134","environment","wastewater","generation","m3_day",140146
2020,"4200136","environment","wastewater","generation","m3_day",31764
2020,"4200138","environment","wastewater","generation","m3_day",8754
2020,"4200140","environment","wastewater","generation","m3_day",166857
2020,"4200142","environment","wastewater","generation","m3_day",6431
2020,"4200144","environment","wastewater","generation","m3_day",48476
2020,"4200146","environment","wastewater","generation","m3_day",40482
2020,"4200152","environment","wastewater","generation","m3_day",16515
2020,"4200149","environment","wastewater","generation","m3_day",830
2020,"4200150","environment","wastewater","generation","m3_day",1512
2020,"4200151","environment","wastewater","generation","m3_day",1890
2020,"4200155","environment","wastewater","generation","m3_day",141144
2020,"4200156","environment","wastewater","generation","m3_day",5923
2020,"4200157","environment","wastewater","generation","m3_day",7007
2020,"4200158","environment","wastewater","generation","m3_day",14781
2020,"4200159","environment","wastewater","generation","m3_day",6842
2020,"4200160","environment","wastewater","generation","m3_day",10342
2020,"4200161","environment","wastewater","generation","m3_day",6493
2020,"4200162","environment","wastewater","generation","m3_day",53686
2020,"4200163","environment","wastewater","generation","m3_day",10997
2020,"4200164","environment","wastewater","generation","m3_day",5404
2020,"4200165","environment","wastewater","generation","m3_day",7141
2020,"4200166","environment","wastewater","generation","m3_day",1003
2020,"4200167","environment","wastewater","generation","m3_day",2957
2020,"4200168","environment","wastewater","generation","m3_day",1037
2020,"4200169","environment","wastewater","generation","m3_day",441
2020,"4200170","environment","wastewater","generation","m3_day",1249
2020,"4200171","environment","wastewater","generation","m3_day",1700
2020,"4200172","environment","wastewater","generation","m3_day",1264
2020,"4200173","environment","wastewater","generation","m3_day",2876
2020,"4200175","environment","wastewater","generation","m3_day",397592
2020,"4200176","environment","wastewater","generation","m3_day",976
2020,"4200177","environment","wastewater","generation","m3_day",232717
2020,"4200178","environment","wastewater","generation","m3_day",7267
2020,"4200179","environment","wastewater","generation","m3_day",25148
2020,"4200180","environment","wastewater","generation","m3_day",17392
2020,"4200181","environment","wastewater","generation","m3_day",8561
2020,"4200183","environment","wastewater","generation","m3_day",2278
2020,"4200184","environment","wastewater","generation","m3_day",1936
2020,"4200185","environment","wastewater","generation","m3_day",3344
2020,"4200186","environment","wastewater","generation","m3_day",8958
2020,"4200188","environment","wastewater","generation","m3_day",25996
2020,"4200189","environment","wastewater","generation","m3_day",6803
2020,"4200190","environment","wastewater","generation","m3_day",52044
2020,"4200191","environment","wastewater","generation","m3_day",4171
2020,"4200193","environment","wastewater","generation","m3_day",528323
2020,"4200196","environment","wastewater","generation","m3_day",28979
2020,"4200197","environment","wastewater","generation","m3_day",32900
2020,"4200199","environment","wastewater","generation","m3_day",7983
2020,"4200200","environment","wastewater","generation","m3_day",7250
2020,"4200201","environment","wastewater","generation","m3_day",180152
2020,"4200202","environment","wastewater","generation","m3_day",89989
2020,"4200203","environment","wastewater","generation","m3_day",6063
2020,"4200205","environment","wastewater","generation","m3_day",1234
2020,"4200207","environment","wastewater","generation","m3_day",17164
2020,"4200209","environment","wastewater","generation","m3_day",11278
2020,"4200210","environment","wastewater","generation","m3_day",27344
2020,"4200211","environment","wastewater","generation","m3_day",2662
2020,"4200212","environment","wastewater","generation","m3_day",3178
2020,"4200213","environment","wastewater","generation","m3_day",4574
2020,"4200214","environment","wastewater","generation","m3_day",14934
2020,"4200216","environment","wastewater","generation","m3_day",92640
2020,"4200218","environment","wastewater","generation","m3_day",305895
2020,"4200219","environment","wastewater","generation","m3_day",1625
2020,"4200220","environment","wastewater","generation","m3_day",55075
2020,"4200221","environment","wastewater","generation","m3_day",87518
2020,"4200222","environment","wastewater","generation","m3_day",44106
2020,"4200224","environment","wastewater","generation","m3_day",39721
2020,"4200225","environment","wastewater","generation","m3_day",11667
2020,"4200226","environment","wastewater","generation","m3_day",9816
2020,"4200227","environment","wastewater","generation","m3_day",38997
2020,"4200228","environment","wastewater","generation","m3_day",806
2020,"4200229","environment","wastewater","generation","m3_day",189
2020,"4200230","environment","wastewater","generation","m3_day",194
2020,"4200231","environment","wastewater","generation","m3_day",5052
2020,"4200232","environment","wastewater","generation","m3_day",1451
2020,"4200233","environment","wastewater","generation","m3_day",2961
2020,"4200234","environment","wastewater","generation","m3_day",6718
2020,"4200236","environment","wastewater","generation","m3_day",447989
2020,"4200237","environment","wastewater","generation","m3_day",3411
2020,"4200238","environment","wastewater","generation","m3_day",174458
2020,"4200239","environment","wastewater","generation","m3_day",9070
2020,"4200240","environment","wastewater","generation","m3_day",8556
2020,"4200241","environment","wastewater","generation","m3_day",193970
2020,"4200242","environment","wastewater","generation","m3_day",7164
2020,"4200243","environment","wastewater","generation","m3_day",765
2020,"4200244","environment","wastewater","generation","m3_day",1054
2020,"4200247","environment","wastewater","generation","m3_day",2765
2020,"4200248","environment","wastewater","generation","m3_day",704
2020,"4200249","environment","wastewater","generation","m3_day",13266
2020,"4200250","environment","wastewater","generation","m3_day",3532
2020,"4200251","environment","wastewater","generation","m3_day",1788
2020,"4200252","environment","wastewater","generation","m3_day",2267
2020,"4200253","environment","wastewater","generation","m3_day",7654
2020,"4200254","environment","wastewater","generation","m3_day",2971
2020,"4200255","environment","wastewater","generation","m3_day",3577
2020,"4200256","environment","wastewater","generation","m3_day",4318
2020,"4200257","environment","wastewater","generation","m3_day",4195
2020,"4200258","environment","wastewater","generation","m3_day",972
2020,"4200259","environment","wastewater","generation","m3_day",1121
2020,"4200260","environment","wastewater","generation","m3_day",409
2020,"4200262","environment","wastewater","generation","m3_day",591401
2020,"4200263","environment","wastewater","generation","m3_day",222682
2020,"4200264","environment","wastewater","generation","m3_day",4224
2020,"4200265","environment","wastewater","generation","m3_day",20065
2020,"4200266","environment","wastewater","generation","m3_day",20291
2020,"4200267","environment","wastewater","generation","m3_day",12167
2020,"4200268","environment","wastewater","generation","m3_day",213389
2020,"4200269","environment","wastewater","generation","m3_day",6597
2020,"4200270","environment","wastewater","generation","m3_day",5422
2020,"4200271","environment","wastewater","generation","m3_day",5551
2020,"4200272","environment","wastewater","generation","m3_day",1964
2020,"4200273","environment","wastewater","generation","m3_day",11542
2020,"4200274","environment","wastewater","generation","m3_day",5131
2020,"4200275","environment","wastewater","generation","m3_day",565
2020,"4200276","environment","wastewater","generation","m3_day",495
2020,"4200277","environment","wastewater","generation","m3_day",177
2020,"4200278","environment","wastewater","generation","m3_day",2551
2020,"4200279","environment","wastewater","generation","m3_day",1305
2020,"4200280","environment","wastewater","generation","m3_day",7248
2020,"4200281","environment","wastewater","generation","m3_day",1830
2020,"4200282","environment","wastewater","generation","m3_day",39410
2020,"4200283","environment","wastewater","generation","m3_day",1433
2020,"4200284","environment","wastewater","generation","m3_day",2650
2020,"4200285","environment","wastewater","generation","m3_day",4651
2020,"4200286","environment","wastewater","generation","m3_day",60
2020,"4200288","environment","wastewater","generation","m3_day",218440
2020,"4200293","environment","wastewater","generation","m3_day",31591
2020,"4200295","environment","wastewater","generation","m3_day",2750
2020,"4200297","environment","wastewater","generation","m3_day",8837
2020,"4200299","environment","wastewater","generation","m3_day",22453
2020,"4200301","environment","wastewater","generation","m3_day",5578
2020,"4200302","environment","wastewater","generation","m3_day",2713
2020,"4200303","environment","wastewater","generation","m3_day",43413
2020,"4200305","environment","wastewater","generation","m3_day",4904
2020,"4200306","environment","wastewater","generation","m3_day",22626
2020,"4200307","environment","wastewater","generation","m3_day",3378
2020,"4200308","environment","wastewater","generation","m3_day",5445
2020,"4200309","environment","wastewater","generation","m3_day",616
2020,"4200310","environment","wastewater","generation","m3_day",6643
2020,"4200311","environment","wastewater","generation","m3_day",500
2020,"4200312","environment","wastewater","generation","m3_day",1402
2020,"4200313","environment","wastewater","generation","m3_day",5995
2020,"4200314","environment","wastewater","generation","m3_day",3786
2020,"4200315","environment","wastewater","generation","m3_day",33911
2020,"4200316","environment","wastewater","generation","m3_day",6930
2020,"4200317","environment","wastewater","generation","m3_day",435
2020,"4200318","environment","wastewater","generation","m3_day",533
2020,"4200319","environment","wastewater","generation","m3_day",3999
2020,"4200321","environment","wastewater","generation","m3_day",12463
2020,"4200322","environment","wastewater","generation","m3_day",7716
2020,"4200323","environment","wastewater","generation","m3_day",4746
2010,"4200002","environment","wastewater","discharge","m3_day",87631
2010,"4200003","environment","wastewater","discharge","m3_day",543
2010,"4200004","environment","wastewater","discharge","m3_day",1076
2010,"4200005","environment","wastewater","discharge","m3_day",1294
2010,"4200006","environment","wastewater","discharge","m3_day",11182
2010,"4200007","environment","wastewater","discharge","m3_day",30427
2010,"4200008","environment","wastewater","discharge","m3_day",1071
2010,"4200009","environment","wastewater","discharge","m3_day",351
2010,"4200010","environment","wastewater","discharge","m3_day",2599
2010,"4200011","environment","wastewater","discharge","m3_day",359
2010,"4200012","environment","wastewater","discharge","m3_day",697
2010,"4200013","environment","wastewater","discharge","m3_day",941
2010,"4200014","environment","wastewater","discharge","m3_day",253
2010,"4200015","environment","wastewater","discharge","m3_day",408
2010,"4200016","environment","wastewater","discharge","m3_day",405
2010,"4200017","environment","wastewater","discharge","m3_day",1485
2010,"4200018","environment","wastewater","discharge","m3_day",2173
2010,"4200019","environment","wastewater","discharge","m3_day",1409
2010,"4200020","environment","wastewater","discharge","m3_day",1494
2010,"4200021","environment","wastewater","discharge","m3_day",6273
2010,"4200022","environment","wastewater","discharge","m3_day",1431
2010,"4200023","environment","wastewater","discharge","m3_day",2675
2010,"4200024","environment","wastewater","discharge","m3_day",1585
2010,"4200025","environment","wastewater","discharge","m3_day",2296
2010,"4200026","environment","wastewater","discharge","m3_day",3445
2010,"4200027","environment","wastewater","discharge","m3_day",11760
2010,"4200029","environment","wastewater","discharge","m3_day",107812
2010,"4200030","environment","wastewater","discharge","m3_day",50
2010,"4200031","environment","wastewater","discharge","m3_day",1926
2010,"4200032","environment","wastewater","discharge","m3_day",146
2010,"4200033","environment","wastewater","discharge","m3_day",165
2010,"4200034","environment","wastewater","discharge","m3_day",518
2010,"4200035","environment","wastewater","discharge","m3_day",3765
2010,"4200036","environment","wastewater","discharge","m3_day",6278
2010,"4200037","environment","wastewater","discharge","m3_day",1542
2010,"4200038","environment","wastewater","discharge","m3_day",4565
2010,"4200039","environment","wastewater","discharge","m3_day",43521
2010,"4200040","environment","wastewater","discharge","m3_day",2352
2010,"4200041","environment","wastewater","discharge","m3_day",33021
2010,"4200042","environment","wastewater","discharge","m3_day",155
2010,"4200043","environment","wastewater","discharge","m3_day",153
2010,"4200044","environment","wastewater","discharge","m3_day",3576
2010,"4200045","environment","wastewater","discharge","m3_day",6078
2010,"4200047","environment","wastewater","discharge","m3_day",166202
2010,"4200048","environment","wastewater","discharge","m3_day",944
2010,"4200049","environment","wastewater","discharge","m3_day",1681
2010,"4200050","environment","wastewater","discharge","m3_day",101945
2010,"4200051","environment","wastewater","discharge","m3_day",241
2010,"4200052","environment","wastewater","discharge","m3_day",11330
2010,"4200053","environment","wastewater","discharge","m3_day",1977
2010,"4200054","environment","wastewater","discharge","m3_day",21288
2010,"4200055","environment","wastewater","discharge","m3_day",26796
2010,"4200057","environment","wastewater","discharge","m3_day",82394
2010,"4200058","environment","wastewater","discharge","m3_day",10546
2010,"4200059","environment","wastewater","discharge","m3_day",2593
2010,"4200060","environment","wastewater","discharge","m3_day",9425
2010,"4200061","environment","wastewater","discharge","m3_day",2239
2010,"4200062","environment","wastewater","discharge","m3_day",12442
2010,"4200063","environment","wastewater","discharge","m3_day",10122
2010,"4200064","environment","wastewater","discharge","m3_day",989
2010,"4200065","environment","wastewater","discharge","m3_day",33413
2010,"4200066","environment","wastewater","discharge","m3_day",558
2010,"4200067","environment","wastewater","discharge","m3_day",67
2010,"4200069","environment","wastewater","discharge","m3_day",25728
2010,"4200070","environment","wastewater","discharge","m3_day",1835
2010,"4200071","environment","wastewater","discharge","m3_day",4128
2010,"4200072","environment","wastewater","discharge","m3_day",1722
2010,"4200073","environment","wastewater","discharge","m3_day",9301
2010,"4200074","environment","wastewater","discharge","m3_day",8742
2010,"4200076","environment","wastewater","discharge","m3_day",45195
2010,"4200077","environment","wastewater","discharge","m3_day",1214
2010,"4200078","environment","wastewater","discharge","m3_day",807
2010,"4200079","environment","wastewater","discharge","m3_day",2055
2010,"4200080","environment","wastewater","discharge","m3_day",6597
2010,"4200081","environment","wastewater","discharge","m3_day",34522
2010,"4200083","environment","wastewater","discharge","m3_day",357690
2010,"4200084","environment","wastewater","discharge","m3_day",474
2010,"4200085","environment","wastewater","discharge","m3_day",221240
2010,"4200086","environment","wastewater","discharge","m3_day",2204
2010,"4200087","environment","wastewater","discharge","m3_day",14076
2010,"4200088","environment","wastewater","discharge","m3_day",119697
2010,"4200092","environment","wastewater","discharge","m3_day",791149
2010,"4200093","environment","wastewater","discharge","m3_day",3635
2010,"4200094","environment","wastewater","discharge","m3_day",1605
2010,"4200095","environment","wastewater","discharge","m3_day",861
2010,"4200096","environment","wastewater","discharge","m3_day",4624
2010,"4200098","environment","wastewater","discharge","m3_day",2719
2010,"4200099","environment","wastewater","discharge","m3_day",2907
2010,"4200100","environment","wastewater","discharge","m3_day",2963
2010,"4200101","environment","wastewater","discharge","m3_day",1206
2010,"4200102","environment","wastewater","discharge","m3_day",1107
2010,"4200103","environment","wastewater","discharge","m3_day",3727
2010,"4200104","environment","wastewater","discharge","m3_day",18292
2010,"4200105","environment","wastewater","discharge","m3_day",453
2010,"4200106","environment","wastewater","discharge","m3_day",3893
2010,"4200108","environment","wastewater","discharge","m3_day",4259
2010,"4200109","environment","wastewater","discharge","m3_day",51025
2010,"4200110","environment","wastewater","discharge","m3_day",27970
2010,"4200112","environment","wastewater","discharge","m3_day",154753
2010,"4200113","environment","wastewater","discharge","m3_day",5889
2010,"4200115","environment","wastewater","discharge","m3_day",2781
2010,"4200117","environment","wastewater","discharge","m3_day",2531
2010,"4200118","environment","wastewater","discharge","m3_day",895
2010,"4200119","environment","wastewater","discharge","m3_day",190
2010,"4200120","environment","wastewater","discharge","m3_day",2742
2010,"4200121","environment","wastewater","discharge","m3_day",12641
2010,"4200122","environment","wastewater","discharge","m3_day",16370
2010,"4200123","environment","wastewater","discharge","m3_day",51752
2010,"4200124","environment","wastewater","discharge","m3_day",8346
2010,"4200125","environment","wastewater","discharge","m3_day",1082
2010,"4200126","environment","wastewater","discharge","m3_day",10133
2010,"4200128","environment","wastewater","discharge","m3_day",11817
2010,"4200129","environment","wastewater","discharge","m3_day",56743
2010,"4200130","environment","wastewater","discharge","m3_day",3598
2010,"4200132","environment","wastewater","discharge","m3_day",94216
2010,"4200134","environment","wastewater","discharge","m3_day",48828
2010,"4200136","environment","wastewater","discharge","m3_day",13303
2010,"4200138","environment","wastewater","discharge","m3_day",4786
2010,"4200140","environment","wastewater","discharge","m3_day",70292
2010,"4200142","environment","wastewater","discharge","m3_day",6006
2010,"4200144","environment","wastewater","discharge","m3_day",31065
2010,"4200146","environment","wastewater","discharge","m3_day",23220
2010,"4200148","environment","wastewater","discharge","m3_day",3915
2010,"4200149","environment","wastewater","discharge","m3_day",17918
2010,"4200150","environment","wastewater","discharge","m3_day",1522
2010,"4200151","environment","wastewater","discharge","m3_day",2568
2010,"4200155","environment","wastewater","discharge","m3_day",77387
2010,"4200156","environment","wastewater","discharge","m3_day",3735
2010,"4200157","environment","wastewater","discharge","m3_day",4398
2010,"4200158","environment","wastewater","discharge","m3_day",8505
2010,"4200159","environment","wastewater","discharge","m3_day",1587
2010,"4200160","environment","wastewater","discharge","m3_day",9931
2010,"4200161","environment","wastewater","discharge","m3_day",1150
2010,"4200162","environment","wastewater","discharge","m3_day",24059
2010,"4200163","environment","wastewater","discharge","m3_day",11502
2010,"4200164","environment","wastewater","discharge","m3_day",2497
2010,"4200165","environment","wastewater","discharge","m3_day",1220
2010,"4200166","environment","wastewater","discharge","m3_day",972
2010,"4200167","environment","wastewater","discharge","m3_day",565
2010,"4200168","environment","wastewater","discharge","m3_day",1248
2010,"4200169","environment","wastewater","discharge","m3_day",239
2010,"4200170","environment","wastewater","discharge","m3_day",644
2010,"4200171","environment","wastewater","discharge","m3_day",1932
2010,"4200172","environment","wastewater","discharge","m3_day",882
2010,"4200173","environment","wastewater","discharge","m3_day",2320
2010,"4200175","environment","wastewater","discharge","m3_day",177535
2010,"4200176","environment","wastewater","discharge","m3_day",435
2010,"4200177","environment","wastewater","discharge","m3_day",53217
2010,"4200180","environment","wastewater","discharge","m3_day",8416
2010,"4200181","environment","wastewater","discharge","m3_day",4038
2010,"4200182","environment","wastewater","discharge","m3_day",71230
2010,"4200183","environment","wastewater","discharge","m3_day",1031
2010,"4200184","environment","wastewater","discharge","m3_day",3657
2010,"4200185","environment","wastewater","discharge","m3_day",1326
2010,"4200186","environment","wastewater","discharge","m3_day",5764
2010,"4200188","environment","wastewater","discharge","m3_day",10524
2010,"4200189","environment","wastewater","discharge","m3_day",1244
2010,"4200190","environment","wastewater","discharge","m3_day",16331
2010,"4200191","environment","wastewater","discharge","m3_day",322
2010,"4200193","environment","wastewater","discharge","m3_day",387665
2010,"4200196","environment","wastewater","discharge","m3_day",8671
2010,"4200197","environment","wastewater","discharge","m3_day",78060
2010,"4200199","environment","wastewater","discharge","m3_day",6421
2010,"4200200","environment","wastewater","discharge","m3_day",1599
2010,"4200201","environment","wastewater","discharge","m3_day",148911
2010,"4200202","environment","wastewater","discharge","m3_day",38778
2010,"4200203","environment","wastewater","discharge","m3_day",3489
2010,"4200205","environment","wastewater","discharge","m3_day",245
2010,"4200207","environment","wastewater","discharge","m3_day",1663
2010,"4200208","environment","wastewater","discharge","m3_day",19736
2010,"4200209","environment","wastewater","discharge","m3_day",6193
2010,"4200210","environment","wastewater","discharge","m3_day",12015
2010,"4200211","environment","wastewater","discharge","m3_day",2000
2010,"4200212","environment","wastewater","discharge","m3_day",1349
2010,"4200213","environment","wastewater","discharge","m3_day",1764
2010,"4200214","environment","wastewater","discharge","m3_day",8253
2010,"4200215","environment","wastewater","discharge","m3_day",48519
2010,"4200218","environment","wastewater","discharge","m3_day",188230
2010,"4200219","environment","wastewater","discharge","m3_day",3343
2010,"4200220","environment","wastewater","discharge","m3_day",56310
2010,"4200221","environment","wastewater","discharge","m3_day",54050
2010,"4200222","environment","wastewater","discharge","m3_day",21038
2010,"4200224","environment","wastewater","discharge","m3_day",9962
2010,"4200225","environment","wastewater","discharge","m3_day",3957
2010,"4200226","environment","wastewater","discharge","m3_day",3181
2010,"4200227","environment","wastewater","discharge","m3_day",29164
2010,"4200228","environment","wastewater","discharge","m3_day",754
2010,"4200229","environment","wastewater","discharge","m3_day",630
2010,"4200230","environment","wastewater","discharge","m3_day",421
2010,"4200231","environment","wastewater","discharge","m3_day",2483
2010,"4200232","environment","wastewater","discharge","m3_day",291
2010,"4200233","environment","wastewater","discharge","m3_day",974
2010,"4200234","environment","wastewater","discharge","m3_day",1673
2010,"4200236","environment","wastewater","discharge","m3_day",256718
2010,"4200237","environment","wastewater","discharge","m3_day",3646
2010,"4200238","environment","wastewater","discharge","m3_day",96184
2010,"4200239","environment","wastewater","discharge","m3_day",8125
2010,"4200240","environment","wastewater","discharge","m3_day",5955
2010,"4200241","environment","wastewater","discharge","m3_day",102952
2010,"4200242","environment","wastewater","discharge","m3_day",7877
2010,"4200243","environment","wastewater","discharge","m3_day",466
2010,"4200244","environment","wastewater","discharge","m3_day",454
2010,"4200247","environment","wastewater","discharge","m3_day",1046
2010,"4200248","environment","wastewater","discharge","m3_day",566
2010,"4200249","environment","wastewater","discharge","m3_day",10388
2010,"4200250","environment","wastewater","discharge","m3_day",225
2010,"4200251","environment","wastewater","discharge","m3_day",721
2010,"4200252","environment","wastewater","discharge","m3_day",731
2010,"4200253","environment","wastewater","discharge","m3_day",9731
2010,"4200254","environment","wastewater","discharge","m3_day",311
2010,"4200255","environment","wastewater","discharge","m3_day",816
2010,"4200256","environment","wastewater","discharge","m3_day",2528
2010,"4200257","environment","wastewater","discharge","m3_day",2980
2010,"4200258","environment","wastewater","discharge","m3_day",816
2010,"4200259","environment","wastewater","discharge","m3_day",128
2010,"4200260","environment","wastewater","discharge","m3_day",74
2010,"4200262","environment","wastewater","discharge","m3_day",546368
2010,"4200263","environment","wastewater","discharge","m3_day",248493
2010,"4200264","environment","wastewater","discharge","m3_day",2541
2010,"4200265","environment","wastewater","discharge","m3_day",20622
2010,"4200266","environment","wastewater","discharge","m3_day",12721
2010,"4200267","environment","wastewater","discharge","m3_day",1819
2010,"4200268","environment","wastewater","discharge","m3_day",203116
2010,"4200269","environment","wastewater","discharge","m3_day",3346
2010,"4200270","environment","wastewater","discharge","m3_day",3811
2010,"4200271","environment","wastewater","discharge","m3_day",2777
2010,"4200272","environment","wastewater","discharge","m3_day",511
2010,"4200273","environment","wastewater","discharge","m3_day",12885
2010,"4200274","environment","wastewater","discharge","m3_day",3758
2010,"4200275","environment","wastewater","discharge","m3_day",210
2010,"4200276","environment","wastewater","discharge","m3_day",103
2010,"4200277","environment","wastewater","discharge","m3_day",99
2010,"4200278","environment","wastewater","discharge","m3_day",2775
2010,"4200279","environment","wastewater","discharge","m3_day",1921
2010,"4200280","environment","wastewater","discharge","m3_day",4139
2010,"4200281","environment","wastewater","discharge","m3_day",3232
2010,"4200282","environment","wastewater","discharge","m3_day",11098
2010,"4200283","environment","wastewater","discharge","m3_day",403
2010,"4200284","environment","wastewater","discharge","m3_day",2657
2010,"4200285","environment","wastewater","discharge","m3_day",3305
2010,"4200286","environment","wastewater","discharge","m3_day",24
2010,"4200288","environment","wastewater","discharge","m3_day",141649
2010,"4200293","environment","wastewater","discharge","m3_day",24149
2010,"4200295","environment","wastewater","discharge","m3_day",1619
2010,"4200297","environment","wastewater","discharge","m3_day",4145
2010,"4200299","environment","wastewater","discharge","m3_day",12932
2010,"4200301","environment","wastewater","discharge","m3_day",2865
2010,"4200302","environment","wastewater","discharge","m3_day",6381
2010,"4200303","environment","wastewater","discharge","m3_day",25358
2010,"4200305","environment","wastewater","discharge","m3_day",2473
2010,"4200306","environment","wastewater","discharge","m3_day",6267
2010,"4200307","environment","wastewater","discharge","m3_day",1694
2010,"4200308","environment","wastewater","discharge","m3_day",1224
2010,"4200309","environment","wastewater","discharge","m3_day",211
2010,"4200310","environment","wastewater","discharge","m3_day",9506
2010,"4200311","environment","wastewater","discharge","m3_day",208
2010,"4200312","environment","wastewater","discharge","m3_day",1666
2010,"4200313","environment","wastewater","discharge","m3_day",2141
2010,"4200314","environment","wastewater","discharge","m3_day",1737
2010,"4200315","environment","wastewater","discharge","m3_day",19814
2010,"4200316","environment","wastewater","discharge","m3_day",6648
2010,"4200317","environment","wastewater","discharge","m3_day",1766
2010,"4200318","environment","wastewater","discharge","m3_day",525
2010,"4200319","environment","wastewater","discharge","m3_day",8317
2010,"4200321","environment","wastewater","discharge","m3_day",7504
2010,"4200322","environment","wastewater","discharge","m3_day",4757
2010,"4200323","environment","wastewater","discharge","m3_day",2747
2015,"4200002","environment","wastewater","discharge","m3_day",58675
2015,"4200003","environment","wastewater","discharge","m3_day",626
2015,"4200004","environment","wastewater","discharge","m3_day",1214
2015,"4200005","environment","wastewater","discharge","m3_day",781
2015,"4200006","environment","wastewater","discharge","m3_day",5306
2015,"4200007","environment","wastewater","discharge","m3_day",8543
2015,"4200008","environment","wastewater","discharge","m3_day",1255
2015,"4200009","environment","wastewater","discharge","m3_day",927
2015,"4200010","environment","wastewater","discharge","m3_day",1287
2015,"4200011","environment","wastewater","discharge","m3_day",686
2015,"4200012","environment","wastewater","discharge","m3_day",662
2015,"4200013","environment","wastewater","discharge","m3_day",872
2015,"4200014","environment","wastewater","discharge","m3_day",314
2015,"4200015","environment","wastewater","discharge","m3_day",650
2015,"4200016","environment","wastewater","discharge","m3_day",1789
2015,"4200017","environment","wastewater","discharge","m3_day",2603
2015,"4200018","environment","wastewater","discharge","m3_day",2271
2015,"4200019","environment","wastewater","discharge","m3_day",1345
2015,"4200020","environment","wastewater","discharge","m3_day",1798
2015,"4200021","environment","wastewater","discharge","m3_day",5461
2015,"4200022","environment","wastewater","discharge","m3_day",1466
2015,"4200023","environment","wastewater","discharge","m3_day",1818
2015,"4200024","environment","wastewater","discharge","m3_day",3561
2015,"4200025","environment","wastewater","discharge","m3_day",3220
2015,"4200026","environment","wastewater","discharge","m3_day",2978
2015,"4200027","environment","wastewater","discharge","m3_day",7243
2015,"4200029","environment","wastewater","discharge","m3_day",123801
2015,"4200030","environment","wastewater","discharge","m3_day",43
2015,"4200031","environment","wastewater","discharge","m3_day",3751
2015,"4200032","environment","wastewater","discharge","m3_day",104
2015,"4200033","environment","wastewater","discharge","m3_day",129
2015,"4200034","environment","wastewater","discharge","m3_day",409
2015,"4200035","environment","wastewater","discharge","m3_day",2298
2015,"4200036","environment","wastewater","discharge","m3_day",19623
2015,"4200037","environment","wastewater","discharge","m3_day",2845
2015,"4200038","environment","wastewater","discharge","m3_day",3426
2015,"4200039","environment","wastewater","discharge","m3_day",38387
2015,"4200040","environment","wastewater","discharge","m3_day",2290
2015,"4200041","environment","wastewater","discharge","m3_day",41217
2015,"4200042","environment","wastewater","discharge","m3_day",165
2015,"4200043","environment","wastewater","discharge","m3_day",114
2015,"4200044","environment","wastewater","discharge","m3_day",3253
2015,"4200045","environment","wastewater","discharge","m3_day",5747
2015,"4200047","environment","wastewater","discharge","m3_day",197803
2015,"4200048","environment","wastewater","discharge","m3_day",731
2015,"4200049","environment","wastewater","discharge","m3_day",1562
2015,"4200050","environment","wastewater","discharge","m3_day",100643
2015,"4200051","environment","wastewater","discharge","m3_day",321
2015,"4200052","environment","wastewater","discharge","m3_day",9004
2015,"4200053","environment","wastewater","discharge","m3_day",1782
2015,"4200054","environment","wastewater","discharge","m3_day",22235
2015,"4200055","environment","wastewater","discharge","m3_day",61525
2015,"4200057","environment","wastewater","discharge","m3_day",109378
2015,"4200058","environment","wastewater","discharge","m3_day",13678
2015,"4200059","environment","wastewater","discharge","m3_day",5483
2015,"4200060","environment","wastewater","discharge","m3_day",8391
2015,"4200061","environment","wastewater","discharge","m3_day",3325
2015,"4200062","environment","wastewater","discharge","m3_day",22535
2015,"4200063","environment","wastewater","discharge","m3_day",9389
2015,"4200064","environment","wastewater","discharge","m3_day",1720
2015,"4200065","environment","wastewater","discharge","m3_day",44124
2015,"4200066","environment","wastewater","discharge","m3_day",648
2015,"4200067","environment","wastewater","discharge","m3_day",85
2015,"4200069","environment","wastewater","discharge","m3_day",29785
2015,"4200070","environment","wastewater","discharge","m3_day",1983
2015,"4200071","environment","wastewater","discharge","m3_day",4668
2015,"4200072","environment","wastewater","discharge","m3_day",1873
2015,"4200073","environment","wastewater","discharge","m3_day",11165
2015,"4200074","environment","wastewater","discharge","m3_day",10096
2015,"4200076","environment","wastewater","discharge","m3_day",48131
2015,"4200077","environment","wastewater","discharge","m3_day",751
2015,"4200078","environment","wastewater","discharge","m3_day",1429
2015,"4200079","environment","wastewater","discharge","m3_day",1712
2015,"4200080","environment","wastewater","discharge","m3_day",6827
2015,"4200081","environment","wastewater","discharge","m3_day",37412
2015,"4200083","environment","wastewater","discharge","m3_day",385127
2015,"4200084","environment","wastewater","discharge","m3_day",459
2015,"4200085","environment","wastewater","discharge","m3_day",227821
2015,"4200086","environment","wastewater","discharge","m3_day",864
2015,"4200087","environment","wastewater","discharge","m3_day",16552
2015,"4200088","environment","wastewater","discharge","m3_day",139430
2015,"4200090","environment","wastewater","discharge","m3_day",34353
2015,"4200092","environment","wastewater","discharge","m3_day",889843
2015,"4200093","environment","wastewater","discharge","m3_day",5555
2015,"4200094","environment","wastewater","discharge","m3_day",3088
2015,"4200095","environment","wastewater","discharge","m3_day",317
2015,"4200096","environment","wastewater","discharge","m3_day",2633
2015,"4200098","environment","wastewater","discharge","m3_day",7097
2015,"4200099","environment","wastewater","discharge","m3_day",4007
2015,"4200100","environment","wastewater","discharge","m3_day",7198
2015,"4200101","environment","wastewater","discharge","m3_day",1507
2015,"4200102","environment","wastewater","discharge","m3_day",1274
2015,"4200103","environment","wastewater","discharge","m3_day",2444
2015,"4200104","environment","wastewater","discharge","m3_day",13729
2015,"4200105","environment","wastewater","discharge","m3_day",1206
2015,"4200106","environment","wastewater","discharge","m3_day",3317
2015,"4200108","environment","wastewater","discharge","m3_day",5193
2015,"4200109","environment","wastewater","discharge","m3_day",55432
2015,"4200110","environment","wastewater","discharge","m3_day",23816
2015,"4200112","environment","wastewater","discharge","m3_day",157941
2015,"4200113","environment","wastewater","discharge","m3_day",6294
2015,"4200115","environment","wastewater","discharge","m3_day",2771
2015,"4200117","environment","wastewater","discharge","m3_day",3200
2015,"4200118","environment","wastewater","discharge","m3_day",728
2015,"4200119","environment","wastewater","discharge","m3_day",268
2015,"4200120","environment","wastewater","discharge","m3_day",4097
2015,"4200121","environment","wastewater","discharge","m3_day",12371
2015,"4200122","environment","wastewater","discharge","m3_day",16002
2015,"4200123","environment","wastewater","discharge","m3_day",44395
2015,"4200124","environment","wastewater","discharge","m3_day",9234
2015,"4200125","environment","wastewater","discharge","m3_day",794
2015,"4200126","environment","wastewater","discharge","m3_day",4286
2015,"4200128","environment","wastewater","discharge","m3_day",10406
2015,"4200129","environment","wastewater","discharge","m3_day",49578
2015,"4200130","environment","wastewater","discharge","m3_day",6090
2015,"4200132","environment","wastewater","discharge","m3_day",154857
2015,"4200134","environment","wastewater","discharge","m3_day",64612
2015,"4200136","environment","wastewater","discharge","m3_day",14739
2015,"4200138","environment","wastewater","discharge","m3_day",4788
2015,"4200140","environment","wastewater","discharge","m3_day",90770
2015,"4200142","environment","wastewater","discharge","m3_day",5065
2015,"4200144","environment","wastewater","discharge","m3_day",47678
2015,"4200146","environment","wastewater","discharge","m3_day",32130
2015,"4200148","environment","wastewater","discharge","m3_day",4231
2015,"4200149","environment","wastewater","discharge","m3_day",2036
2015,"4200150","environment","wastewater","discharge","m3_day",1304
2015,"4200151","environment","wastewater","discharge","m3_day",1366
2015,"4200155","environment","wastewater","discharge","m3_day",102459
2015,"4200156","environment","wastewater","discharge","m3_day",2125
2015,"4200157","environment","wastewater","discharge","m3_day",6262
2015,"4200158","environment","wastewater","discharge","m3_day",8832
2015,"4200159","environment","wastewater","discharge","m3_day",17429
2015,"4200160","environment","wastewater","discharge","m3_day",11580
2015,"4200161","environment","wastewater","discharge","m3_day",1285
2015,"4200162","environment","wastewater","discharge","m3_day",21962
2015,"4200163","environment","wastewater","discharge","m3_day",9420
2015,"4200164","environment","wastewater","discharge","m3_day",5724
2015,"4200165","environment","wastewater","discharge","m3_day",934
2015,"4200166","environment","wastewater","discharge","m3_day",4071
2015,"4200167","environment","wastewater","discharge","m3_day",1243
2015,"4200168","environment","wastewater","discharge","m3_day",1220
2015,"4200169","environment","wastewater","discharge","m3_day",206
2015,"4200170","environment","wastewater","discharge","m3_day",539
2015,"4200171","environment","wastewater","discharge","m3_day",2490
2015,"4200172","environment","wastewater","discharge","m3_day",1587
2015,"4200173","environment","wastewater","discharge","m3_day",5550
2015,"4200175","environment","wastewater","discharge","m3_day",201174
2015,"4200176","environment","wastewater","discharge","m3_day",786
2015,"4200177","environment","wastewater","discharge","m3_day",115719
2015,"4200180","environment","wastewater","discharge","m3_day",10246
2015,"4200181","environment","wastewater","discharge","m3_day",4640
2015,"4200182","environment","wastewater","discharge","m3_day",21918
2015,"4200183","environment","wastewater","discharge","m3_day",1586
2015,"4200184","environment","wastewater","discharge","m3_day",1375
2015,"4200185","environment","wastewater","discharge","m3_day",1472
2015,"4200186","environment","wastewater","discharge","m3_day",5330
2015,"4200188","environment","wastewater","discharge","m3_day",15862
2015,"4200189","environment","wastewater","discharge","m3_day",1459
2015,"4200190","environment","wastewater","discharge","m3_day",20031
2015,"4200191","environment","wastewater","discharge","m3_day",751
2015,"4200193","environment","wastewater","discharge","m3_day",539789
2015,"4200196","environment","wastewater","discharge","m3_day",11850
2015,"4200197","environment","wastewater","discharge","m3_day",113075
2015,"4200199","environment","wastewater","discharge","m3_day",3705
2015,"4200200","environment","wastewater","discharge","m3_day",3329
2015,"4200201","environment","wastewater","discharge","m3_day",198766
2015,"4200202","environment","wastewater","discharge","m3_day",58680
2015,"4200203","environment","wastewater","discharge","m3_day",3466
2015,"4200205","environment","wastewater","discharge","m3_day",681
2015,"4200207","environment","wastewater","discharge","m3_day",5202
2015,"4200209","environment","wastewater","discharge","m3_day",8928
2015,"4200210","environment","wastewater","discharge","m3_day",27712
2015,"4200211","environment","wastewater","discharge","m3_day",2027
2015,"4200212","environment","wastewater","discharge","m3_day",2060
2015,"4200213","environment","wastewater","discharge","m3_day",1966
2015,"4200214","environment","wastewater","discharge","m3_day",10070
2015,"4200216","environment","wastewater","discharge","m3_day",88273
2015,"4200218","environment","wastewater","discharge","m3_day",232621
2015,"4200219","environment","wastewater","discharge","m3_day",1594
2015,"4200220","environment","wastewater","discharge","m3_day",55593
2015,"4200221","environment","wastewater","discharge","m3_day",60019
2015,"4200222","environment","wastewater","discharge","m3_day",39884
2015,"4200223","environment","wastewater","discharge","m3_day",7233
2015,"4200224","environment","wastewater","discharge","m3_day",5818
2015,"4200225","environment","wastewater","discharge","m3_day",13621
2015,"4200227","environment","wastewater","discharge","m3_day",35386
2015,"4200228","environment","wastewater","discharge","m3_day",954
2015,"4200229","environment","wastewater","discharge","m3_day",311
2015,"4200230","environment","wastewater","discharge","m3_day",361
2015,"4200231","environment","wastewater","discharge","m3_day",2393
2015,"4200232","environment","wastewater","discharge","m3_day",843
2015,"4200233","environment","wastewater","discharge","m3_day",523
2015,"4200234","environment","wastewater","discharge","m3_day",8089
2015,"4200236","environment","wastewater","discharge","m3_day",206922
2015,"4200237","environment","wastewater","discharge","m3_day",2922
2015,"4200238","environment","wastewater","discharge","m3_day",114866
2015,"4200239","environment","wastewater","discharge","m3_day",11374
2015,"4200240","environment","wastewater","discharge","m3_day",6059
2015,"4200241","environment","wastewater","discharge","m3_day",28183
2015,"4200242","environment","wastewater","discharge","m3_day",6914
2015,"4200243","environment","wastewater","discharge","m3_day",307
2015,"4200244","environment","wastewater","discharge","m3_day",559
2015,"4200247","environment","wastewater","discharge","m3_day",60
2015,"4200248","environment","wastewater","discharge","m3_day",164
2015,"4200249","environment","wastewater","discharge","m3_day",13866
2015,"4200250","environment","wastewater","discharge","m3_day",2513
2015,"4200251","environment","wastewater","discharge","m3_day",970
2015,"4200252","environment","wastewater","discharge","m3_day",511
2015,"4200253","environment","wastewater","discharge","m3_day",9049
2015,"4200254","environment","wastewater","discharge","m3_day",434
2015,"4200255","environment","wastewater","discharge","m3_day",955
2015,"4200256","environment","wastewater","discharge","m3_day",3086
2015,"4200257","environment","wastewater","discharge","m3_day",2953
2015,"4200258","environment","wastewater","discharge","m3_day",885
2015,"4200259","environment","wastewater","discharge","m3_day",173
2015,"4200260","environment","wastewater","discharge","m3_day",121
2015,"4200262","environment","wastewater","discharge","m3_day",460982
2015,"4200263","environment","wastewater","discharge","m3_day",187456
2015,"4200264","environment","wastewater","discharge","m3_day",2121
2015,"4200265","environment","wastewater","discharge","m3_day",33445
2015,"4200266","environment","wastewater","discharge","m3_day",13882
2015,"4200267","environment","wastewater","discharge","m3_day",3916
2015,"4200268","environment","wastewater","discharge","m3_day",163986
2015,"4200269","environment","wastewater","discharge","m3_day",3897
2015,"4200270","environment","wastewater","discharge","m3_day",3993
2015,"4200271","environment","wastewater","discharge","m3_day",2355
2015,"4200272","environment","wastewater","discharge","m3_day",745
2015,"4200273","environment","wastewater","discharge","m3_day",11729
2015,"4200274","environment","wastewater","discharge","m3_day",2598
2015,"4200275","environment","wastewater","discharge","m3_day",79
2015,"4200276","environment","wastewater","discharge","m3_day",332
2015,"4200277","environment","wastewater","discharge","m3_day",48
2015,"4200278","environment","wastewater","discharge","m3_day",2451
2015,"4200279","environment","wastewater","discharge","m3_day",1962
2015,"4200280","environment","wastewater","discharge","m3_day",4892
2015,"4200281","environment","wastewater","discharge","m3_day",2684
2015,"4200282","environment","wastewater","discharge","m3_day",11640
2015,"4200283","environment","wastewater","discharge","m3_day",601
2015,"4200284","environment","wastewater","discharge","m3_day",1465
2015,"4200285","environment","wastewater","discharge","m3_day",4449
2015,"4200286","environment","wastewater","discharge","m3_day",256
2015,"4200288","environment","wastewater","discharge","m3_day",161492
2015,"4200293","environment","wastewater","discharge","m3_day",17262
2015,"4200295","environment","wastewater","discharge","m3_day",1128
2015,"4200297","environment","wastewater","discharge","m3_day",6147
2015,"4200299","environment","wastewater","discharge","m3_day",34040
2015,"4200301","environment","wastewater","discharge","m3_day",2955
2015,"4200302","environment","wastewater","discharge","m3_day",6374
2015,"4200303","environment","wastewater","discharge","m3_day",25394
2015,"4200305","environment","wastewater","discharge","m3_day",2628
2015,"4200306","environment","wastewater","discharge","m3_day",10426
2015,"4200307","environment","wastewater","discharge","m3_day",1631
2015,"4200308","environment","wastewater","discharge","m3_day",1415
2015,"4200309","environment","wastewater","discharge","m3_day",220
2015,"4200310","environment","wastewater","discharge","m3_day",5936
2015,"4200311","environment","wastewater","discharge","m3_day",217
2015,"4200312","environment","wastewater","discharge","m3_day",676
2015,"4200313","environment","wastewater","discharge","m3_day",2804
2015,"4200314","environment","wastewater","discharge","m3_day",1623
2015,"4200315","environment","wastewater","discharge","m3_day",24462
2015,"4200316","environment","wastewater","discharge","m3_day",6627
2015,"4200317","environment","wastewater","discharge","m3_day",2366
2015,"4200318","environment","wastewater","discharge","m3_day",618
2015,"4200319","environment","wastewater","discharge","m3_day",6543
2015,"4200321","environment","wastewater","discharge","m3_day",7995
2015,"4200322","environment","wastewater","discharge","m3_day",5487
2015,"4200323","environment","wastewater","discharge","m3_day",2508
2020,"4200002","environment","wastewater","discharge","m3_day",53136
2020,"4200003","environment","wastewater","discharge","m3_day",939
2020,"4200004","environment","wastewater","discharge","m3_day",1403
2020,"4200005","environment","wastewater","discharge","m3_day",1531
2020,"4200006","environment","wastewater","discharge","m3_day",5690
2020,"4200007","environment","wastewater","discharge","m3_day",3073
2020,"4200008","environment","wastewater","discharge","m3_day",846
2020,"4200009","environment","wastewater","discharge","m3_day",650
2020,"4200010","environment","wastewater","discharge","m3_day",983
2020,"4200011","environment","wastewater","discharge","m3_day",197
2020,"4200012","environment","wastewater","discharge","m3_day",895
2020,"4200013","environment","wastewater","discharge","m3_day",1883
2020,"4200014","environment","wastewater","discharge","m3_day",353
2020,"4200015","environment","wastewater","discharge","m3_day",517
2020,"4200016","environment","wastewater","discharge","m3_day",404
2020,"4200017","environment","wastewater","discharge","m3_day",1954
2020,"4200018","environment","wastewater","discharge","m3_day",3130
2020,"4200019","environment","wastewater","discharge","m3_day",3107
2020,"4200020","environment","wastewater","discharge","m3_day",1227
2020,"4200021","environment","wastewater","discharge","m3_day",5404
2020,"4200022","environment","wastewater","discharge","m3_day",1287
2020,"4200023","environment","wastewater","discharge","m3_day",1466
2020,"4200024","environment","wastewater","discharge","m3_day",2234
2020,"4200025","environment","wastewater","discharge","m3_day",3754
2020,"4200026","environment","wastewater","discharge","m3_day",1634
2020,"4200027","environment","wastewater","discharge","m3_day",8575
2020,"4200029","environment","wastewater","discharge","m3_day",115789
2020,"4200030","environment","wastewater","discharge","m3_day",54
2020,"4200031","environment","wastewater","discharge","m3_day",3389
2020,"4200032","environment","wastewater","discharge","m3_day",42
2020,"4200033","environment","wastewater","discharge","m3_day",84
2020,"4200034","environment","wastewater","discharge","m3_day",128
2020,"4200035","environment","wastewater","discharge","m3_day",2558
2020,"4200036","environment","wastewater","discharge","m3_day",9170
2020,"4200037","environment","wastewater","discharge","m3_day",1373
2020,"4200038","environment","wastewater","discharge","m3_day",1323
2020,"4200039","environment","wastewater","discharge","m3_day",54813
2020,"4200040","environment","wastewater","discharge","m3_day",1800
2020,"4200041","environment","wastewater","discharge","m3_day",34548
2020,"4200042","environment","wastewater","discharge","m3_day",39
2020,"4200043","environment","wastewater","discharge","m3_day",57
2020,"4200044","environment","wastewater","discharge","m3_day",2480
2020,"4200045","environment","wastewater","discharge","m3_day",3932
2020,"4200047","environment","wastewater","discharge","m3_day",136798
2020,"4200048","environment","wastewater","discharge","m3_day",499
2020,"4200049","environment","wastewater","discharge","m3_day",675
2020,"4200050","environment","wastewater","discharge","m3_day",73052
2020,"4200051","environment","wastewater","discharge","m3_day",88
2020,"4200052","environment","wastewater","discharge","m3_day",5809
2020,"4200053","environment","wastewater","discharge","m3_day",2222
2020,"4200054","environment","wastewater","discharge","m3_day",19419
2020,"4200055","environment","wastewater","discharge","m3_day",35033
2020,"4200057","environment","wastewater","discharge","m3_day",79703
2020,"4200058","environment","wastewater","discharge","m3_day",7917
2020,"4200059","environment","wastewater","discharge","m3_day",4582
2020,"4200060","environment","wastewater","discharge","m3_day",1726
2020,"4200061","environment","wastewater","discharge","m3_day",5683
2020,"4200062","environment","wastewater","discharge","m3_day",11325
2020,"4200063","environment","wastewater","discharge","m3_day",7409
2020,"4200064","environment","wastewater","discharge","m3_day",353
2020,"4200065","environment","wastewater","discharge","m3_day",39994
2020,"4200066","environment","wastewater","discharge","m3_day",714
2020,"4200067","environment","wastewater","discharge","m3_day",1
2020,"4200069","environment","wastewater","discharge","m3_day",30947
2020,"4200070","environment","wastewater","discharge","m3_day",1675
2020,"4200071","environment","wastewater","discharge","m3_day",5017
2020,"4200072","environment","wastewater","discharge","m3_day",2672
2020,"4200073","environment","wastewater","discharge","m3_day",10875
2020,"4200074","environment","wastewater","discharge","m3_day",10709
2020,"4200076","environment","wastewater","discharge","m3_day",41258
2020,"4200077","environment","wastewater","discharge","m3_day",267
2020,"4200078","environment","wastewater","discharge","m3_day",167
2020,"4200079","environment","wastewater","discharge","m3_day",1620
2020,"4200080","environment","wastewater","discharge","m3_day",3728
2020,"4200081","environment","wastewater","discharge","m3_day",35476
2020,"4200083","environment","wastewater","discharge","m3_day",421659
2020,"4200084","environment","wastewater","discharge","m3_day",61
2020,"4200085","environment","wastewater","discharge","m3_day",241630
2020,"4200086","environment","wastewater","discharge","m3_day",619
2020,"4200087","environment","wastewater","discharge","m3_day",14629
2020,"4200088","environment","wastewater","discharge","m3_day",164721
2020,"4200090","environment","wastewater","discharge","m3_day",53626
2020,"4200092","environment","wastewater","discharge","m3_day",879227
2020,"4200093","environment","wastewater","discharge","m3_day",5739
2020,"4200094","environment","wastewater","discharge","m3_day",1804
2020,"4200095","environment","wastewater","discharge","m3_day",289
2020,"4200096","environment","wastewater","discharge","m3_day",5798
2020,"4200098","environment","wastewater","discharge","m3_day",5349
2020,"4200099","environment","wastewater","discharge","m3_day",2062
2020,"4200100","environment","wastewater","discharge","m3_day",4707
2020,"4200101","environment","wastewater","discharge","m3_day",477
2020,"4200102","environment","wastewater","discharge","m3_day",1333
2020,"4200103","environment","wastewater","discharge","m3_day",1610
2020,"4200153","environment","wastewater","discharge","m3_day",15207
2020,"4200108","environment","wastewater","discharge","m3_day",3781
2020,"4200109","environment","wastewater","discharge","m3_day",107548
2020,"4200110","environment","wastewater","discharge","m3_day",19501
2020,"4200112","environment","wastewater","discharge","m3_day",131756
2020,"4200113","environment","wastewater","discharge","m3_day",4936
2020,"4200115","environment","wastewater","discharge","m3_day",4558
2020,"4200117","environment","wastewater","discharge","m3_day",3049
2020,"4200118","environment","wastewater","discharge","m3_day",688
2020,"4200119","environment","wastewater","discharge","m3_day",184
2020,"4200120","environment","wastewater","discharge","m3_day",3030
2020,"4200121","environment","wastewater","discharge","m3_day",18680
2020,"4200122","environment","wastewater","discharge","m3_day",5850
2020,"4200123","environment","wastewater","discharge","m3_day",30958
2020,"4200124","environment","wastewater","discharge","m3_day",6737
2020,"4200125","environment","wastewater","discharge","m3_day",1184
2020,"4200126","environment","wastewater","discharge","m3_day",3716
2020,"4200128","environment","wastewater","discharge","m3_day",11947
2020,"4200129","environment","wastewater","discharge","m3_day",54354
2020,"4200130","environment","wastewater","discharge","m3_day",4727
2020,"4200132","environment","wastewater","discharge","m3_day",55075
2020,"4200134","environment","wastewater","discharge","m3_day",105900
2020,"4200136","environment","wastewater","discharge","m3_day",23284
2020,"4200138","environment","wastewater","discharge","m3_day",4066
2020,"4200140","environment","wastewater","discharge","m3_day",145016
2020,"4200142","environment","wastewater","discharge","m3_day",3643
2020,"4200144","environment","wastewater","discharge","m3_day",41000
2020,"4200146","environment","wastewater","discharge","m3_day",34136
2020,"4200152","environment","wastewater","discharge","m3_day",3119
2020,"4200149","environment","wastewater","discharge","m3_day",491
2020,"4200150","environment","wastewater","discharge","m3_day",655
2020,"4200151","environment","wastewater","discharge","m3_day",1279
2020,"4200155","environment","wastewater","discharge","m3_day",101282
2020,"4200156","environment","wastewater","discharge","m3_day",2625
2020,"4200157","environment","wastewater","discharge","m3_day",5181
2020,"4200158","environment","wastewater","discharge","m3_day",5961
2020,"4200159","environment","wastewater","discharge","m3_day",3743
2020,"4200160","environment","wastewater","discharge","m3_day",7898
2020,"4200161","environment","wastewater","discharge","m3_day",6441
2020,"4200162","environment","wastewater","discharge","m3_day",50053
2020,"4200163","environment","wastewater","discharge","m3_day",7070
2020,"4200164","environment","wastewater","discharge","m3_day",3548
2020,"4200165","environment","wastewater","discharge","m3_day",361
2020,"4200166","environment","wastewater","discharge","m3_day",699
2020,"4200167","environment","wastewater","discharge","m3_day",1683
2020,"4200168","environment","wastewater","discharge","m3_day",798
2020,"4200169","environment","wastewater","discharge","m3_day",279
2020,"4200170","environment","wastewater","discharge","m3_day",704
2020,"4200171","environment","wastewater","discharge","m3_day",1433
2020,"4200172","environment","wastewater","discharge","m3_day",1026
2020,"4200173","environment","wastewater","discharge","m3_day",1778
2020,"4200175","environment","wastewater","discharge","m3_day",313077
2020,"4200176","environment","wastewater","discharge","m3_day",456
2020,"4200177","environment","wastewater","discharge","m3_day",196541
2020,"4200178","environment","wastewater","discharge","m3_day",5012
2020,"4200179","environment","wastewater","discharge","m3_day",17083
2020,"4200180","environment","wastewater","discharge","m3_day",11619
2020,"4200181","environment","wastewater","discharge","m3_day",4725
2020,"4200183","environment","wastewater","discharge","m3_day",1092
2020,"4200184","environment","wastewater","discharge","m3_day",920
2020,"4200185","environment","wastewater","discharge","m3_day",1275
2020,"4200186","environment","wastewater","discharge","m3_day",8143
2020,"4200188","environment","wastewater","discharge","m3_day",20617
2020,"4200189","environment","wastewater","discharge","m3_day",3726
2020,"4200190","environment","wastewater","discharge","m3_day",40727
2020,"4200191","environment","wastewater","discharge","m3_day",1140
2020,"4200193","environment","wastewater","discharge","m3_day",417817
2020,"4200196","environment","wastewater","discharge","m3_day",13665
2020,"4200197","environment","wastewater","discharge","m3_day",27921
2020,"4200199","environment","wastewater","discharge","m3_day",4492
2020,"4200200","environment","wastewater","discharge","m3_day",2636
2020,"4200201","environment","wastewater","discharge","m3_day",164429
2020,"4200202","environment","wastewater","discharge","m3_day",72415
2020,"4200203","environment","wastewater","discharge","m3_day",4706
2020,"4200205","environment","wastewater","discharge","m3_day",1178
2020,"4200207","environment","wastewater","discharge","m3_day",7789
2020,"4200209","environment","wastewater","discharge","m3_day",5378
2020,"4200210","environment","wastewater","discharge","m3_day",18743
2020,"4200211","environment","wastewater","discharge","m3_day",2606
2020,"4200212","environment","wastewater","discharge","m3_day",1613
2020,"4200213","environment","wastewater","discharge","m3_day",3095
2020,"4200214","environment","wastewater","discharge","m3_day",13120
2020,"4200216","environment","wastewater","discharge","m3_day",74032
2020,"4200218","environment","wastewater","discharge","m3_day",251110
2020,"4200219","environment","wastewater","discharge","m3_day",1593
2020,"4200220","environment","wastewater","discharge","m3_day",51115
2020,"4200221","environment","wastewater","discharge","m3_day",77014
2020,"4200222","environment","wastewater","discharge","m3_day",24735
2020,"4200224","environment","wastewater","discharge","m3_day",35319
2020,"4200225","environment","wastewater","discharge","m3_day",3809
2020,"4200226","environment","wastewater","discharge","m3_day",6642
2020,"4200227","environment","wastewater","discharge","m3_day",38192
2020,"4200228","environment","wastewater","discharge","m3_day",689
2020,"4200229","environment","wastewater","discharge","m3_day",180
2020,"4200230","environment","wastewater","discharge","m3_day",156
2020,"4200231","environment","wastewater","discharge","m3_day",2431
2020,"4200232","environment","wastewater","discharge","m3_day",1197
2020,"4200233","environment","wastewater","discharge","m3_day",1810
2020,"4200234","environment","wastewater","discharge","m3_day",6230
2020,"4200236","environment","wastewater","discharge","m3_day",352038
2020,"4200237","environment","wastewater","discharge","m3_day",3153
2020,"4200238","environment","wastewater","discharge","m3_day",172347
2020,"4200239","environment","wastewater","discharge","m3_day",8260
2020,"4200240","environment","wastewater","discharge","m3_day",7482
2020,"4200241","environment","wastewater","discharge","m3_day",116216
2020,"4200242","environment","wastewater","discharge","m3_day",5813
2020,"4200243","environment","wastewater","discharge","m3_day",239
2020,"4200244","environment","wastewater","discharge","m3_day",990
2020,"4200247","environment","wastewater","discharge","m3_day",2096
2020,"4200248","environment","wastewater","discharge","m3_day",528
2020,"4200249","environment","wastewater","discharge","m3_day",12521
2020,"4200250","environment","wastewater","discharge","m3_day",3377
2020,"4200251","environment","wastewater","discharge","m3_day",1402
2020,"4200252","environment","wastewater","discharge","m3_day",1980
2020,"4200253","environment","wastewater","discharge","m3_day",3077
2020,"4200254","environment","wastewater","discharge","m3_day",2290
2020,"4200255","environment","wastewater","discharge","m3_day",1165
2020,"4200256","environment","wastewater","discharge","m3_day",4180
2020,"4200257","environment","wastewater","discharge","m3_day",3248
2020,"4200258","environment","wastewater","discharge","m3_day",972
2020,"4200259","environment","wastewater","discharge","m3_day",597
2020,"4200260","environment","wastewater","discharge","m3_day",105
2020,"4200262","environment","wastewater","discharge","m3_day",450900
2020,"4200263","environment","wastewater","discharge","m3_day",152255
2020,"4200264","environment","wastewater","discharge","m3_day",3321
2020,"4200265","environment","wastewater","discharge","m3_day",14788
2020,"4200266","environment","wastewater","discharge","m3_day",16272
2020,"4200267","environment","wastewater","discharge","m3_day",6980
2020,"4200268","environment","wastewater","discharge","m3_day",173813
2020,"4200269","environment","wastewater","discharge","m3_day",5286
2020,"4200270","environment","wastewater","discharge","m3_day",4243
2020,"4200271","environment","wastewater","discharge","m3_day",2932
2020,"4200272","environment","wastewater","discharge","m3_day",856
2020,"4200273","environment","wastewater","discharge","m3_day",9581
2020,"4200274","environment","wastewater","discharge","m3_day",4533
2020,"4200275","environment","wastewater","discharge","m3_day",309
2020,"4200276","environment","wastewater","discharge","m3_day",232
2020,"4200277","environment","wastewater","discharge","m3_day",153
2020,"4200278","environment","wastewater","discharge","m3_day",2216
2020,"4200279","environment","wastewater","discharge","m3_day",1155
2020,"4200280","environment","wastewater","discharge","m3_day",4965
2020,"4200281","environment","wastewater","discharge","m3_day",1699
2020,"4200282","environment","wastewater","discharge","m3_day",37844
2020,"4200283","environment","wastewater","discharge","m3_day",1127
2020,"4200284","environment","wastewater","discharge","m3_day",1918
2020,"4200285","environment","wastewater","discharge","m3_day",4395
2020,"4200286","environment","wastewater","discharge","m3_day",27
2020,"4200288","environment","wastewater","discharge","m3_day",135401
2020,"4200293","environment","wastewater","discharge","m3_day",18063
2020,"4200295","environment","wastewater","discharge","m3_day",913
2020,"4200297","environment","wastewater","discharge","m3_day",7336
2020,"4200299","environment","wastewater","discharge","m3_day",10743
2020,"4200301","environment","wastewater","discharge","m3_day",5178
2020,"4200302","environment","wastewater","discharge","m3_day",2459
2020,"4200303","environment","wastewater","discharge","m3_day",26267
2020,"4200305","environment","wastewater","discharge","m3_day",2517
2020,"4200306","environment","wastewater","discharge","m3_day",11108
2020,"4200307","environment","wastewater","discharge","m3_day",2551
2020,"4200308","environment","wastewater","discharge","m3_day",2236
2020,"4200309","environment","wastewater","discharge","m3_day",430
2020,"4200310","environment","wastewater","discharge","m3_day",572
2020,"4200311","environment","wastewater","discharge","m3_day",196
2020,"4200312","environment","wastewater","discharge","m3_day",500
2020,"4200313","environment","wastewater","discharge","m3_day",2309
2020,"4200314","environment","wastewater","discharge","m3_day",1859
2020,"4200315","environment","wastewater","discharge","m3_day",29404
2020,"4200316","environment","wastewater","discharge","m3_day",6408
2020,"4200317","environment","wastewater","discharge","m3_day",361
2020,"4200318","environment","wastewater","discharge","m3_day",287
2020,"4200319","environment","wastewater","discharge","m3_day",3706
2020,"4200321","environment","wastewater","discharge","m3_day",10036
2020,"4200322","environment","wastewater","discharge","m3_day",5866
2020,"4200323","environment","wastewater","discharge","m3_day",4170
2010,"4200002","environment","organic_matter","generation","kg_day",12406
2010,"4200003","environment","organic_matter","generation","kg_day",102
2010,"4200004","environment","organic_matter","generation","kg_day",190
2010,"4200005","environment","organic_matter","generation","kg_day",159
2010,"4200006","environment","organic_matter","generation","kg_day",973
2010,"4200007","environment","organic_matter","generation","kg_day",197
2010,"4200008","environment","organic_matter","generation","kg_day",535
2010,"4200009","environment","organic_matter","generation","kg_day",57
2010,"4200010","environment","organic_matter","generation","kg_day",479
2010,"4200011","environment","organic_matter","generation","kg_day",25
2010,"4200012","environment","organic_matter","generation","kg_day",196
2010,"4200013","environment","organic_matter","generation","kg_day",80
2010,"4200014","environment","organic_matter","generation","kg_day",21
2010,"4200015","environment","organic_matter","generation","kg_day",44
2010,"4200016","environment","organic_matter","generation","kg_day",222
2010,"4200017","environment","organic_matter","generation","kg_day",104
2010,"4200018","environment","organic_matter","generation","kg_day",241
2010,"4200019","environment","organic_matter","generation","kg_day",285
2010,"4200020","environment","organic_matter","generation","kg_day",329
2010,"4200021","environment","organic_matter","generation","kg_day",2205
2010,"4200022","environment","organic_matter","generation","kg_day",337
2010,"4200023","environment","organic_matter","generation","kg_day",443
2010,"4200024","environment","organic_matter","generation","kg_day",242
2010,"4200025","environment","organic_matter","generation","kg_day",210
2010,"4200026","environment","organic_matter","generation","kg_day",4354
2010,"4200027","environment","organic_matter","generation","kg_day",374
2010,"4200029","environment","organic_matter","generation","kg_day",114752
2010,"4200030","environment","organic_matter","generation","kg_day",50
2010,"4200031","environment","organic_matter","generation","kg_day",2253
2010,"4200032","environment","organic_matter","generation","kg_day",17
2010,"4200033","environment","organic_matter","generation","kg_day",6
2010,"4200034","environment","organic_matter","generation","kg_day",51
2010,"4200035","environment","organic_matter","generation","kg_day",61
2010,"4200036","environment","organic_matter","generation","kg_day",926
2010,"4200037","environment","organic_matter","generation","kg_day",107
2010,"4200038","environment","organic_matter","generation","kg_day",299
2010,"4200039","environment","organic_matter","generation","kg_day",75326
2010,"4200040","environment","organic_matter","generation","kg_day",533
2010,"4200041","environment","organic_matter","generation","kg_day",29208
2010,"4200042","environment","organic_matter","generation","kg_day",14
2010,"4200043","environment","organic_matter","generation","kg_day",14
2010,"4200044","environment","organic_matter","generation","kg_day",3015
2010,"4200045","environment","organic_matter","generation","kg_day",2870
2010,"4200047","environment","organic_matter","generation","kg_day",158894
2010,"4200048","environment","organic_matter","generation","kg_day",99
2010,"4200049","environment","organic_matter","generation","kg_day",734
2010,"4200050","environment","organic_matter","generation","kg_day",83482
2010,"4200051","environment","organic_matter","generation","kg_day",8
2010,"4200052","environment","organic_matter","generation","kg_day",6427
2010,"4200053","environment","organic_matter","generation","kg_day",221
2010,"4200054","environment","organic_matter","generation","kg_day",27108
2010,"4200055","environment","organic_matter","generation","kg_day",40815
2010,"4200057","environment","organic_matter","generation","kg_day",296910
2010,"4200058","environment","organic_matter","generation","kg_day",5112
2010,"4200059","environment","organic_matter","generation","kg_day",205268
2010,"4200060","environment","organic_matter","generation","kg_day",8918
2010,"4200061","environment","organic_matter","generation","kg_day",10823
2010,"4200062","environment","organic_matter","generation","kg_day",4846
2010,"4200063","environment","organic_matter","generation","kg_day",10590
2010,"4200064","environment","organic_matter","generation","kg_day",161
2010,"4200065","environment","organic_matter","generation","kg_day",28835
2010,"4200066","environment","organic_matter","generation","kg_day",22323
2010,"4200067","environment","organic_matter","generation","kg_day",36
2010,"4200069","environment","organic_matter","generation","kg_day",30916
2010,"4200070","environment","organic_matter","generation","kg_day",102
2010,"4200071","environment","organic_matter","generation","kg_day",16717
2010,"4200072","environment","organic_matter","generation","kg_day",161
2010,"4200073","environment","organic_matter","generation","kg_day",5982
2010,"4200074","environment","organic_matter","generation","kg_day",7954
2010,"4200076","environment","organic_matter","generation","kg_day",68599
2010,"4200077","environment","organic_matter","generation","kg_day",191
2010,"4200078","environment","organic_matter","generation","kg_day",80
2010,"4200079","environment","organic_matter","generation","kg_day",653
2010,"4200080","environment","organic_matter","generation","kg_day",16099
2010,"4200081","environment","organic_matter","generation","kg_day",51575
2010,"4200083","environment","organic_matter","generation","kg_day",289932
2010,"4200084","environment","organic_matter","generation","kg_day",37
2010,"4200085","environment","organic_matter","generation","kg_day",225875
2010,"4200086","environment","organic_matter","generation","kg_day",3425
2010,"4200087","environment","organic_matter","generation","kg_day",3283
2010,"4200088","environment","organic_matter","generation","kg_day",57311
2010,"4200092","environment","organic_matter","generation","kg_day",524013
2010,"4200093","environment","organic_matter","generation","kg_day",2033
2010,"4200094","environment","organic_matter","generation","kg_day",174
2010,"4200095","environment","organic_matter","generation","kg_day",127
2010,"4200096","environment","organic_matter","generation","kg_day",1675
2010,"4200098","environment","organic_matter","generation","kg_day",171
2010,"4200099","environment","organic_matter","generation","kg_day",2731
2010,"4200100","environment","organic_matter","generation","kg_day",335
2010,"4200101","environment","organic_matter","generation","kg_day",354
2010,"4200102","environment","organic_matter","generation","kg_day",4367
2010,"4200103","environment","organic_matter","generation","kg_day",3298
2010,"4200104","environment","organic_matter","generation","kg_day",933
2010,"4200105","environment","organic_matter","generation","kg_day",180
2010,"4200106","environment","organic_matter","generation","kg_day",1984
2010,"4200108","environment","organic_matter","generation","kg_day",743
2010,"4200109","environment","organic_matter","generation","kg_day",31082
2010,"4200110","environment","organic_matter","generation","kg_day",24027
2010,"4200112","environment","organic_matter","generation","kg_day",96231
2010,"4200113","environment","organic_matter","generation","kg_day",6480
2010,"4200115","environment","organic_matter","generation","kg_day",342
2010,"4200117","environment","organic_matter","generation","kg_day",182
2010,"4200118","environment","organic_matter","generation","kg_day",139
2010,"4200119","environment","organic_matter","generation","kg_day",14
2010,"4200120","environment","organic_matter","generation","kg_day",449
2010,"4200121","environment","organic_matter","generation","kg_day",15625
2010,"4200122","environment","organic_matter","generation","kg_day",23544
2010,"4200123","environment","organic_matter","generation","kg_day",43821
2010,"4200124","environment","organic_matter","generation","kg_day",8442
2010,"4200125","environment","organic_matter","generation","kg_day",2785
2010,"4200126","environment","organic_matter","generation","kg_day",1043
2010,"4200128","environment","organic_matter","generation","kg_day",10850
2010,"4200129","environment","organic_matter","generation","kg_day",11039
2010,"4200130","environment","organic_matter","generation","kg_day",253
2010,"4200132","environment","organic_matter","generation","kg_day",74785
2010,"4200134","environment","organic_matter","generation","kg_day",18733
2010,"4200136","environment","organic_matter","generation","kg_day",49667
2010,"4200138","environment","organic_matter","generation","kg_day",8310
2010,"4200140","environment","organic_matter","generation","kg_day",26122
2010,"4200142","environment","organic_matter","generation","kg_day",3986
2010,"4200144","environment","organic_matter","generation","kg_day",14707
2010,"4200146","environment","organic_matter","generation","kg_day",10824
2010,"4200148","environment","organic_matter","generation","kg_day",3607
2010,"4200149","environment","organic_matter","generation","kg_day",15162
2010,"4200150","environment","organic_matter","generation","kg_day",1104
2010,"4200151","environment","organic_matter","generation","kg_day",1552
2010,"4200155","environment","organic_matter","generation","kg_day",29691
2010,"4200156","environment","organic_matter","generation","kg_day",800
2010,"4200157","environment","organic_matter","generation","kg_day",2908
2010,"4200158","environment","organic_matter","generation","kg_day",2171
2010,"4200159","environment","organic_matter","generation","kg_day",2191
2010,"4200160","environment","organic_matter","generation","kg_day",195
2010,"4200161","environment","organic_matter","generation","kg_day",1036
2010,"4200162","environment","organic_matter","generation","kg_day",1051
2010,"4200163","environment","organic_matter","generation","kg_day",11866
2010,"4200164","environment","organic_matter","generation","kg_day",2263
2010,"4200165","environment","organic_matter","generation","kg_day",328
2010,"4200166","environment","organic_matter","generation","kg_day",504
2010,"4200167","environment","organic_matter","generation","kg_day",547
2010,"4200168","environment","organic_matter","generation","kg_day",389
2010,"4200169","environment","organic_matter","generation","kg_day",174
2010,"4200170","environment","organic_matter","generation","kg_day",155
2010,"4200171","environment","organic_matter","generation","kg_day",380
2010,"4200172","environment","organic_matter","generation","kg_day",1883
2010,"4200173","environment","organic_matter","generation","kg_day",849
2010,"4200175","environment","organic_matter","generation","kg_day",161859
2010,"4200176","environment","organic_matter","generation","kg_day",59
2010,"4200177","environment","organic_matter","generation","kg_day",30674
2010,"4200180","environment","organic_matter","generation","kg_day",4549
2010,"4200181","environment","organic_matter","generation","kg_day",2279
2010,"4200182","environment","organic_matter","generation","kg_day",93885
2010,"4200183","environment","organic_matter","generation","kg_day",968
2010,"4200184","environment","organic_matter","generation","kg_day",2226
2010,"4200185","environment","organic_matter","generation","kg_day",402
2010,"4200186","environment","organic_matter","generation","kg_day",1689
2010,"4200188","environment","organic_matter","generation","kg_day",12946
2010,"4200189","environment","organic_matter","generation","kg_day",1214
2010,"4200190","environment","organic_matter","generation","kg_day",10821
2010,"4200191","environment","organic_matter","generation","kg_day",146
2010,"4200193","environment","organic_matter","generation","kg_day",274805
2010,"4200196","environment","organic_matter","generation","kg_day",5272
2010,"4200197","environment","organic_matter","generation","kg_day",89361
2010,"4200199","environment","organic_matter","generation","kg_day",4343
2010,"4200200","environment","organic_matter","generation","kg_day",681
2010,"4200201","environment","organic_matter","generation","kg_day",93537
2010,"4200202","environment","organic_matter","generation","kg_day",17960
2010,"4200203","environment","organic_matter","generation","kg_day",3865
2010,"4200205","environment","organic_matter","generation","kg_day",150
2010,"4200207","environment","organic_matter","generation","kg_day",1161
2010,"4200208","environment","organic_matter","generation","kg_day",18723
2010,"4200209","environment","organic_matter","generation","kg_day",2437
2010,"4200210","environment","organic_matter","generation","kg_day",17284
2010,"4200211","environment","organic_matter","generation","kg_day",1055
2010,"4200212","environment","organic_matter","generation","kg_day",3770
2010,"4200213","environment","organic_matter","generation","kg_day",1288
2010,"4200214","environment","organic_matter","generation","kg_day",104
2010,"4200215","environment","organic_matter","generation","kg_day",13816
2010,"4200218","environment","organic_matter","generation","kg_day",203566
2010,"4200219","environment","organic_matter","generation","kg_day",161
2010,"4200220","environment","organic_matter","generation","kg_day",47367
2010,"4200221","environment","organic_matter","generation","kg_day",90383
2010,"4200222","environment","organic_matter","generation","kg_day",28887
2010,"4200224","environment","organic_matter","generation","kg_day",9417
2010,"4200225","environment","organic_matter","generation","kg_day",2560
2010,"4200226","environment","organic_matter","generation","kg_day",4812
2010,"4200227","environment","organic_matter","generation","kg_day",15574
2010,"4200228","environment","organic_matter","generation","kg_day",315
2010,"4200229","environment","organic_matter","generation","kg_day",109
2010,"4200230","environment","organic_matter","generation","kg_day",366
2010,"4200231","environment","organic_matter","generation","kg_day",1359
2010,"4200232","environment","organic_matter","generation","kg_day",305
2010,"4200233","environment","organic_matter","generation","kg_day",1191
2010,"4200234","environment","organic_matter","generation","kg_day",759
2010,"4200236","environment","organic_matter","generation","kg_day",102519
2010,"4200237","environment","organic_matter","generation","kg_day",4261
2010,"4200238","environment","organic_matter","generation","kg_day",46400
2010,"4200239","environment","organic_matter","generation","kg_day",9376
2010,"4200240","environment","organic_matter","generation","kg_day",7089
2010,"4200241","environment","organic_matter","generation","kg_day",4677
2010,"4200242","environment","organic_matter","generation","kg_day",12994
2010,"4200243","environment","organic_matter","generation","kg_day",147
2010,"4200244","environment","organic_matter","generation","kg_day",75
2010,"4200247","environment","organic_matter","generation","kg_day",389
2010,"4200248","environment","organic_matter","generation","kg_day",393
2010,"4200249","environment","organic_matter","generation","kg_day",640
2010,"4200250","environment","organic_matter","generation","kg_day",14
2010,"4200251","environment","organic_matter","generation","kg_day",430
2010,"4200252","environment","organic_matter","generation","kg_day",131
2010,"4200253","environment","organic_matter","generation","kg_day",10041
2010,"4200254","environment","organic_matter","generation","kg_day",183
2010,"4200255","environment","organic_matter","generation","kg_day",2744
2010,"4200256","environment","organic_matter","generation","kg_day",159
2010,"4200257","environment","organic_matter","generation","kg_day",2049
2010,"4200258","environment","organic_matter","generation","kg_day",76
2010,"4200259","environment","organic_matter","generation","kg_day",204
2010,"4200260","environment","organic_matter","generation","kg_day",48
2010,"4200262","environment","organic_matter","generation","kg_day",189086
2010,"4200263","environment","organic_matter","generation","kg_day",19355
2010,"4200264","environment","organic_matter","generation","kg_day",600
2010,"4200265","environment","organic_matter","generation","kg_day",6640
2010,"4200266","environment","organic_matter","generation","kg_day",15721
2010,"4200267","environment","organic_matter","generation","kg_day",1228
2010,"4200268","environment","organic_matter","generation","kg_day",91482
2010,"4200269","environment","organic_matter","generation","kg_day",686
2010,"4200270","environment","organic_matter","generation","kg_day",1700
2010,"4200271","environment","organic_matter","generation","kg_day",5369
2010,"4200272","environment","organic_matter","generation","kg_day",897
2010,"4200273","environment","organic_matter","generation","kg_day",14827
2010,"4200274","environment","organic_matter","generation","kg_day",3586
2010,"4200275","environment","organic_matter","generation","kg_day",113
2010,"4200276","environment","organic_matter","generation","kg_day",50
2010,"4200277","environment","organic_matter","generation","kg_day",15
2010,"4200278","environment","organic_matter","generation","kg_day",2867
2010,"4200279","environment","organic_matter","generation","kg_day",283
2010,"4200280","environment","organic_matter","generation","kg_day",7454
2010,"4200281","environment","organic_matter","generation","kg_day",1498
2010,"4200282","environment","organic_matter","generation","kg_day",12492
2010,"4200283","environment","organic_matter","generation","kg_day",382
2010,"4200284","environment","organic_matter","generation","kg_day",220
2010,"4200285","environment","organic_matter","generation","kg_day",1607
2010,"4200286","environment","organic_matter","generation","kg_day",14
2010,"4200288","environment","organic_matter","generation","kg_day",109247
2010,"4200293","environment","organic_matter","generation","kg_day",2396
2010,"4200295","environment","organic_matter","generation","kg_day",1341
2010,"4200297","environment","organic_matter","generation","kg_day",1585
2010,"4200299","environment","organic_matter","generation","kg_day",8805
2010,"4200301","environment","organic_matter","generation","kg_day",854
2010,"4200302","environment","organic_matter","generation","kg_day",1177
2010,"4200303","environment","organic_matter","generation","kg_day",24555
2010,"4200305","environment","organic_matter","generation","kg_day",2696
2010,"4200306","environment","organic_matter","generation","kg_day",35281
2010,"4200307","environment","organic_matter","generation","kg_day",2417
2010,"4200308","environment","organic_matter","generation","kg_day",3218
2010,"4200309","environment","organic_matter","generation","kg_day",24
2010,"4200310","environment","organic_matter","generation","kg_day",428
2010,"4200311","environment","organic_matter","generation","kg_day",33
2010,"4200312","environment","organic_matter","generation","kg_day",650
2010,"4200313","environment","organic_matter","generation","kg_day",2130
2010,"4200314","environment","organic_matter","generation","kg_day",155
2010,"4200315","environment","organic_matter","generation","kg_day",1162
2010,"4200316","environment","organic_matter","generation","kg_day",7266
2010,"4200317","environment","organic_matter","generation","kg_day",1564
2010,"4200318","environment","organic_matter","generation","kg_day",268
2010,"4200319","environment","organic_matter","generation","kg_day",11243
2010,"4200321","environment","organic_matter","generation","kg_day",6397
2010,"4200322","environment","organic_matter","generation","kg_day",4692
2010,"4200323","environment","organic_matter","generation","kg_day",1704
2015,"4200002","environment","organic_matter","generation","kg_day",46650
2015,"4200003","environment","organic_matter","generation","kg_day",104
2015,"4200004","environment","organic_matter","generation","kg_day",212
2015,"4200005","environment","organic_matter","generation","kg_day",70
2015,"4200006","environment","organic_matter","generation","kg_day",386
2015,"4200007","environment","organic_matter","generation","kg_day",351
2015,"4200008","environment","organic_matter","generation","kg_day",594
2015,"4200009","environment","organic_matter","generation","kg_day",105
2015,"4200010","environment","organic_matter","generation","kg_day",184
2015,"4200011","environment","organic_matter","generation","kg_day",67
2015,"4200012","environment","organic_matter","generation","kg_day",161
2015,"4200013","environment","organic_matter","generation","kg_day",94
2015,"4200014","environment","organic_matter","generation","kg_day",25
2015,"4200015","environment","organic_matter","generation","kg_day",111
2015,"4200016","environment","organic_matter","generation","kg_day",112
2015,"4200017","environment","organic_matter","generation","kg_day",109
2015,"4200018","environment","organic_matter","generation","kg_day",291
2015,"4200019","environment","organic_matter","generation","kg_day",223
2015,"4200020","environment","organic_matter","generation","kg_day",574
2015,"4200021","environment","organic_matter","generation","kg_day",1009
2015,"4200022","environment","organic_matter","generation","kg_day",162
2015,"4200023","environment","organic_matter","generation","kg_day",246
2015,"4200024","environment","organic_matter","generation","kg_day",472
2015,"4200025","environment","organic_matter","generation","kg_day",373
2015,"4200026","environment","organic_matter","generation","kg_day",39808
2015,"4200027","environment","organic_matter","generation","kg_day",806
2015,"4200029","environment","organic_matter","generation","kg_day",70351
2015,"4200030","environment","organic_matter","generation","kg_day",49
2015,"4200031","environment","organic_matter","generation","kg_day",4895
2015,"4200032","environment","organic_matter","generation","kg_day",9
2015,"4200033","environment","organic_matter","generation","kg_day",14
2015,"4200034","environment","organic_matter","generation","kg_day",32
2015,"4200035","environment","organic_matter","generation","kg_day",33
2015,"4200036","environment","organic_matter","generation","kg_day",1678
2015,"4200037","environment","organic_matter","generation","kg_day",130
2015,"4200038","environment","organic_matter","generation","kg_day",241
2015,"4200039","environment","organic_matter","generation","kg_day",22079
2015,"4200040","environment","organic_matter","generation","kg_day",1349
2015,"4200041","environment","organic_matter","generation","kg_day",36364
2015,"4200042","environment","organic_matter","generation","kg_day",11
2015,"4200043","environment","organic_matter","generation","kg_day",10
2015,"4200044","environment","organic_matter","generation","kg_day",2197
2015,"4200045","environment","organic_matter","generation","kg_day",1260
2015,"4200047","environment","organic_matter","generation","kg_day",169057
2015,"4200048","environment","organic_matter","generation","kg_day",78
2015,"4200049","environment","organic_matter","generation","kg_day",719
2015,"4200050","environment","organic_matter","generation","kg_day",105115
2015,"4200051","environment","organic_matter","generation","kg_day",13
2015,"4200052","environment","organic_matter","generation","kg_day",3796
2015,"4200053","environment","organic_matter","generation","kg_day",149
2015,"4200054","environment","organic_matter","generation","kg_day",24332
2015,"4200055","environment","organic_matter","generation","kg_day",34854
2015,"4200057","environment","organic_matter","generation","kg_day",56881
2015,"4200058","environment","organic_matter","generation","kg_day",7691
2015,"4200059","environment","organic_matter","generation","kg_day",9432
2015,"4200060","environment","organic_matter","generation","kg_day",1373
2015,"4200061","environment","organic_matter","generation","kg_day",754
2015,"4200062","environment","organic_matter","generation","kg_day",7125
2015,"4200063","environment","organic_matter","generation","kg_day",7993
2015,"4200064","environment","organic_matter","generation","kg_day",399
2015,"4200065","environment","organic_matter","generation","kg_day",21739
2015,"4200066","environment","organic_matter","generation","kg_day",312
2015,"4200067","environment","organic_matter","generation","kg_day",62
2015,"4200069","environment","organic_matter","generation","kg_day",9765
2015,"4200070","environment","organic_matter","generation","kg_day",382
2015,"4200071","environment","organic_matter","generation","kg_day",861
2015,"4200072","environment","organic_matter","generation","kg_day",188
2015,"4200073","environment","organic_matter","generation","kg_day",5385
2015,"4200074","environment","organic_matter","generation","kg_day",2949
2015,"4200076","environment","organic_matter","generation","kg_day",34142
2015,"4200077","environment","organic_matter","generation","kg_day",50
2015,"4200078","environment","organic_matter","generation","kg_day",129
2015,"4200079","environment","organic_matter","generation","kg_day",554
2015,"4200080","environment","organic_matter","generation","kg_day",512
2015,"4200081","environment","organic_matter","generation","kg_day",32897
2015,"4200083","environment","organic_matter","generation","kg_day",161794
2015,"4200084","environment","organic_matter","generation","kg_day",38
2015,"4200085","environment","organic_matter","generation","kg_day",104241
2015,"4200086","environment","organic_matter","generation","kg_day",302
2015,"4200087","environment","organic_matter","generation","kg_day",3418
2015,"4200088","environment","organic_matter","generation","kg_day",53795
2015,"4200090","environment","organic_matter","generation","kg_day",27140
2015,"4200092","environment","organic_matter","generation","kg_day",499096
2015,"4200093","environment","organic_matter","generation","kg_day",2055
2015,"4200094","environment","organic_matter","generation","kg_day",14489
2015,"4200095","environment","organic_matter","generation","kg_day",26
2015,"4200096","environment","organic_matter","generation","kg_day",155
2015,"4200098","environment","organic_matter","generation","kg_day",471
2015,"4200099","environment","organic_matter","generation","kg_day",2060
2015,"4200100","environment","organic_matter","generation","kg_day",943
2015,"4200101","environment","organic_matter","generation","kg_day",341
2015,"4200102","environment","organic_matter","generation","kg_day",6106
2015,"4200103","environment","organic_matter","generation","kg_day",1507
2015,"4200104","environment","organic_matter","generation","kg_day",722
2015,"4200105","environment","organic_matter","generation","kg_day",158
2015,"4200106","environment","organic_matter","generation","kg_day",2700
2015,"4200108","environment","organic_matter","generation","kg_day",255
2015,"4200109","environment","organic_matter","generation","kg_day",37244
2015,"4200110","environment","organic_matter","generation","kg_day",17366
2015,"4200112","environment","organic_matter","generation","kg_day",88170
2015,"4200113","environment","organic_matter","generation","kg_day",5709
2015,"4200115","environment","organic_matter","generation","kg_day",336
2015,"4200117","environment","organic_matter","generation","kg_day",310
2015,"4200118","environment","organic_matter","generation","kg_day",100
2015,"4200119","environment","organic_matter","generation","kg_day",17
2015,"4200120","environment","organic_matter","generation","kg_day",359
2015,"4200121","environment","organic_matter","generation","kg_day",6094
2015,"4200122","environment","organic_matter","generation","kg_day",24999
2015,"4200123","environment","organic_matter","generation","kg_day",39097
2015,"4200124","environment","organic_matter","generation","kg_day",11383
2015,"4200125","environment","organic_matter","generation","kg_day",63
2015,"4200126","environment","organic_matter","generation","kg_day",2236
2015,"4200128","environment","organic_matter","generation","kg_day",3408
2015,"4200129","environment","organic_matter","generation","kg_day",5178
2015,"4200130","environment","organic_matter","generation","kg_day",340
2015,"4200132","environment","organic_matter","generation","kg_day",115225
2015,"4200134","environment","organic_matter","generation","kg_day",23732
2015,"4200136","environment","organic_matter","generation","kg_day",9868
2015,"4200138","environment","organic_matter","generation","kg_day",2018
2015,"4200140","environment","organic_matter","generation","kg_day",21508
2015,"4200142","environment","organic_matter","generation","kg_day",6418
2015,"4200144","environment","organic_matter","generation","kg_day",22058
2015,"4200146","environment","organic_matter","generation","kg_day",15173
2015,"4200148","environment","organic_matter","generation","kg_day",3596
2015,"4200149","environment","organic_matter","generation","kg_day",1857
2015,"4200150","environment","organic_matter","generation","kg_day",2760
2015,"4200151","environment","organic_matter","generation","kg_day",485
2015,"4200155","environment","organic_matter","generation","kg_day",42624
2015,"4200156","environment","organic_matter","generation","kg_day",1084
2015,"4200157","environment","organic_matter","generation","kg_day",6379
2015,"4200158","environment","organic_matter","generation","kg_day",2136
2015,"4200159","environment","organic_matter","generation","kg_day",4347
2015,"4200160","environment","organic_matter","generation","kg_day",434
2015,"4200161","environment","organic_matter","generation","kg_day",681
2015,"4200162","environment","organic_matter","generation","kg_day",847
2015,"4200163","environment","organic_matter","generation","kg_day",12163
2015,"4200164","environment","organic_matter","generation","kg_day",3335
2015,"4200165","environment","organic_matter","generation","kg_day",296
2015,"4200166","environment","organic_matter","generation","kg_day",611
2015,"4200167","environment","organic_matter","generation","kg_day",262
2015,"4200168","environment","organic_matter","generation","kg_day",342
2015,"4200169","environment","organic_matter","generation","kg_day",195
2015,"4200170","environment","organic_matter","generation","kg_day",494
2015,"4200171","environment","organic_matter","generation","kg_day",2628
2015,"4200172","environment","organic_matter","generation","kg_day",4018
2015,"4200173","environment","organic_matter","generation","kg_day",2373
2015,"4200175","environment","organic_matter","generation","kg_day",170380
2015,"4200176","environment","organic_matter","generation","kg_day",519
2015,"4200177","environment","organic_matter","generation","kg_day",82072
2015,"4200180","environment","organic_matter","generation","kg_day",11355
2015,"4200181","environment","organic_matter","generation","kg_day",3159
2015,"4200182","environment","organic_matter","generation","kg_day",21984
2015,"4200183","environment","organic_matter","generation","kg_day",1003
2015,"4200184","environment","organic_matter","generation","kg_day",1170
2015,"4200185","environment","organic_matter","generation","kg_day",622
2015,"4200186","environment","organic_matter","generation","kg_day",976
2015,"4200188","environment","organic_matter","generation","kg_day",28871
2015,"4200189","environment","organic_matter","generation","kg_day",1709
2015,"4200190","environment","organic_matter","generation","kg_day",16747
2015,"4200191","environment","organic_matter","generation","kg_day",193
2015,"4200193","environment","organic_matter","generation","kg_day",361772
2015,"4200196","environment","organic_matter","generation","kg_day",9640
2015,"4200197","environment","organic_matter","generation","kg_day",128203
2015,"4200199","environment","organic_matter","generation","kg_day",2813
2015,"4200200","environment","organic_matter","generation","kg_day",1080
2015,"4200201","environment","organic_matter","generation","kg_day",135753
2015,"4200202","environment","organic_matter","generation","kg_day",13819
2015,"4200203","environment","organic_matter","generation","kg_day",3878
2015,"4200205","environment","organic_matter","generation","kg_day",497
2015,"4200207","environment","organic_matter","generation","kg_day",1886
2015,"4200209","environment","organic_matter","generation","kg_day",1940
2015,"4200210","environment","organic_matter","generation","kg_day",34596
2015,"4200211","environment","organic_matter","generation","kg_day",1967
2015,"4200212","environment","organic_matter","generation","kg_day",3970
2015,"4200213","environment","organic_matter","generation","kg_day",5423
2015,"4200214","environment","organic_matter","generation","kg_day",325
2015,"4200216","environment","organic_matter","generation","kg_day",15982
2015,"4200218","environment","organic_matter","generation","kg_day",303752
2015,"4200219","environment","organic_matter","generation","kg_day",152
2015,"4200220","environment","organic_matter","generation","kg_day",74305
2015,"4200221","environment","organic_matter","generation","kg_day",100113
2015,"4200222","environment","organic_matter","generation","kg_day",31712
2015,"4200223","environment","organic_matter","generation","kg_day",12245
2015,"4200224","environment","organic_matter","generation","kg_day",3260
2015,"4200225","environment","organic_matter","generation","kg_day",11645
2015,"4200227","environment","organic_matter","generation","kg_day",57517
2015,"4200228","environment","organic_matter","generation","kg_day",948
2015,"4200229","environment","organic_matter","generation","kg_day",52
2015,"4200230","environment","organic_matter","generation","kg_day",52
2015,"4200231","environment","organic_matter","generation","kg_day",1129
2015,"4200232","environment","organic_matter","generation","kg_day",1518
2015,"4200233","environment","organic_matter","generation","kg_day",613
2015,"4200234","environment","organic_matter","generation","kg_day",8491
2015,"4200236","environment","organic_matter","generation","kg_day",119251
2015,"4200237","environment","organic_matter","generation","kg_day",1893
2015,"4200238","environment","organic_matter","generation","kg_day",73467
2015,"4200239","environment","organic_matter","generation","kg_day",1075
2015,"4200240","environment","organic_matter","generation","kg_day",7966
2015,"4200241","environment","organic_matter","generation","kg_day",9220
2015,"4200242","environment","organic_matter","generation","kg_day",7361
2015,"4200243","environment","organic_matter","generation","kg_day",124
2015,"4200244","environment","organic_matter","generation","kg_day",680
2015,"4200247","environment","organic_matter","generation","kg_day",393
2015,"4200248","environment","organic_matter","generation","kg_day",113
2015,"4200249","environment","organic_matter","generation","kg_day",889
2015,"4200250","environment","organic_matter","generation","kg_day",3179
2015,"4200251","environment","organic_matter","generation","kg_day",697
2015,"4200252","environment","organic_matter","generation","kg_day",521
2015,"4200253","environment","organic_matter","generation","kg_day",5689
2015,"4200254","environment","organic_matter","generation","kg_day",149
2015,"4200255","environment","organic_matter","generation","kg_day",2751
2015,"4200256","environment","organic_matter","generation","kg_day",448
2015,"4200257","environment","organic_matter","generation","kg_day",1858
2015,"4200258","environment","organic_matter","generation","kg_day",295
2015,"4200259","environment","organic_matter","generation","kg_day",392
2015,"4200260","environment","organic_matter","generation","kg_day",91
2015,"4200262","environment","organic_matter","generation","kg_day",168142
2015,"4200263","environment","organic_matter","generation","kg_day",8038
2015,"4200264","environment","organic_matter","generation","kg_day",369
2015,"4200265","environment","organic_matter","generation","kg_day",4547
2015,"4200266","environment","organic_matter","generation","kg_day",10390
2015,"4200267","environment","organic_matter","generation","kg_day",1358
2015,"4200268","environment","organic_matter","generation","kg_day",87130
2015,"4200269","environment","organic_matter","generation","kg_day",1011
2015,"4200270","environment","organic_matter","generation","kg_day",1349
2015,"4200271","environment","organic_matter","generation","kg_day",12525
2015,"4200272","environment","organic_matter","generation","kg_day",1512
2015,"4200273","environment","organic_matter","generation","kg_day",9665
2015,"4200274","environment","organic_matter","generation","kg_day",2454
2015,"4200275","environment","organic_matter","generation","kg_day",71
2015,"4200276","environment","organic_matter","generation","kg_day",12
2015,"4200277","environment","organic_matter","generation","kg_day",23
2015,"4200278","environment","organic_matter","generation","kg_day",2516
2015,"4200279","environment","organic_matter","generation","kg_day",1108
2015,"4200280","environment","organic_matter","generation","kg_day",2059
2015,"4200281","environment","organic_matter","generation","kg_day",1814
2015,"4200282","environment","organic_matter","generation","kg_day",18582
2015,"4200283","environment","organic_matter","generation","kg_day",372
2015,"4200284","environment","organic_matter","generation","kg_day",98
2015,"4200285","environment","organic_matter","generation","kg_day",1108
2015,"4200286","environment","organic_matter","generation","kg_day",30
2015,"4200288","environment","organic_matter","generation","kg_day",164036
2015,"4200293","environment","organic_matter","generation","kg_day",23360
2015,"4200295","environment","organic_matter","generation","kg_day",994
2015,"4200297","environment","organic_matter","generation","kg_day",1700
2015,"4200299","environment","organic_matter","generation","kg_day",14054
2015,"4200301","environment","organic_matter","generation","kg_day",561
2015,"4200302","environment","organic_matter","generation","kg_day",819
2015,"4200303","environment","organic_matter","generation","kg_day",26139
2015,"4200305","environment","organic_matter","generation","kg_day",3097
2015,"4200306","environment","organic_matter","generation","kg_day",34090
2015,"4200307","environment","organic_matter","generation","kg_day",2285
2015,"4200308","environment","organic_matter","generation","kg_day",4304
2015,"4200309","environment","organic_matter","generation","kg_day",53
2015,"4200310","environment","organic_matter","generation","kg_day",644
2015,"4200311","environment","organic_matter","generation","kg_day",62
2015,"4200312","environment","organic_matter","generation","kg_day",630
2015,"4200313","environment","organic_matter","generation","kg_day",2540
2015,"4200314","environment","organic_matter","generation","kg_day",895
2015,"4200315","environment","organic_matter","generation","kg_day",1938
2015,"4200316","environment","organic_matter","generation","kg_day",8221
2015,"4200317","environment","organic_matter","generation","kg_day",17892
2015,"4200318","environment","organic_matter","generation","kg_day",184
2015,"4200319","environment","organic_matter","generation","kg_day",19576
2015,"4200321","environment","organic_matter","generation","kg_day",5921
2015,"4200322","environment","organic_matter","generation","kg_day",4285
2015,"4200323","environment","organic_matter","generation","kg_day",1636
2020,"4200002","environment","organic_matter","generation","kg_day",6049
2020,"4200003","environment","organic_matter","generation","kg_day",133
2020,"4200004","environment","organic_matter","generation","kg_day",142
2020,"4200005","environment","organic_matter","generation","kg_day",63
2020,"4200006","environment","organic_matter","generation","kg_day",552
2020,"4200007","environment","organic_matter","generation","kg_day",82
2020,"4200008","environment","organic_matter","generation","kg_day",433
2020,"4200009","environment","organic_matter","generation","kg_day",44
2020,"4200010","environment","organic_matter","generation","kg_day",120
2020,"4200011","environment","organic_matter","generation","kg_day",9
2020,"4200012","environment","organic_matter","generation","kg_day",72
2020,"4200013","environment","organic_matter","generation","kg_day",250
2020,"4200014","environment","organic_matter","generation","kg_day",26
2020,"4200015","environment","organic_matter","generation","kg_day",142
2020,"4200016","environment","organic_matter","generation","kg_day",52
2020,"4200017","environment","organic_matter","generation","kg_day",129
2020,"4200018","environment","organic_matter","generation","kg_day",283
2020,"4200019","environment","organic_matter","generation","kg_day",198
2020,"4200020","environment","organic_matter","generation","kg_day",495
2020,"4200021","environment","organic_matter","generation","kg_day",1092
2020,"4200022","environment","organic_matter","generation","kg_day",206
2020,"4200023","environment","organic_matter","generation","kg_day",390
2020,"4200024","environment","organic_matter","generation","kg_day",150
2020,"4200025","environment","organic_matter","generation","kg_day",126
2020,"4200026","environment","organic_matter","generation","kg_day",499
2020,"4200027","environment","organic_matter","generation","kg_day",357
2020,"4200029","environment","organic_matter","generation","kg_day",35166
2020,"4200030","environment","organic_matter","generation","kg_day",68
2020,"4200031","environment","organic_matter","generation","kg_day",3364
2020,"4200032","environment","organic_matter","generation","kg_day",11
2020,"4200033","environment","organic_matter","generation","kg_day",62
2020,"4200034","environment","organic_matter","generation","kg_day",15
2020,"4200035","environment","organic_matter","generation","kg_day",16
2020,"4200036","environment","organic_matter","generation","kg_day",490
2020,"4200037","environment","organic_matter","generation","kg_day",53
2020,"4200038","environment","organic_matter","generation","kg_day",54
2020,"4200039","environment","organic_matter","generation","kg_day",13992
2020,"4200040","environment","organic_matter","generation","kg_day",1101
2020,"4200041","environment","organic_matter","generation","kg_day",12786
2020,"4200042","environment","organic_matter","generation","kg_day",8
2020,"4200043","environment","organic_matter","generation","kg_day",5
2020,"4200044","environment","organic_matter","generation","kg_day",1133
2020,"4200045","environment","organic_matter","generation","kg_day",2006
2020,"4200047","environment","organic_matter","generation","kg_day",120407
2020,"4200048","environment","organic_matter","generation","kg_day",121
2020,"4200049","environment","organic_matter","generation","kg_day",132
2020,"4200050","environment","organic_matter","generation","kg_day",79910
2020,"4200051","environment","organic_matter","generation","kg_day",9
2020,"4200052","environment","organic_matter","generation","kg_day",2625
2020,"4200053","environment","organic_matter","generation","kg_day",101
2020,"4200054","environment","organic_matter","generation","kg_day",9669
2020,"4200055","environment","organic_matter","generation","kg_day",27840
2020,"4200057","environment","organic_matter","generation","kg_day",27548
2020,"4200058","environment","organic_matter","generation","kg_day",3919
2020,"4200059","environment","organic_matter","generation","kg_day",556
2020,"4200060","environment","organic_matter","generation","kg_day",96
2020,"4200061","environment","organic_matter","generation","kg_day",883
2020,"4200062","environment","organic_matter","generation","kg_day",2483
2020,"4200063","environment","organic_matter","generation","kg_day",5695
2020,"4200064","environment","organic_matter","generation","kg_day",73
2020,"4200065","environment","organic_matter","generation","kg_day",13359
2020,"4200066","environment","organic_matter","generation","kg_day",483
2020,"4200067","environment","organic_matter","generation","kg_day",0
2020,"4200069","environment","organic_matter","generation","kg_day",11732
2020,"4200070","environment","organic_matter","generation","kg_day",86
2020,"4200071","environment","organic_matter","generation","kg_day",1006
2020,"4200072","environment","organic_matter","generation","kg_day",257
2020,"4200073","environment","organic_matter","generation","kg_day",6657
2020,"4200074","environment","organic_matter","generation","kg_day",3727
2020,"4200076","environment","organic_matter","generation","kg_day",95008
2020,"4200077","environment","organic_matter","generation","kg_day",33
2020,"4200078","environment","organic_matter","generation","kg_day",633
2020,"4200079","environment","organic_matter","generation","kg_day",444
2020,"4200080","environment","organic_matter","generation","kg_day",935
2020,"4200081","environment","organic_matter","generation","kg_day",92962
2020,"4200083","environment","organic_matter","generation","kg_day",230398
2020,"4200084","environment","organic_matter","generation","kg_day",11
2020,"4200085","environment","organic_matter","generation","kg_day",164703
2020,"4200086","environment","organic_matter","generation","kg_day",238
2020,"4200087","environment","organic_matter","generation","kg_day",3755
2020,"4200088","environment","organic_matter","generation","kg_day",61691
2020,"4200090","environment","organic_matter","generation","kg_day",27705
2020,"4200092","environment","organic_matter","generation","kg_day",361083
2020,"4200093","environment","organic_matter","generation","kg_day",3791
2020,"4200094","environment","organic_matter","generation","kg_day",212
2020,"4200095","environment","organic_matter","generation","kg_day",42
2020,"4200096","environment","organic_matter","generation","kg_day",824
2020,"4200098","environment","organic_matter","generation","kg_day",85
2020,"4200099","environment","organic_matter","generation","kg_day",1927
2020,"4200100","environment","organic_matter","generation","kg_day",187
2020,"4200101","environment","organic_matter","generation","kg_day",65
2020,"4200102","environment","organic_matter","generation","kg_day",1430
2020,"4200103","environment","organic_matter","generation","kg_day",1484
2020,"4200153","environment","organic_matter","generation","kg_day",1756
2020,"4200108","environment","organic_matter","generation","kg_day",253
2020,"4200109","environment","organic_matter","generation","kg_day",50393
2020,"4200110","environment","organic_matter","generation","kg_day",12826
2020,"4200112","environment","organic_matter","generation","kg_day",71982
2020,"4200113","environment","organic_matter","generation","kg_day",5529
2020,"4200115","environment","organic_matter","generation","kg_day",265
2020,"4200117","environment","organic_matter","generation","kg_day",341
2020,"4200118","environment","organic_matter","generation","kg_day",123
2020,"4200119","environment","organic_matter","generation","kg_day",17
2020,"4200120","environment","organic_matter","generation","kg_day",538
2020,"4200121","environment","organic_matter","generation","kg_day",5750
2020,"4200122","environment","organic_matter","generation","kg_day",5198
2020,"4200123","environment","organic_matter","generation","kg_day",29723
2020,"4200124","environment","organic_matter","generation","kg_day",4772
2020,"4200125","environment","organic_matter","generation","kg_day",165
2020,"4200126","environment","organic_matter","generation","kg_day",537
2020,"4200128","environment","organic_matter","generation","kg_day",4487
2020,"4200129","environment","organic_matter","generation","kg_day",9676
2020,"4200130","environment","organic_matter","generation","kg_day",418
2020,"4200132","environment","organic_matter","generation","kg_day",17101
2020,"4200134","environment","organic_matter","generation","kg_day",22746
2020,"4200136","environment","organic_matter","generation","kg_day",18477
2020,"4200138","environment","organic_matter","generation","kg_day",2676
2020,"4200140","environment","organic_matter","generation","kg_day",40994
2020,"4200142","environment","organic_matter","generation","kg_day",4007
2020,"4200144","environment","organic_matter","generation","kg_day",16522
2020,"4200146","environment","organic_matter","generation","kg_day",17447
2020,"4200152","environment","organic_matter","generation","kg_day",4670
2020,"4200149","environment","organic_matter","generation","kg_day",717
2020,"4200150","environment","organic_matter","generation","kg_day",537
2020,"4200151","environment","organic_matter","generation","kg_day",392
2020,"4200155","environment","organic_matter","generation","kg_day",35274
2020,"4200156","environment","organic_matter","generation","kg_day",851
2020,"4200157","environment","organic_matter","generation","kg_day",5159
2020,"4200158","environment","organic_matter","generation","kg_day",3961
2020,"4200159","environment","organic_matter","generation","kg_day",1740
2020,"4200160","environment","organic_matter","generation","kg_day",106
2020,"4200161","environment","organic_matter","generation","kg_day",3431
2020,"4200162","environment","organic_matter","generation","kg_day",3612
2020,"4200163","environment","organic_matter","generation","kg_day",6530
2020,"4200164","environment","organic_matter","generation","kg_day",3201
2020,"4200165","environment","organic_matter","generation","kg_day",292
2020,"4200166","environment","organic_matter","generation","kg_day",268
2020,"4200167","environment","organic_matter","generation","kg_day",536
2020,"4200168","environment","organic_matter","generation","kg_day",350
2020,"4200169","environment","organic_matter","generation","kg_day",29
2020,"4200170","environment","organic_matter","generation","kg_day",219
2020,"4200171","environment","organic_matter","generation","kg_day",881
2020,"4200172","environment","organic_matter","generation","kg_day",2275
2020,"4200173","environment","organic_matter","generation","kg_day",1834
2020,"4200175","environment","organic_matter","generation","kg_day",181467
2020,"4200176","environment","organic_matter","generation","kg_day",108
2020,"4200177","environment","organic_matter","generation","kg_day",94537
2020,"4200178","environment","organic_matter","generation","kg_day",6292
2020,"4200179","environment","organic_matter","generation","kg_day",3519
2020,"4200180","environment","organic_matter","generation","kg_day",18431
2020,"4200181","environment","organic_matter","generation","kg_day",3206
2020,"4200183","environment","organic_matter","generation","kg_day",847
2020,"4200184","environment","organic_matter","generation","kg_day",617
2020,"4200185","environment","organic_matter","generation","kg_day",1572
2020,"4200186","environment","organic_matter","generation","kg_day",1525
2020,"4200188","environment","organic_matter","generation","kg_day",20345
2020,"4200189","environment","organic_matter","generation","kg_day",2022
2020,"4200190","environment","organic_matter","generation","kg_day",28335
2020,"4200191","environment","organic_matter","generation","kg_day",110
2020,"4200193","environment","organic_matter","generation","kg_day",141582
2020,"4200196","environment","organic_matter","generation","kg_day",10876
2020,"4200197","environment","organic_matter","generation","kg_day",15688
2020,"4200199","environment","organic_matter","generation","kg_day",3262
2020,"4200200","environment","organic_matter","generation","kg_day",755
2020,"4200201","environment","organic_matter","generation","kg_day",31161
2020,"4200202","environment","organic_matter","generation","kg_day",29872
2020,"4200203","environment","organic_matter","generation","kg_day",5003
2020,"4200205","environment","organic_matter","generation","kg_day",537
2020,"4200207","environment","organic_matter","generation","kg_day",3965
2020,"4200209","environment","organic_matter","generation","kg_day",6112
2020,"4200210","environment","organic_matter","generation","kg_day",10729
2020,"4200211","environment","organic_matter","generation","kg_day",2467
2020,"4200212","environment","organic_matter","generation","kg_day",3216
2020,"4200213","environment","organic_matter","generation","kg_day",4598
2020,"4200214","environment","organic_matter","generation","kg_day",595
2020,"4200216","environment","organic_matter","generation","kg_day",12746
2020,"4200218","environment","organic_matter","generation","kg_day",188975
2020,"4200219","environment","organic_matter","generation","kg_day",130
2020,"4200220","environment","organic_matter","generation","kg_day",36049
2020,"4200221","environment","organic_matter","generation","kg_day",68916
2020,"4200222","environment","organic_matter","generation","kg_day",20317
2020,"4200224","environment","organic_matter","generation","kg_day",29683
2020,"4200225","environment","organic_matter","generation","kg_day",3366
2020,"4200226","environment","organic_matter","generation","kg_day",10949
2020,"4200227","environment","organic_matter","generation","kg_day",5131
2020,"4200228","environment","organic_matter","generation","kg_day",682
2020,"4200229","environment","organic_matter","generation","kg_day",46
2020,"4200230","environment","organic_matter","generation","kg_day",8
2020,"4200231","environment","organic_matter","generation","kg_day",1259
2020,"4200232","environment","organic_matter","generation","kg_day",3154
2020,"4200233","environment","organic_matter","generation","kg_day",2482
2020,"4200234","environment","organic_matter","generation","kg_day",6802
2020,"4200236","environment","organic_matter","generation","kg_day",110209
2020,"4200237","environment","organic_matter","generation","kg_day",2101
2020,"4200238","environment","organic_matter","generation","kg_day",64492
2020,"4200239","environment","organic_matter","generation","kg_day",2668
2020,"4200240","environment","organic_matter","generation","kg_day",9267
2020,"4200241","environment","organic_matter","generation","kg_day",5798
2020,"4200242","environment","organic_matter","generation","kg_day",6699
2020,"4200243","environment","organic_matter","generation","kg_day",75
2020,"4200244","environment","organic_matter","generation","kg_day",1067
2020,"4200247","environment","organic_matter","generation","kg_day",594
2020,"4200248","environment","organic_matter","generation","kg_day",445
2020,"4200249","environment","organic_matter","generation","kg_day",1338
2020,"4200250","environment","organic_matter","generation","kg_day",3571
2020,"4200251","environment","organic_matter","generation","kg_day",1292
2020,"4200252","environment","organic_matter","generation","kg_day",393
2020,"4200253","environment","organic_matter","generation","kg_day",3099
2020,"4200254","environment","organic_matter","generation","kg_day",1697
2020,"4200255","environment","organic_matter","generation","kg_day",1285
2020,"4200256","environment","organic_matter","generation","kg_day",397
2020,"4200257","environment","organic_matter","generation","kg_day",1735
2020,"4200258","environment","organic_matter","generation","kg_day",542
2020,"4200259","environment","organic_matter","generation","kg_day",1204
2020,"4200260","environment","organic_matter","generation","kg_day",451
2020,"4200262","environment","organic_matter","generation","kg_day",94542
2020,"4200263","environment","organic_matter","generation","kg_day",8155
2020,"4200264","environment","organic_matter","generation","kg_day",391
2020,"4200265","environment","organic_matter","generation","kg_day",2397
2020,"4200266","environment","organic_matter","generation","kg_day",8031
2020,"4200267","environment","organic_matter","generation","kg_day",6173
2020,"4200268","environment","organic_matter","generation","kg_day",39324
2020,"4200269","environment","organic_matter","generation","kg_day",1137
2020,"4200270","environment","organic_matter","generation","kg_day",2849
2020,"4200271","environment","organic_matter","generation","kg_day",3705
2020,"4200272","environment","organic_matter","generation","kg_day",1096
2020,"4200273","environment","organic_matter","generation","kg_day",4971
2020,"4200274","environment","organic_matter","generation","kg_day",2363
2020,"4200275","environment","organic_matter","generation","kg_day",151
2020,"4200276","environment","organic_matter","generation","kg_day",49
2020,"4200277","environment","organic_matter","generation","kg_day",191
2020,"4200278","environment","organic_matter","generation","kg_day",1348
2020,"4200279","environment","organic_matter","generation","kg_day",260
2020,"4200280","environment","organic_matter","generation","kg_day",3510
2020,"4200281","environment","organic_matter","generation","kg_day",322
2020,"4200282","environment","organic_matter","generation","kg_day",5933
2020,"4200283","environment","organic_matter","generation","kg_day",592
2020,"4200284","environment","organic_matter","generation","kg_day",509
2020,"4200285","environment","organic_matter","generation","kg_day",1064
2020,"4200286","environment","organic_matter","generation","kg_day",19
2020,"4200288","environment","organic_matter","generation","kg_day",131701
2020,"4200293","environment","organic_matter","generation","kg_day",23584
2020,"4200295","environment","organic_matter","generation","kg_day",873
2020,"4200297","environment","organic_matter","generation","kg_day",1922
2020,"4200299","environment","organic_matter","generation","kg_day",12138
2020,"4200301","environment","organic_matter","generation","kg_day",988
2020,"4200302","environment","organic_matter","generation","kg_day",942
2020,"4200303","environment","organic_matter","generation","kg_day",18375
2020,"4200305","environment","organic_matter","generation","kg_day",2722
2020,"4200306","environment","organic_matter","generation","kg_day",47889
2020,"4200307","environment","organic_matter","generation","kg_day",2475
2020,"4200308","environment","organic_matter","generation","kg_day",2039
2020,"4200309","environment","organic_matter","generation","kg_day",105
2020,"4200310","environment","organic_matter","generation","kg_day",260
2020,"4200311","environment","organic_matter","generation","kg_day",46
2020,"4200312","environment","organic_matter","generation","kg_day",229
2020,"4200313","environment","organic_matter","generation","kg_day",2172
2020,"4200314","environment","organic_matter","generation","kg_day",665
2020,"4200315","environment","organic_matter","generation","kg_day",2209
2020,"4200316","environment","organic_matter","generation","kg_day",6227
2020,"4200317","environment","organic_matter","generation","kg_day",150
2020,"4200318","environment","organic_matter","generation","kg_day",156
2020,"4200319","environment","organic_matter","generation","kg_day",5536
2020,"4200321","environment","organic_matter","generation","kg_day",6300
2020,"4200322","environment","organic_matter","generation","kg_day",4197
2020,"4200323","environment","organic_matter","generation","kg_day",2103
2010,"4200002","environment","organic_matter","discharge","kg_day",509
2010,"4200003","environment","organic_matter","discharge","kg_day",4
2010,"4200004","environment","organic_matter","discharge","kg_day",7
2010,"4200005","environment","organic_matter","discharge","kg_day",14
2010,"4200006","environment","organic_matter","discharge","kg_day",58
2010,"4200007","environment","organic_matter","discharge","kg_day",54
2010,"4200008","environment","organic_matter","discharge","kg_day",27
2010,"4200009","environment","organic_matter","discharge","kg_day",2
2010,"4200010","environment","organic_matter","discharge","kg_day",18
2010,"4200011","environment","organic_matter","discharge","kg_day",3
2010,"4200012","environment","organic_matter","discharge","kg_day",5
2010,"4200013","environment","organic_matter","discharge","kg_day",6
2010,"4200014","environment","organic_matter","discharge","kg_day",4
2010,"4200015","environment","organic_matter","discharge","kg_day",3
2010,"4200016","environment","organic_matter","discharge","kg_day",5
2010,"4200017","environment","organic_matter","discharge","kg_day",13
2010,"4200018","environment","organic_matter","discharge","kg_day",23
2010,"4200019","environment","organic_matter","discharge","kg_day",87
2010,"4200020","environment","organic_matter","discharge","kg_day",13
2010,"4200021","environment","organic_matter","discharge","kg_day",38
2010,"4200022","environment","organic_matter","discharge","kg_day",13
2010,"4200023","environment","organic_matter","discharge","kg_day",6
2010,"4200024","environment","organic_matter","discharge","kg_day",13
2010,"4200025","environment","organic_matter","discharge","kg_day",17
2010,"4200026","environment","organic_matter","discharge","kg_day",27
2010,"4200027","environment","organic_matter","discharge","kg_day",48
2010,"4200029","environment","organic_matter","discharge","kg_day",634
2010,"4200030","environment","organic_matter","discharge","kg_day",1
2010,"4200031","environment","organic_matter","discharge","kg_day",22
2010,"4200032","environment","organic_matter","discharge","kg_day",1
2010,"4200033","environment","organic_matter","discharge","kg_day",1
2010,"4200034","environment","organic_matter","discharge","kg_day",3
2010,"4200035","environment","organic_matter","discharge","kg_day",28
2010,"4200036","environment","organic_matter","discharge","kg_day",55
2010,"4200037","environment","organic_matter","discharge","kg_day",7
2010,"4200038","environment","organic_matter","discharge","kg_day",35
2010,"4200039","environment","organic_matter","discharge","kg_day",232
2010,"4200040","environment","organic_matter","discharge","kg_day",18
2010,"4200041","environment","organic_matter","discharge","kg_day",124
2010,"4200042","environment","organic_matter","discharge","kg_day",1
2010,"4200043","environment","organic_matter","discharge","kg_day",1
2010,"4200044","environment","organic_matter","discharge","kg_day",43
2010,"4200045","environment","organic_matter","discharge","kg_day",65
2010,"4200047","environment","organic_matter","discharge","kg_day",492
2010,"4200048","environment","organic_matter","discharge","kg_day",3
2010,"4200049","environment","organic_matter","discharge","kg_day",38
2010,"4200050","environment","organic_matter","discharge","kg_day",334
2010,"4200051","environment","organic_matter","discharge","kg_day",0
2010,"4200052","environment","organic_matter","discharge","kg_day",23
2010,"4200053","environment","organic_matter","discharge","kg_day",8
2010,"4200054","environment","organic_matter","discharge","kg_day",35
2010,"4200055","environment","organic_matter","discharge","kg_day",51
2010,"4200057","environment","organic_matter","discharge","kg_day",578
2010,"4200058","environment","organic_matter","discharge","kg_day",39
2010,"4200059","environment","organic_matter","discharge","kg_day",12
2010,"4200060","environment","organic_matter","discharge","kg_day",77
2010,"4200061","environment","organic_matter","discharge","kg_day",7
2010,"4200062","environment","organic_matter","discharge","kg_day",92
2010,"4200063","environment","organic_matter","discharge","kg_day",112
2010,"4200064","environment","organic_matter","discharge","kg_day",12
2010,"4200065","environment","organic_matter","discharge","kg_day",196
2010,"4200066","environment","organic_matter","discharge","kg_day",29
2010,"4200067","environment","organic_matter","discharge","kg_day",2
2010,"4200069","environment","organic_matter","discharge","kg_day",104
2010,"4200070","environment","organic_matter","discharge","kg_day",9
2010,"4200071","environment","organic_matter","discharge","kg_day",16
2010,"4200072","environment","organic_matter","discharge","kg_day",7
2010,"4200073","environment","organic_matter","discharge","kg_day",37
2010,"4200074","environment","organic_matter","discharge","kg_day",33
2010,"4200076","environment","organic_matter","discharge","kg_day",212
2010,"4200077","environment","organic_matter","discharge","kg_day",7
2010,"4200078","environment","organic_matter","discharge","kg_day",5
2010,"4200079","environment","organic_matter","discharge","kg_day",13
2010,"4200080","environment","organic_matter","discharge","kg_day",52
2010,"4200081","environment","organic_matter","discharge","kg_day",136
2010,"4200083","environment","organic_matter","discharge","kg_day",1483
2010,"4200084","environment","organic_matter","discharge","kg_day",2
2010,"4200085","environment","organic_matter","discharge","kg_day",894
2010,"4200086","environment","organic_matter","discharge","kg_day",4
2010,"4200087","environment","organic_matter","discharge","kg_day",95
2010,"4200088","environment","organic_matter","discharge","kg_day",489
2010,"4200092","environment","organic_matter","discharge","kg_day",8369
2010,"4200093","environment","organic_matter","discharge","kg_day",18
2010,"4200094","environment","organic_matter","discharge","kg_day",14
2010,"4200095","environment","organic_matter","discharge","kg_day",7
2010,"4200096","environment","organic_matter","discharge","kg_day",16
2010,"4200098","environment","organic_matter","discharge","kg_day",19
2010,"4200099","environment","organic_matter","discharge","kg_day",20
2010,"4200100","environment","organic_matter","discharge","kg_day",32
2010,"4200101","environment","organic_matter","discharge","kg_day",4
2010,"4200102","environment","organic_matter","discharge","kg_day",6
2010,"4200103","environment","organic_matter","discharge","kg_day",23
2010,"4200104","environment","organic_matter","discharge","kg_day",79
2010,"4200105","environment","organic_matter","discharge","kg_day",1
2010,"4200106","environment","organic_matter","discharge","kg_day",17
2010,"4200108","environment","organic_matter","discharge","kg_day",39
2010,"4200109","environment","organic_matter","discharge","kg_day",746
2010,"4200110","environment","organic_matter","discharge","kg_day",178
2010,"4200112","environment","organic_matter","discharge","kg_day",566
2010,"4200113","environment","organic_matter","discharge","kg_day",76
2010,"4200115","environment","organic_matter","discharge","kg_day",57
2010,"4200117","environment","organic_matter","discharge","kg_day",39
2010,"4200118","environment","organic_matter","discharge","kg_day",10
2010,"4200119","environment","organic_matter","discharge","kg_day",3
2010,"4200120","environment","organic_matter","discharge","kg_day",9
2010,"4200121","environment","organic_matter","discharge","kg_day",118
2010,"4200122","environment","organic_matter","discharge","kg_day",104
2010,"4200123","environment","organic_matter","discharge","kg_day",385
2010,"4200124","environment","organic_matter","discharge","kg_day",51
2010,"4200125","environment","organic_matter","discharge","kg_day",6
2010,"4200126","environment","organic_matter","discharge","kg_day",89
2010,"4200128","environment","organic_matter","discharge","kg_day",449
2010,"4200129","environment","organic_matter","discharge","kg_day",143
2010,"4200130","environment","organic_matter","discharge","kg_day",14
2010,"4200132","environment","organic_matter","discharge","kg_day",648
2010,"4200134","environment","organic_matter","discharge","kg_day",476
2010,"4200136","environment","organic_matter","discharge","kg_day",67
2010,"4200138","environment","organic_matter","discharge","kg_day",151
2010,"4200140","environment","organic_matter","discharge","kg_day",300
2010,"4200142","environment","organic_matter","discharge","kg_day",168
2010,"4200144","environment","organic_matter","discharge","kg_day",310
2010,"4200146","environment","organic_matter","discharge","kg_day",326
2010,"4200148","environment","organic_matter","discharge","kg_day",59
2010,"4200149","environment","organic_matter","discharge","kg_day",2469
2010,"4200150","environment","organic_matter","discharge","kg_day",20
2010,"4200151","environment","organic_matter","discharge","kg_day",37
2010,"4200155","environment","organic_matter","discharge","kg_day",509
2010,"4200156","environment","organic_matter","discharge","kg_day",33
2010,"4200157","environment","organic_matter","discharge","kg_day",23
2010,"4200158","environment","organic_matter","discharge","kg_day",102
2010,"4200159","environment","organic_matter","discharge","kg_day",6
2010,"4200160","environment","organic_matter","discharge","kg_day",12
2010,"4200161","environment","organic_matter","discharge","kg_day",6
2010,"4200162","environment","organic_matter","discharge","kg_day",79
2010,"4200163","environment","organic_matter","discharge","kg_day",100
2010,"4200164","environment","organic_matter","discharge","kg_day",12
2010,"4200165","environment","organic_matter","discharge","kg_day",12
2010,"4200166","environment","organic_matter","discharge","kg_day",20
2010,"4200167","environment","organic_matter","discharge","kg_day",5
2010,"4200168","environment","organic_matter","discharge","kg_day",24
2010,"4200169","environment","organic_matter","discharge","kg_day",6
2010,"4200170","environment","organic_matter","discharge","kg_day",6
2010,"4200171","environment","organic_matter","discharge","kg_day",23
2010,"4200172","environment","organic_matter","discharge","kg_day",4
2010,"4200173","environment","organic_matter","discharge","kg_day",36
2010,"4200175","environment","organic_matter","discharge","kg_day",1380
2010,"4200176","environment","organic_matter","discharge","kg_day",3
2010,"4200177","environment","organic_matter","discharge","kg_day",287
2010,"4200180","environment","organic_matter","discharge","kg_day",94
2010,"4200181","environment","organic_matter","discharge","kg_day",28
2010,"4200182","environment","organic_matter","discharge","kg_day",488
2010,"4200183","environment","organic_matter","discharge","kg_day",16
2010,"4200184","environment","organic_matter","discharge","kg_day",9
2010,"4200185","environment","organic_matter","discharge","kg_day",8
2010,"4200186","environment","organic_matter","discharge","kg_day",21
2010,"4200188","environment","organic_matter","discharge","kg_day",118
2010,"4200189","environment","organic_matter","discharge","kg_day",201
2010,"4200190","environment","organic_matter","discharge","kg_day",100
2010,"4200191","environment","organic_matter","discharge","kg_day",6
2010,"4200193","environment","organic_matter","discharge","kg_day",1739
2010,"4200196","environment","organic_matter","discharge","kg_day",88
2010,"4200197","environment","organic_matter","discharge","kg_day",239
2010,"4200199","environment","organic_matter","discharge","kg_day",110
2010,"4200200","environment","organic_matter","discharge","kg_day",29
2010,"4200201","environment","organic_matter","discharge","kg_day",383
2010,"4200202","environment","organic_matter","discharge","kg_day",211
2010,"4200203","environment","organic_matter","discharge","kg_day",57
2010,"4200205","environment","organic_matter","discharge","kg_day",1
2010,"4200207","environment","organic_matter","discharge","kg_day",23
2010,"4200208","environment","organic_matter","discharge","kg_day",221
2010,"4200209","environment","organic_matter","discharge","kg_day",30
2010,"4200210","environment","organic_matter","discharge","kg_day",96
2010,"4200211","environment","organic_matter","discharge","kg_day",17
2010,"4200212","environment","organic_matter","discharge","kg_day",41
2010,"4200213","environment","organic_matter","discharge","kg_day",21
2010,"4200214","environment","organic_matter","discharge","kg_day",34
2010,"4200215","environment","organic_matter","discharge","kg_day",138
2010,"4200218","environment","organic_matter","discharge","kg_day",1229
2010,"4200219","environment","organic_matter","discharge","kg_day",50
2010,"4200220","environment","organic_matter","discharge","kg_day",161
2010,"4200221","environment","organic_matter","discharge","kg_day",359
2010,"4200222","environment","organic_matter","discharge","kg_day",180
2010,"4200224","environment","organic_matter","discharge","kg_day",69
2010,"4200225","environment","organic_matter","discharge","kg_day",49
2010,"4200226","environment","organic_matter","discharge","kg_day",115
2010,"4200227","environment","organic_matter","discharge","kg_day",148
2010,"4200228","environment","organic_matter","discharge","kg_day",14
2010,"4200229","environment","organic_matter","discharge","kg_day",6
2010,"4200230","environment","organic_matter","discharge","kg_day",2
2010,"4200231","environment","organic_matter","discharge","kg_day",40
2010,"4200232","environment","organic_matter","discharge","kg_day",6
2010,"4200233","environment","organic_matter","discharge","kg_day",16
2010,"4200234","environment","organic_matter","discharge","kg_day",16
2010,"4200236","environment","organic_matter","discharge","kg_day",1206
2010,"4200237","environment","organic_matter","discharge","kg_day",45
2010,"4200238","environment","organic_matter","discharge","kg_day",274
2010,"4200239","environment","organic_matter","discharge","kg_day",38
2010,"4200240","environment","organic_matter","discharge","kg_day",65
2010,"4200241","environment","organic_matter","discharge","kg_day",388
2010,"4200242","environment","organic_matter","discharge","kg_day",70
2010,"4200243","environment","organic_matter","discharge","kg_day",11
2010,"4200244","environment","organic_matter","discharge","kg_day",2
2010,"4200247","environment","organic_matter","discharge","kg_day",10
2010,"4200248","environment","organic_matter","discharge","kg_day",9
2010,"4200249","environment","organic_matter","discharge","kg_day",33
2010,"4200250","environment","organic_matter","discharge","kg_day",11
2010,"4200251","environment","organic_matter","discharge","kg_day",10
2010,"4200252","environment","organic_matter","discharge","kg_day",17
2010,"4200253","environment","organic_matter","discharge","kg_day",73
2010,"4200254","environment","organic_matter","discharge","kg_day",9
2010,"4200255","environment","organic_matter","discharge","kg_day",17
2010,"4200256","environment","organic_matter","discharge","kg_day",79
2010,"4200257","environment","organic_matter","discharge","kg_day",22
2010,"4200258","environment","organic_matter","discharge","kg_day",14
2010,"4200259","environment","organic_matter","discharge","kg_day",5
2010,"4200260","environment","organic_matter","discharge","kg_day",5
2010,"4200262","environment","organic_matter","discharge","kg_day",1571
2010,"4200263","environment","organic_matter","discharge","kg_day",271
2010,"4200264","environment","organic_matter","discharge","kg_day",38
2010,"4200265","environment","organic_matter","discharge","kg_day",73
2010,"4200266","environment","organic_matter","discharge","kg_day",40
2010,"4200267","environment","organic_matter","discharge","kg_day",22
2010,"4200268","environment","organic_matter","discharge","kg_day",577
2010,"4200269","environment","organic_matter","discharge","kg_day",16
2010,"4200270","environment","organic_matter","discharge","kg_day",67
2010,"4200271","environment","organic_matter","discharge","kg_day",10
2010,"4200272","environment","organic_matter","discharge","kg_day",1
2010,"4200273","environment","organic_matter","discharge","kg_day",141
2010,"4200274","environment","organic_matter","discharge","kg_day",47
2010,"4200275","environment","organic_matter","discharge","kg_day",4
2010,"4200276","environment","organic_matter","discharge","kg_day",1
2010,"4200277","environment","organic_matter","discharge","kg_day",0
2010,"4200278","environment","organic_matter","discharge","kg_day",18
2010,"4200279","environment","organic_matter","discharge","kg_day",19
2010,"4200280","environment","organic_matter","discharge","kg_day",47
2010,"4200281","environment","organic_matter","discharge","kg_day",38
2010,"4200282","environment","organic_matter","discharge","kg_day",37
2010,"4200283","environment","organic_matter","discharge","kg_day",3
2010,"4200284","environment","organic_matter","discharge","kg_day",33
2010,"4200285","environment","organic_matter","discharge","kg_day",62
2010,"4200286","environment","organic_matter","discharge","kg_day",2
2010,"4200288","environment","organic_matter","discharge","kg_day",977
2010,"4200293","environment","organic_matter","discharge","kg_day",104
2010,"4200295","environment","organic_matter","discharge","kg_day",12
2010,"4200297","environment","organic_matter","discharge","kg_day",134
2010,"4200299","environment","organic_matter","discharge","kg_day",50
2010,"4200301","environment","organic_matter","discharge","kg_day",14
2010,"4200302","environment","organic_matter","discharge","kg_day",32
2010,"4200303","environment","organic_matter","discharge","kg_day",124
2010,"4200305","environment","organic_matter","discharge","kg_day",32
2010,"4200306","environment","organic_matter","discharge","kg_day",51
2010,"4200307","environment","organic_matter","discharge","kg_day",33
2010,"4200308","environment","organic_matter","discharge","kg_day",23
2010,"4200309","environment","organic_matter","discharge","kg_day",2
2010,"4200310","environment","organic_matter","discharge","kg_day",148
2010,"4200311","environment","organic_matter","discharge","kg_day",4
2010,"4200312","environment","organic_matter","discharge","kg_day",19
2010,"4200313","environment","organic_matter","discharge","kg_day",4
2010,"4200314","environment","organic_matter","discharge","kg_day",17
2010,"4200315","environment","organic_matter","discharge","kg_day",77
2010,"4200316","environment","organic_matter","discharge","kg_day",31
2010,"4200317","environment","organic_matter","discharge","kg_day",22
2010,"4200318","environment","organic_matter","discharge","kg_day",4
2010,"4200319","environment","organic_matter","discharge","kg_day",40
2010,"4200321","environment","organic_matter","discharge","kg_day",112
2010,"4200322","environment","organic_matter","discharge","kg_day",28
2010,"4200323","environment","organic_matter","discharge","kg_day",85
2015,"4200002","environment","organic_matter","discharge","kg_day",347
2015,"4200003","environment","organic_matter","discharge","kg_day",4
2015,"4200004","environment","organic_matter","discharge","kg_day",8
2015,"4200005","environment","organic_matter","discharge","kg_day",6
2015,"4200006","environment","organic_matter","discharge","kg_day",22
2015,"4200007","environment","organic_matter","discharge","kg_day",44
2015,"4200008","environment","organic_matter","discharge","kg_day",8
2015,"4200009","environment","organic_matter","discharge","kg_day",6
2015,"4200010","environment","organic_matter","discharge","kg_day",8
2015,"4200011","environment","organic_matter","discharge","kg_day",4
2015,"4200012","environment","organic_matter","discharge","kg_day",4
2015,"4200013","environment","organic_matter","discharge","kg_day",6
2015,"4200014","environment","organic_matter","discharge","kg_day",2
2015,"4200015","environment","organic_matter","discharge","kg_day",5
2015,"4200016","environment","organic_matter","discharge","kg_day",13
2015,"4200017","environment","organic_matter","discharge","kg_day",20
2015,"4200018","environment","organic_matter","discharge","kg_day",17
2015,"4200019","environment","organic_matter","discharge","kg_day",11
2015,"4200020","environment","organic_matter","discharge","kg_day",14
2015,"4200021","environment","organic_matter","discharge","kg_day",25
2015,"4200022","environment","organic_matter","discharge","kg_day",11
2015,"4200023","environment","organic_matter","discharge","kg_day",14
2015,"4200024","environment","organic_matter","discharge","kg_day",26
2015,"4200025","environment","organic_matter","discharge","kg_day",22
2015,"4200026","environment","organic_matter","discharge","kg_day",19
2015,"4200027","environment","organic_matter","discharge","kg_day",26
2015,"4200029","environment","organic_matter","discharge","kg_day",562
2015,"4200030","environment","organic_matter","discharge","kg_day",0
2015,"4200031","environment","organic_matter","discharge","kg_day",16
2015,"4200032","environment","organic_matter","discharge","kg_day",0
2015,"4200033","environment","organic_matter","discharge","kg_day",0
2015,"4200034","environment","organic_matter","discharge","kg_day",2
2015,"4200035","environment","organic_matter","discharge","kg_day",10
2015,"4200036","environment","organic_matter","discharge","kg_day",120
2015,"4200037","environment","organic_matter","discharge","kg_day",13
2015,"4200038","environment","organic_matter","discharge","kg_day",25
2015,"4200039","environment","organic_matter","discharge","kg_day",164
2015,"4200040","environment","organic_matter","discharge","kg_day",10
2015,"4200041","environment","organic_matter","discharge","kg_day",133
2015,"4200042","environment","organic_matter","discharge","kg_day",1
2015,"4200043","environment","organic_matter","discharge","kg_day",1
2015,"4200044","environment","organic_matter","discharge","kg_day",21
2015,"4200045","environment","organic_matter","discharge","kg_day",45
2015,"4200047","environment","organic_matter","discharge","kg_day",515
2015,"4200048","environment","organic_matter","discharge","kg_day",1
2015,"4200049","environment","organic_matter","discharge","kg_day",9
2015,"4200050","environment","organic_matter","discharge","kg_day",247
2015,"4200051","environment","organic_matter","discharge","kg_day",0
2015,"4200052","environment","organic_matter","discharge","kg_day",15
2015,"4200053","environment","organic_matter","discharge","kg_day",2
2015,"4200054","environment","organic_matter","discharge","kg_day",26
2015,"4200055","environment","organic_matter","discharge","kg_day",215
2015,"4200057","environment","organic_matter","discharge","kg_day",960
2015,"4200058","environment","organic_matter","discharge","kg_day",78
2015,"4200059","environment","organic_matter","discharge","kg_day",79
2015,"4200060","environment","organic_matter","discharge","kg_day",92
2015,"4200061","environment","organic_matter","discharge","kg_day",37
2015,"4200062","environment","organic_matter","discharge","kg_day",188
2015,"4200063","environment","organic_matter","discharge","kg_day",44
2015,"4200064","environment","organic_matter","discharge","kg_day",10
2015,"4200065","environment","organic_matter","discharge","kg_day",407
2015,"4200066","environment","organic_matter","discharge","kg_day",25
2015,"4200067","environment","organic_matter","discharge","kg_day",1
2015,"4200069","environment","organic_matter","discharge","kg_day",79
2015,"4200070","environment","organic_matter","discharge","kg_day",8
2015,"4200071","environment","organic_matter","discharge","kg_day",15
2015,"4200072","environment","organic_matter","discharge","kg_day",9
2015,"4200073","environment","organic_matter","discharge","kg_day",23
2015,"4200074","environment","organic_matter","discharge","kg_day",23
2015,"4200076","environment","organic_matter","discharge","kg_day",111
2015,"4200077","environment","organic_matter","discharge","kg_day",2
2015,"4200078","environment","organic_matter","discharge","kg_day",3
2015,"4200079","environment","organic_matter","discharge","kg_day",6
2015,"4200080","environment","organic_matter","discharge","kg_day",33
2015,"4200081","environment","organic_matter","discharge","kg_day",68
2015,"4200083","environment","organic_matter","discharge","kg_day",1242
2015,"4200084","environment","organic_matter","discharge","kg_day",2
2015,"4200085","environment","organic_matter","discharge","kg_day",706
2015,"4200086","environment","organic_matter","discharge","kg_day",3
2015,"4200087","environment","organic_matter","discharge","kg_day",81
2015,"4200088","environment","organic_matter","discharge","kg_day",450
2015,"4200090","environment","organic_matter","discharge","kg_day",253
2015,"4200092","environment","organic_matter","discharge","kg_day",4609
2015,"4200093","environment","organic_matter","discharge","kg_day",17
2015,"4200094","environment","organic_matter","discharge","kg_day",20
2015,"4200095","environment","organic_matter","discharge","kg_day",2
2015,"4200096","environment","organic_matter","discharge","kg_day",16
2015,"4200098","environment","organic_matter","discharge","kg_day",53
2015,"4200099","environment","organic_matter","discharge","kg_day",87
2015,"4200100","environment","organic_matter","discharge","kg_day",103
2015,"4200101","environment","organic_matter","discharge","kg_day",9
2015,"4200102","environment","organic_matter","discharge","kg_day",4
2015,"4200103","environment","organic_matter","discharge","kg_day",8
2015,"4200104","environment","organic_matter","discharge","kg_day",60
2015,"4200105","environment","organic_matter","discharge","kg_day",5
2015,"4200106","environment","organic_matter","discharge","kg_day",15
2015,"4200108","environment","organic_matter","discharge","kg_day",40
2015,"4200109","environment","organic_matter","discharge","kg_day",356
2015,"4200110","environment","organic_matter","discharge","kg_day",95
2015,"4200112","environment","organic_matter","discharge","kg_day",535
2015,"4200113","environment","organic_matter","discharge","kg_day",22
2015,"4200115","environment","organic_matter","discharge","kg_day",18
2015,"4200117","environment","organic_matter","discharge","kg_day",24
2015,"4200118","environment","organic_matter","discharge","kg_day",5
2015,"4200119","environment","organic_matter","discharge","kg_day",1
2015,"4200120","environment","organic_matter","discharge","kg_day",22
2015,"4200121","environment","organic_matter","discharge","kg_day",95
2015,"4200122","environment","organic_matter","discharge","kg_day",69
2015,"4200123","environment","organic_matter","discharge","kg_day",333
2015,"4200124","environment","organic_matter","discharge","kg_day",31
2015,"4200125","environment","organic_matter","discharge","kg_day",3
2015,"4200126","environment","organic_matter","discharge","kg_day",33
2015,"4200128","environment","organic_matter","discharge","kg_day",78
2015,"4200129","environment","organic_matter","discharge","kg_day",255
2015,"4200130","environment","organic_matter","discharge","kg_day",26
2015,"4200132","environment","organic_matter","discharge","kg_day",295
2015,"4200134","environment","organic_matter","discharge","kg_day",240
2015,"4200136","environment","organic_matter","discharge","kg_day",77
2015,"4200138","environment","organic_matter","discharge","kg_day",132
2015,"4200140","environment","organic_matter","discharge","kg_day",574
2015,"4200142","environment","organic_matter","discharge","kg_day",28
2015,"4200144","environment","organic_matter","discharge","kg_day",373
2015,"4200146","environment","organic_matter","discharge","kg_day",307
2015,"4200148","environment","organic_matter","discharge","kg_day",65
2015,"4200149","environment","organic_matter","discharge","kg_day",36
2015,"4200150","environment","organic_matter","discharge","kg_day",15
2015,"4200151","environment","organic_matter","discharge","kg_day",26
2015,"4200155","environment","organic_matter","discharge","kg_day",964
2015,"4200156","environment","organic_matter","discharge","kg_day",7
2015,"4200157","environment","organic_matter","discharge","kg_day",50
2015,"4200158","environment","organic_matter","discharge","kg_day",85
2015,"4200159","environment","organic_matter","discharge","kg_day",306
2015,"4200160","environment","organic_matter","discharge","kg_day",56
2015,"4200161","environment","organic_matter","discharge","kg_day",7
2015,"4200162","environment","organic_matter","discharge","kg_day",112
2015,"4200163","environment","organic_matter","discharge","kg_day",46
2015,"4200164","environment","organic_matter","discharge","kg_day",37
2015,"4200165","environment","organic_matter","discharge","kg_day",8
2015,"4200166","environment","organic_matter","discharge","kg_day",115
2015,"4200167","environment","organic_matter","discharge","kg_day",26
2015,"4200168","environment","organic_matter","discharge","kg_day",16
2015,"4200169","environment","organic_matter","discharge","kg_day",3
2015,"4200170","environment","organic_matter","discharge","kg_day",8
2015,"4200171","environment","organic_matter","discharge","kg_day",32
2015,"4200172","environment","organic_matter","discharge","kg_day",12
2015,"4200173","environment","organic_matter","discharge","kg_day",40
2015,"4200175","environment","organic_matter","discharge","kg_day",1011
2015,"4200176","environment","organic_matter","discharge","kg_day",9
2015,"4200177","environment","organic_matter","discharge","kg_day",457
2015,"4200180","environment","organic_matter","discharge","kg_day",101
2015,"4200181","environment","organic_matter","discharge","kg_day",36
2015,"4200182","environment","organic_matter","discharge","kg_day",70
2015,"4200183","environment","organic_matter","discharge","kg_day",16
2015,"4200184","environment","organic_matter","discharge","kg_day",7
2015,"4200185","environment","organic_matter","discharge","kg_day",12
2015,"4200186","environment","organic_matter","discharge","kg_day",12
2015,"4200188","environment","organic_matter","discharge","kg_day",120
2015,"4200189","environment","organic_matter","discharge","kg_day",39
2015,"4200190","environment","organic_matter","discharge","kg_day",122
2015,"4200191","environment","organic_matter","discharge","kg_day",10
2015,"4200193","environment","organic_matter","discharge","kg_day",3058
2015,"4200196","environment","organic_matter","discharge","kg_day",121
2015,"4200197","environment","organic_matter","discharge","kg_day",1175
2015,"4200199","environment","organic_matter","discharge","kg_day",22
2015,"4200200","environment","organic_matter","discharge","kg_day",36
2015,"4200201","environment","organic_matter","discharge","kg_day",246
2015,"4200202","environment","organic_matter","discharge","kg_day",575
2015,"4200203","environment","organic_matter","discharge","kg_day",39
2015,"4200205","environment","organic_matter","discharge","kg_day",1
2015,"4200207","environment","organic_matter","discharge","kg_day",50
2015,"4200209","environment","organic_matter","discharge","kg_day",51
2015,"4200210","environment","organic_matter","discharge","kg_day",276
2015,"4200211","environment","organic_matter","discharge","kg_day",11
2015,"4200212","environment","organic_matter","discharge","kg_day",75
2015,"4200213","environment","organic_matter","discharge","kg_day",19
2015,"4200214","environment","organic_matter","discharge","kg_day",52
2015,"4200216","environment","organic_matter","discharge","kg_day",309
2015,"4200218","environment","organic_matter","discharge","kg_day",1975
2015,"4200219","environment","organic_matter","discharge","kg_day",12
2015,"4200220","environment","organic_matter","discharge","kg_day",949
2015,"4200221","environment","organic_matter","discharge","kg_day",206
2015,"4200222","environment","organic_matter","discharge","kg_day",221
2015,"4200223","environment","organic_matter","discharge","kg_day",43
2015,"4200224","environment","organic_matter","discharge","kg_day",26
2015,"4200225","environment","organic_matter","discharge","kg_day",204
2015,"4200227","environment","organic_matter","discharge","kg_day",174
2015,"4200228","environment","organic_matter","discharge","kg_day",16
2015,"4200229","environment","organic_matter","discharge","kg_day",3
2015,"4200230","environment","organic_matter","discharge","kg_day",2
2015,"4200231","environment","organic_matter","discharge","kg_day",14
2015,"4200232","environment","organic_matter","discharge","kg_day",11
2015,"4200233","environment","organic_matter","discharge","kg_day",19
2015,"4200234","environment","organic_matter","discharge","kg_day",75
2015,"4200236","environment","organic_matter","discharge","kg_day",966
2015,"4200237","environment","organic_matter","discharge","kg_day",22
2015,"4200238","environment","organic_matter","discharge","kg_day",367
2015,"4200239","environment","organic_matter","discharge","kg_day",60
2015,"4200240","environment","organic_matter","discharge","kg_day",39
2015,"4200241","environment","organic_matter","discharge","kg_day",98
2015,"4200242","environment","organic_matter","discharge","kg_day",66
2015,"4200243","environment","organic_matter","discharge","kg_day",4
2015,"4200244","environment","organic_matter","discharge","kg_day",5
2015,"4200247","environment","organic_matter","discharge","kg_day",1
2015,"4200248","environment","organic_matter","discharge","kg_day",4
2015,"4200249","environment","organic_matter","discharge","kg_day",69
2015,"4200250","environment","organic_matter","discharge","kg_day",22
2015,"4200251","environment","organic_matter","discharge","kg_day",17
2015,"4200252","environment","organic_matter","discharge","kg_day",8
2015,"4200253","environment","organic_matter","discharge","kg_day",107
2015,"4200254","environment","organic_matter","discharge","kg_day",5
2015,"4200255","environment","organic_matter","discharge","kg_day",15
2015,"4200256","environment","organic_matter","discharge","kg_day",30
2015,"4200257","environment","organic_matter","discharge","kg_day",11
2015,"4200258","environment","organic_matter","discharge","kg_day",10
2015,"4200259","environment","organic_matter","discharge","kg_day",2
2015,"4200260","environment","organic_matter","discharge","kg_day",4
2015,"4200262","environment","organic_matter","discharge","kg_day",1979
2015,"4200263","environment","organic_matter","discharge","kg_day",764
2015,"4200264","environment","organic_matter","discharge","kg_day",16
2015,"4200265","environment","organic_matter","discharge","kg_day",336
2015,"4200266","environment","organic_matter","discharge","kg_day",51
2015,"4200267","environment","organic_matter","discharge","kg_day",19
2015,"4200268","environment","organic_matter","discharge","kg_day",418
2015,"4200269","environment","organic_matter","discharge","kg_day",19
2015,"4200270","environment","organic_matter","discharge","kg_day",25
2015,"4200271","environment","organic_matter","discharge","kg_day",19
2015,"4200272","environment","organic_matter","discharge","kg_day",3
2015,"4200273","environment","organic_matter","discharge","kg_day",104
2015,"4200274","environment","organic_matter","discharge","kg_day",27
2015,"4200275","environment","organic_matter","discharge","kg_day",4
2015,"4200276","environment","organic_matter","discharge","kg_day",3
2015,"4200277","environment","organic_matter","discharge","kg_day",2
2015,"4200278","environment","organic_matter","discharge","kg_day",23
2015,"4200279","environment","organic_matter","discharge","kg_day",21
2015,"4200280","environment","organic_matter","discharge","kg_day",22
2015,"4200281","environment","organic_matter","discharge","kg_day",24
2015,"4200282","environment","organic_matter","discharge","kg_day",37
2015,"4200283","environment","organic_matter","discharge","kg_day",3
2015,"4200284","environment","organic_matter","discharge","kg_day",16
2015,"4200285","environment","organic_matter","discharge","kg_day",21
2015,"4200286","environment","organic_matter","discharge","kg_day",2
2015,"4200288","environment","organic_matter","discharge","kg_day",1125
2015,"4200293","environment","organic_matter","discharge","kg_day",47
2015,"4200295","environment","organic_matter","discharge","kg_day",6
2015,"4200297","environment","organic_matter","discharge","kg_day",114
2015,"4200299","environment","organic_matter","discharge","kg_day",207
2015,"4200301","environment","organic_matter","discharge","kg_day",17
2015,"4200302","environment","organic_matter","discharge","kg_day",42
2015,"4200303","environment","organic_matter","discharge","kg_day",98
2015,"4200305","environment","organic_matter","discharge","kg_day",21
2015,"4200306","environment","organic_matter","discharge","kg_day",63
2015,"4200307","environment","organic_matter","discharge","kg_day",16
2015,"4200308","environment","organic_matter","discharge","kg_day",18
2015,"4200309","environment","organic_matter","discharge","kg_day",2
2015,"4200310","environment","organic_matter","discharge","kg_day",60
2015,"4200311","environment","organic_matter","discharge","kg_day",2
2015,"4200312","environment","organic_matter","discharge","kg_day",5
2015,"4200313","environment","organic_matter","discharge","kg_day",12
2015,"4200314","environment","organic_matter","discharge","kg_day",12
2015,"4200315","environment","organic_matter","discharge","kg_day",198
2015,"4200316","environment","organic_matter","discharge","kg_day",107
2015,"4200317","environment","organic_matter","discharge","kg_day",13
2015,"4200318","environment","organic_matter","discharge","kg_day",8
2015,"4200319","environment","organic_matter","discharge","kg_day",56
2015,"4200321","environment","organic_matter","discharge","kg_day",83
2015,"4200322","environment","organic_matter","discharge","kg_day",37
2015,"4200323","environment","organic_matter","discharge","kg_day",46
2020,"4200002","environment","organic_matter","discharge","kg_day",265
2020,"4200003","environment","organic_matter","discharge","kg_day",4
2020,"4200004","environment","organic_matter","discharge","kg_day",6
2020,"4200005","environment","organic_matter","discharge","kg_day",7
2020,"4200006","environment","organic_matter","discharge","kg_day",27
2020,"4200007","environment","organic_matter","discharge","kg_day",50
2020,"4200008","environment","organic_matter","discharge","kg_day",4
2020,"4200009","environment","organic_matter","discharge","kg_day",3
2020,"4200010","environment","organic_matter","discharge","kg_day",4
2020,"4200011","environment","organic_matter","discharge","kg_day",2
2020,"4200012","environment","organic_matter","discharge","kg_day",4
2020,"4200013","environment","organic_matter","discharge","kg_day",9
2020,"4200014","environment","organic_matter","discharge","kg_day",1
2020,"4200015","environment","organic_matter","discharge","kg_day",2
2020,"4200016","environment","organic_matter","discharge","kg_day",1
2020,"4200017","environment","organic_matter","discharge","kg_day",8
2020,"4200018","environment","organic_matter","discharge","kg_day",12
2020,"4200019","environment","organic_matter","discharge","kg_day",30
2020,"4200020","environment","organic_matter","discharge","kg_day",5
2020,"4200021","environment","organic_matter","discharge","kg_day",20
2020,"4200022","environment","organic_matter","discharge","kg_day",5
2020,"4200023","environment","organic_matter","discharge","kg_day",5
2020,"4200024","environment","organic_matter","discharge","kg_day",9
2020,"4200025","environment","organic_matter","discharge","kg_day",18
2020,"4200026","environment","organic_matter","discharge","kg_day",10
2020,"4200027","environment","organic_matter","discharge","kg_day",20
2020,"4200029","environment","organic_matter","discharge","kg_day",629
2020,"4200030","environment","organic_matter","discharge","kg_day",1
2020,"4200031","environment","organic_matter","discharge","kg_day",11
2020,"4200032","environment","organic_matter","discharge","kg_day",0
2020,"4200033","environment","organic_matter","discharge","kg_day",3
2020,"4200034","environment","organic_matter","discharge","kg_day",1
2020,"4200035","environment","organic_matter","discharge","kg_day",18
2020,"4200036","environment","organic_matter","discharge","kg_day",62
2020,"4200037","environment","organic_matter","discharge","kg_day",25
2020,"4200038","environment","organic_matter","discharge","kg_day",3
2020,"4200039","environment","organic_matter","discharge","kg_day",336
2020,"4200040","environment","organic_matter","discharge","kg_day",12
2020,"4200041","environment","organic_matter","discharge","kg_day",117
2020,"4200042","environment","organic_matter","discharge","kg_day",0
2020,"4200043","environment","organic_matter","discharge","kg_day",0
2020,"4200044","environment","organic_matter","discharge","kg_day",7
2020,"4200045","environment","organic_matter","discharge","kg_day",31
2020,"4200047","environment","organic_matter","discharge","kg_day",423
2020,"4200048","environment","organic_matter","discharge","kg_day",0
2020,"4200049","environment","organic_matter","discharge","kg_day",3
2020,"4200050","environment","organic_matter","discharge","kg_day",176
2020,"4200051","environment","organic_matter","discharge","kg_day",0
2020,"4200052","environment","organic_matter","discharge","kg_day",9
2020,"4200053","environment","organic_matter","discharge","kg_day",2
2020,"4200054","environment","organic_matter","discharge","kg_day",172
2020,"4200055","environment","organic_matter","discharge","kg_day",61
2020,"4200057","environment","organic_matter","discharge","kg_day",743
2020,"4200058","environment","organic_matter","discharge","kg_day",32
2020,"4200059","environment","organic_matter","discharge","kg_day",60
2020,"4200060","environment","organic_matter","discharge","kg_day",21
2020,"4200061","environment","organic_matter","discharge","kg_day",46
2020,"4200062","environment","organic_matter","discharge","kg_day",155
2020,"4200063","environment","organic_matter","discharge","kg_day",38
2020,"4200064","environment","organic_matter","discharge","kg_day",2
2020,"4200065","environment","organic_matter","discharge","kg_day",379
2020,"4200066","environment","organic_matter","discharge","kg_day",10
2020,"4200067","environment","organic_matter","discharge","kg_day",0
2020,"4200069","environment","organic_matter","discharge","kg_day",85
2020,"4200070","environment","organic_matter","discharge","kg_day",4
2020,"4200071","environment","organic_matter","discharge","kg_day",21
2020,"4200072","environment","organic_matter","discharge","kg_day",7
2020,"4200073","environment","organic_matter","discharge","kg_day",33
2020,"4200074","environment","organic_matter","discharge","kg_day",20
2020,"4200076","environment","organic_matter","discharge","kg_day",69
2020,"4200077","environment","organic_matter","discharge","kg_day",0
2020,"4200078","environment","organic_matter","discharge","kg_day",0
2020,"4200079","environment","organic_matter","discharge","kg_day",5
2020,"4200080","environment","organic_matter","discharge","kg_day",10
2020,"4200081","environment","organic_matter","discharge","kg_day",53
2020,"4200083","environment","organic_matter","discharge","kg_day",1384
2020,"4200084","environment","organic_matter","discharge","kg_day",3
2020,"4200085","environment","organic_matter","discharge","kg_day",524
2020,"4200086","environment","organic_matter","discharge","kg_day",2
2020,"4200087","environment","organic_matter","discharge","kg_day",45
2020,"4200088","environment","organic_matter","discharge","kg_day",809
2020,"4200090","environment","organic_matter","discharge","kg_day",282
2020,"4200092","environment","organic_matter","discharge","kg_day",4288
2020,"4200093","environment","organic_matter","discharge","kg_day",236
2020,"4200094","environment","organic_matter","discharge","kg_day",4
2020,"4200095","environment","organic_matter","discharge","kg_day",3
2020,"4200096","environment","organic_matter","discharge","kg_day",23
2020,"4200098","environment","organic_matter","discharge","kg_day",8
2020,"4200099","environment","organic_matter","discharge","kg_day",6
2020,"4200100","environment","organic_matter","discharge","kg_day",30
2020,"4200101","environment","organic_matter","discharge","kg_day",10
2020,"4200102","environment","organic_matter","discharge","kg_day",3
2020,"4200103","environment","organic_matter","discharge","kg_day",4
2020,"4200153","environment","organic_matter","discharge","kg_day",51
2020,"4200108","environment","organic_matter","discharge","kg_day",15
2020,"4200109","environment","organic_matter","discharge","kg_day",394
2020,"4200110","environment","organic_matter","discharge","kg_day",48
2020,"4200112","environment","organic_matter","discharge","kg_day",474
2020,"4200113","environment","organic_matter","discharge","kg_day",15
2020,"4200115","environment","organic_matter","discharge","kg_day",29
2020,"4200117","environment","organic_matter","discharge","kg_day",24
2020,"4200118","environment","organic_matter","discharge","kg_day",10
2020,"4200119","environment","organic_matter","discharge","kg_day",2
2020,"4200120","environment","organic_matter","discharge","kg_day",15
2020,"4200121","environment","organic_matter","discharge","kg_day",357
2020,"4200122","environment","organic_matter","discharge","kg_day",8
2020,"4200123","environment","organic_matter","discharge","kg_day",281
2020,"4200124","environment","organic_matter","discharge","kg_day",19
2020,"4200125","environment","organic_matter","discharge","kg_day",7
2020,"4200126","environment","organic_matter","discharge","kg_day",20
2020,"4200128","environment","organic_matter","discharge","kg_day",143
2020,"4200129","environment","organic_matter","discharge","kg_day",195
2020,"4200130","environment","organic_matter","discharge","kg_day",11
2020,"4200132","environment","organic_matter","discharge","kg_day",294
2020,"4200134","environment","organic_matter","discharge","kg_day",174
2020,"4200136","environment","organic_matter","discharge","kg_day",149
2020,"4200138","environment","organic_matter","discharge","kg_day",60
2020,"4200140","environment","organic_matter","discharge","kg_day",456
2020,"4200142","environment","organic_matter","discharge","kg_day",6
2020,"4200144","environment","organic_matter","discharge","kg_day",188
2020,"4200146","environment","organic_matter","discharge","kg_day",436
2020,"4200152","environment","organic_matter","discharge","kg_day",33
2020,"4200149","environment","organic_matter","discharge","kg_day",9
2020,"4200150","environment","organic_matter","discharge","kg_day",12
2020,"4200151","environment","organic_matter","discharge","kg_day",27
2020,"4200155","environment","organic_matter","discharge","kg_day",977
2020,"4200156","environment","organic_matter","discharge","kg_day",5
2020,"4200157","environment","organic_matter","discharge","kg_day",24
2020,"4200158","environment","organic_matter","discharge","kg_day",45
2020,"4200159","environment","organic_matter","discharge","kg_day",20
2020,"4200160","environment","organic_matter","discharge","kg_day",9
2020,"4200161","environment","organic_matter","discharge","kg_day",14
2020,"4200162","environment","organic_matter","discharge","kg_day",702
2020,"4200163","environment","organic_matter","discharge","kg_day",35
2020,"4200164","environment","organic_matter","discharge","kg_day",12
2020,"4200165","environment","organic_matter","discharge","kg_day",2
2020,"4200166","environment","organic_matter","discharge","kg_day",9
2020,"4200167","environment","organic_matter","discharge","kg_day",34
2020,"4200168","environment","organic_matter","discharge","kg_day",1
2020,"4200169","environment","organic_matter","discharge","kg_day",8
2020,"4200170","environment","organic_matter","discharge","kg_day",20
2020,"4200171","environment","organic_matter","discharge","kg_day",8
2020,"4200172","environment","organic_matter","discharge","kg_day",14
2020,"4200173","environment","organic_matter","discharge","kg_day",14
2020,"4200175","environment","organic_matter","discharge","kg_day",1201
2020,"4200176","environment","organic_matter","discharge","kg_day",2
2020,"4200177","environment","organic_matter","discharge","kg_day",622
2020,"4200178","environment","organic_matter","discharge","kg_day",9
2020,"4200179","environment","organic_matter","discharge","kg_day",39
2020,"4200180","environment","organic_matter","discharge","kg_day",74
2020,"4200181","environment","organic_matter","discharge","kg_day",40
2020,"4200183","environment","organic_matter","discharge","kg_day",6
2020,"4200184","environment","organic_matter","discharge","kg_day",4
2020,"4200185","environment","organic_matter","discharge","kg_day",10
2020,"4200186","environment","organic_matter","discharge","kg_day",10
2020,"4200188","environment","organic_matter","discharge","kg_day",53
2020,"4200189","environment","organic_matter","discharge","kg_day",49
2020,"4200190","environment","organic_matter","discharge","kg_day",274
2020,"4200191","environment","organic_matter","discharge","kg_day",10
2020,"4200193","environment","organic_matter","discharge","kg_day",1594
2020,"4200196","environment","organic_matter","discharge","kg_day",85
2020,"4200197","environment","organic_matter","discharge","kg_day",68
2020,"4200199","environment","organic_matter","discharge","kg_day",38
2020,"4200200","environment","organic_matter","discharge","kg_day",14
2020,"4200201","environment","organic_matter","discharge","kg_day",137
2020,"4200202","environment","organic_matter","discharge","kg_day",499
2020,"4200203","environment","organic_matter","discharge","kg_day",119
2020,"4200205","environment","organic_matter","discharge","kg_day",1
2020,"4200207","environment","organic_matter","discharge","kg_day",57
2020,"4200209","environment","organic_matter","discharge","kg_day",76
2020,"4200210","environment","organic_matter","discharge","kg_day",88
2020,"4200211","environment","organic_matter","discharge","kg_day",11
2020,"4200212","environment","organic_matter","discharge","kg_day",55
2020,"4200213","environment","organic_matter","discharge","kg_day",57
2020,"4200214","environment","organic_matter","discharge","kg_day",11
2020,"4200216","environment","organic_matter","discharge","kg_day",277
2020,"4200218","environment","organic_matter","discharge","kg_day",1461
2020,"4200219","environment","organic_matter","discharge","kg_day",10
2020,"4200220","environment","organic_matter","discharge","kg_day",117
2020,"4200221","environment","organic_matter","discharge","kg_day",422
2020,"4200222","environment","organic_matter","discharge","kg_day",147
2020,"4200224","environment","organic_matter","discharge","kg_day",227
2020,"4200225","environment","organic_matter","discharge","kg_day",10
2020,"4200226","environment","organic_matter","discharge","kg_day",199
2020,"4200227","environment","organic_matter","discharge","kg_day",248
2020,"4200228","environment","organic_matter","discharge","kg_day",14
2020,"4200229","environment","organic_matter","discharge","kg_day",2
2020,"4200230","environment","organic_matter","discharge","kg_day",1
2020,"4200231","environment","organic_matter","discharge","kg_day",14
2020,"4200232","environment","organic_matter","discharge","kg_day",13
2020,"4200233","environment","organic_matter","discharge","kg_day",21
2020,"4200234","environment","organic_matter","discharge","kg_day",15
2020,"4200236","environment","organic_matter","discharge","kg_day",1649
2020,"4200237","environment","organic_matter","discharge","kg_day",15
2020,"4200238","environment","organic_matter","discharge","kg_day",540
2020,"4200239","environment","organic_matter","discharge","kg_day",48
2020,"4200240","environment","organic_matter","discharge","kg_day",45
2020,"4200241","environment","organic_matter","discharge","kg_day",601
2020,"4200242","environment","organic_matter","discharge","kg_day",31
2020,"4200243","environment","organic_matter","discharge","kg_day",1
2020,"4200244","environment","organic_matter","discharge","kg_day",9
2020,"4200247","environment","organic_matter","discharge","kg_day",18
2020,"4200248","environment","organic_matter","discharge","kg_day",9
2020,"4200249","environment","organic_matter","discharge","kg_day",20
2020,"4200250","environment","organic_matter","discharge","kg_day",26
2020,"4200251","environment","organic_matter","discharge","kg_day",40
2020,"4200252","environment","organic_matter","discharge","kg_day",22
2020,"4200253","environment","organic_matter","discharge","kg_day",74
2020,"4200254","environment","organic_matter","discharge","kg_day",30
2020,"4200255","environment","organic_matter","discharge","kg_day",12
2020,"4200256","environment","organic_matter","discharge","kg_day",29
2020,"4200257","environment","organic_matter","discharge","kg_day",20
2020,"4200258","environment","organic_matter","discharge","kg_day",34
2020,"4200259","environment","organic_matter","discharge","kg_day",23
2020,"4200260","environment","organic_matter","discharge","kg_day",1
2020,"4200262","environment","organic_matter","discharge","kg_day",1623
2020,"4200263","environment","organic_matter","discharge","kg_day",790
2020,"4200264","environment","organic_matter","discharge","kg_day",15
2020,"4200265","environment","organic_matter","discharge","kg_day",49
2020,"4200266","environment","organic_matter","discharge","kg_day",37
2020,"4200267","environment","organic_matter","discharge","kg_day",26
2020,"4200268","environment","organic_matter","discharge","kg_day",256
2020,"4200269","environment","organic_matter","discharge","kg_day",23
2020,"4200270","environment","organic_matter","discharge","kg_day",27
2020,"4200271","environment","organic_matter","discharge","kg_day",10
2020,"4200272","environment","organic_matter","discharge","kg_day",3
2020,"4200273","environment","organic_matter","discharge","kg_day",104
2020,"4200274","environment","organic_matter","discharge","kg_day",33
2020,"4200275","environment","organic_matter","discharge","kg_day",15
2020,"4200276","environment","organic_matter","discharge","kg_day",6
2020,"4200277","environment","organic_matter","discharge","kg_day",0
2020,"4200278","environment","organic_matter","discharge","kg_day",13
2020,"4200279","environment","organic_matter","discharge","kg_day",3
2020,"4200280","environment","organic_matter","discharge","kg_day",31
2020,"4200281","environment","organic_matter","discharge","kg_day",21
2020,"4200282","environment","organic_matter","discharge","kg_day",65
2020,"4200283","environment","organic_matter","discharge","kg_day",16
2020,"4200284","environment","organic_matter","discharge","kg_day",28
2020,"4200285","environment","organic_matter","discharge","kg_day",49
2020,"4200286","environment","organic_matter","discharge","kg_day",1
2020,"4200288","environment","organic_matter","discharge","kg_day",727
2020,"4200293","environment","organic_matter","discharge","kg_day",41
2020,"4200295","environment","organic_matter","discharge","kg_day",15
2020,"4200297","environment","organic_matter","discharge","kg_day",94
2020,"4200299","environment","organic_matter","discharge","kg_day",30
2020,"4200301","environment","organic_matter","discharge","kg_day",17
2020,"4200302","environment","organic_matter","discharge","kg_day",108
2020,"4200303","environment","organic_matter","discharge","kg_day",51
2020,"4200305","environment","organic_matter","discharge","kg_day",10
2020,"4200306","environment","organic_matter","discharge","kg_day",39
2020,"4200307","environment","organic_matter","discharge","kg_day",49
2020,"4200308","environment","organic_matter","discharge","kg_day",23
2020,"4200309","environment","organic_matter","discharge","kg_day",5
2020,"4200310","environment","organic_matter","discharge","kg_day",23
2020,"4200311","environment","organic_matter","discharge","kg_day",1
2020,"4200312","environment","organic_matter","discharge","kg_day",61
2020,"4200313","environment","organic_matter","discharge","kg_day",5
2020,"4200314","environment","organic_matter","discharge","kg_day",12
2020,"4200315","environment","organic_matter","discharge","kg_day",105
2020,"4200316","environment","organic_matter","discharge","kg_day",21
2020,"4200317","environment","organic_matter","discharge","kg_day",2
2020,"4200318","environment","organic_matter","discharge","kg_day",2
2020,"4200319","environment","organic_matter","discharge","kg_day",14
2020,"4200321","environment","organic_matter","discharge","kg_day",101
2020,"4200322","environment","organic_matter","discharge","kg_day",49
2020,"4200323","environment","organic_matter","discharge","kg_day",52
